space,case_index,canonical_key,step,credit_cross_entropy
level1_no_side_info,0,"[[0,0,0,1],[0,0,1,0],[1,1,1,0]]",0,0.09116077839697723
level1_no_side_info,0,"[[0,0,0,1],[0,0,1,0],[1,1,1,0]]",1,0.18904992830644018
level1_no_side_info,0,"[[0,0,0,1],[0,0,1,0],[1,1,1,0]]",2,0.2524638005059724
level1_no_side_info,0,"[[0,0,0,1],[0,0,1,0],[1,1,1,0]]",4,0.32818826165444615
level1_no_side_info,0,"[[0,0,0,1],[0,0,1,0],[1,1,1,0]]",8,0.39529450909261066
level1_no_side_info,0,"[[0,0,0,1],[0,0,1,0],[1,1,1,0]]",16,0.437889587382303
level1_no_side_info,0,"[[0,0,0,1],[0,0,1,0],[1,1,1,0]]",32,0.4591604014488582
level1_no_side_info,1,"[[0,0,0,1],[0,0,1,1],[0,0,0,1]]",0,0.12770640594149762
level1_no_side_info,1,"[[0,0,0,1],[0,0,1,1],[0,0,0,1]]",1,0.17222110816970537
level1_no_side_info,1,"[[0,0,0,1],[0,0,1,1],[0,0,0,1]]",2,0.20360163585391394
level1_no_side_info,1,"[[0,0,0,1],[0,0,1,1],[0,0,0,1]]",4,0.24403160418802308
level1_no_side_info,1,"[[0,0,0,1],[0,0,1,1],[0,0,0,1]]",8,0.283888863052168
level1_no_side_info,1,"[[0,0,0,1],[0,0,1,1],[0,0,0,1]]",16,0.31299829146016844
level1_no_side_info,1,"[[0,0,0,1],[0,0,1,1],[0,0,0,1]]",32,0.3297837175269643
level1_no_side_info,2,"[[0,0,0,1],[0,1,0,0],[1,1,1,0]]",0,0.09116077839697723
level1_no_side_info,2,"[[0,0,0,1],[0,1,0,0],[1,1,1,0]]",1,0.18904992830644018
level1_no_side_info,2,"[[0,0,0,1],[0,1,0,0],[1,1,1,0]]",2,0.2524638005059724
level1_no_side_info,2,"[[0,0,0,1],[0,1,0,0],[1,1,1,0]]",4,0.32818826165444626
level1_no_side_info,2,"[[0,0,0,1],[0,1,0,0],[1,1,1,0]]",8,0.39529450909261066
level1_no_side_info,2,"[[0,0,0,1],[0,1,0,0],[1,1,1,0]]",16,0.437889587382303
level1_no_side_info,2,"[[0,0,0,1],[0,1,0,0],[1,1,1,0]]",32,0.4591604014488582
level1_no_side_info,3,"[[0,0,0,1],[0,1,0,1],[0,0,0,1]]",0,0.12770640594149762
level1_no_side_info,3,"[[0,0,0,1],[0,1,0,1],[0,0,0,1]]",1,0.17222110816970537
level1_no_side_info,3,"[[0,0,0,1],[0,1,0,1],[0,0,0,1]]",2,0.20360163585391394
level1_no_side_info,3,"[[0,0,0,1],[0,1,0,1],[0,0,0,1]]",4,0.24403160418802308
level1_no_side_info,3,"[[0,0,0,1],[0,1,0,1],[0,0,0,1]]",8,0.28388886305216804
level1_no_side_info,3,"[[0,0,0,1],[0,1,0,1],[0,0,0,1]]",16,0.31299829146016844
level1_no_side_info,3,"[[0,0,0,1],[0,1,0,1],[0,0,0,1]]",32,0.3297837175269643
level1_no_side_info,4,"[[0,0,0,1],[0,1,1,0],[1,1,1,0]]",0,0.12770640594149762
level1_no_side_info,4,"[[0,0,0,1],[0,1,1,0],[1,1,1,0]]",1,0.17222110816970537
level1_no_side_info,4,"[[0,0,0,1],[0,1,1,0],[1,1,1,0]]",2,0.20360163585391394
level1_no_side_info,4,"[[0,0,0,1],[0,1,1,0],[1,1,1,0]]",4,0.24403160418802308
level1_no_side_info,4,"[[0,0,0,1],[0,1,1,0],[1,1,1,0]]",8,0.28388886305216804
level1_no_side_info,4,"[[0,0,0,1],[0,1,1,0],[1,1,1,0]]",16,0.31299829146016844
level1_no_side_info,4,"[[0,0,0,1],[0,1,1,0],[1,1,1,0]]",32,0.3297837175269643
level1_no_side_info,5,"[[0,0,0,1],[0,1,1,1],[0,0,0,1]]",0,0.09116077839697723
level1_no_side_info,5,"[[0,0,0,1],[0,1,1,1],[0,0,0,1]]",1,0.18904992830644018
level1_no_side_info,5,"[[0,0,0,1],[0,1,1,1],[0,0,0,1]]",2,0.2524638005059724
level1_no_side_info,5,"[[0,0,0,1],[0,1,1,1],[0,0,0,1]]",4,0.32818826165444626
level1_no_side_info,5,"[[0,0,0,1],[0,1,1,1],[0,0,0,1]]",8,0.39529450909261066
level1_no_side_info,5,"[[0,0,0,1],[0,1,1,1],[0,0,0,1]]",16,0.437889587382303
level1_no_side_info,5,"[[0,0,0,1],[0,1,1,1],[0,0,0,1]]",32,0.4591604014488582
level1_no_side_info,6,"[[0,0,0,1],[0,1,1,1],[0,0,0,1]]",0,0.09116077839697723
level1_no_side_info,6,"[[0,0,0,1],[0,1,1,1],[0,0,0,1]]",1,0.18904992830644018
level1_no_side_info,6,"[[0,0,0,1],[0,1,1,1],[0,0,0,1]]",2,0.2524638005059724
level1_no_side_info,6,"[[0,0,0,1],[0,1,1,1],[0,0,0,1]]",4,0.32818826165444626
level1_no_side_info,6,"[[0,0,0,1],[0,1,1,1],[0,0,0,1]]",8,0.39529450909261066
level1_no_side_info,6,"[[0,0,0,1],[0,1,1,1],[0,0,0,1]]",16,0.437889587382303
level1_no_side_info,6,"[[0,0,0,1],[0,1,1,1],[0,0,0,1]]",32,0.4591604014488582
level1_no_side_info,7,"[[0,0,0,1],[0,1,1,0],[1,1,1,0]]",0,0.12770640594149762
level1_no_side_info,7,"[[0,0,0,1],[0,1,1,0],[1,1,1,0]]",1,0.17222110816970537
level1_no_side_info,7,"[[0,0,0,1],[0,1,1,0],[1,1,1,0]]",2,0.20360163585391394
level1_no_side_info,7,"[[0,0,0,1],[0,1,1,0],[1,1,1,0]]",4,0.24403160418802308
level1_no_side_info,7,"[[0,0,0,1],[0,1,1,0],[1,1,1,0]]",8,0.28388886305216804
level1_no_side_info,7,"[[0,0,0,1],[0,1,1,0],[1,1,1,0]]",16,0.31299829146016844
level1_no_side_info,7,"[[0,0,0,1],[0,1,1,0],[1,1,1,0]]",32,0.3297837175269643
level1_no_side_info,8,"[[0,0,0,1],[0,1,0,1],[0,0,0,1]]",0,0.12770640594149762
level1_no_side_info,8,"[[0,0,0,1],[0,1,0,1],[0,0,0,1]]",1,0.17222110816970537
level1_no_side_info,8,"[[0,0,0,1],[0,1,0,1],[0,0,0,1]]",2,0.20360163585391394
level1_no_side_info,8,"[[0,0,0,1],[0,1,0,1],[0,0,0,1]]",4,0.24403160418802308
level1_no_side_info,8,"[[0,0,0,1],[0,1,0,1],[0,0,0,1]]",8,0.28388886305216804
level1_no_side_info,8,"[[0,0,0,1],[0,1,0,1],[0,0,0,1]]",16,0.31299829146016844
level1_no_side_info,8,"[[0,0,0,1],[0,1,0,1],[0,0,0,1]]",32,0.3297837175269643
level1_no_side_info,9,"[[0,0,0,1],[0,1,0,0],[1,1,1,0]]",0,0.09116077839697723
level1_no_side_info,9,"[[0,0,0,1],[0,1,0,0],[1,1,1,0]]",1,0.18904992830644018
level1_no_side_info,9,"[[0,0,0,1],[0,1,0,0],[1,1,1,0]]",2,0.2524638005059724
level1_no_side_info,9,"[[0,0,0,1],[0,1,0,0],[1,1,1,0]]",4,0.32818826165444626
level1_no_side_info,9,"[[0,0,0,1],[0,1,0,0],[1,1,1,0]]",8,0.39529450909261066
level1_no_side_info,9,"[[0,0,0,1],[0,1,0,0],[1,1,1,0]]",16,0.437889587382303
level1_no_side_info,9,"[[0,0,0,1],[0,1,0,0],[1,1,1,0]]",32,0.4591604014488582
level1_no_side_info,10,"[[0,0,0,1],[0,0,1,1],[0,0,0,1]]",0,0.12770640594149762
level1_no_side_info,10,"[[0,0,0,1],[0,0,1,1],[0,0,0,1]]",1,0.17222110816970537
level1_no_side_info,10,"[[0,0,0,1],[0,0,1,1],[0,0,0,1]]",2,0.20360163585391394
level1_no_side_info,10,"[[0,0,0,1],[0,0,1,1],[0,0,0,1]]",4,0.24403160418802308
level1_no_side_info,10,"[[0,0,0,1],[0,0,1,1],[0,0,0,1]]",8,0.283888863052168
level1_no_side_info,10,"[[0,0,0,1],[0,0,1,1],[0,0,0,1]]",16,0.31299829146016844
level1_no_side_info,10,"[[0,0,0,1],[0,0,1,1],[0,0,0,1]]",32,0.3297837175269643
level1_no_side_info,11,"[[0,0,0,1],[0,0,1,0],[1,1,1,0]]",0,0.09116077839697723
level1_no_side_info,11,"[[0,0,0,1],[0,0,1,0],[1,1,1,0]]",1,0.18904992830644018
level1_no_side_info,11,"[[0,0,0,1],[0,0,1,0],[1,1,1,0]]",2,0.2524638005059724
level1_no_side_info,11,"[[0,0,0,1],[0,0,1,0],[1,1,1,0]]",4,0.32818826165444615
level1_no_side_info,11,"[[0,0,0,1],[0,0,1,0],[1,1,1,0]]",8,0.39529450909261066
level1_no_side_info,11,"[[0,0,0,1],[0,0,1,0],[1,1,1,0]]",16,0.437889587382303
level1_no_side_info,11,"[[0,0,0,1],[0,0,1,0],[1,1,1,0]]",32,0.4591604014488582
level1_no_side_info,12,"[[0,0,1,0],[0,0,0,1],[1,1,0,1]]",0,0.09116077839697728
level1_no_side_info,12,"[[0,0,1,0],[0,0,0,1],[1,1,0,1]]",1,0.18904992830644018
level1_no_side_info,12,"[[0,0,1,0],[0,0,0,1],[1,1,0,1]]",2,0.2524638005059724
level1_no_side_info,12,"[[0,0,1,0],[0,0,0,1],[1,1,0,1]]",4,0.32818826165444626
level1_no_side_info,12,"[[0,0,1,0],[0,0,0,1],[1,1,0,1]]",8,0.39529450909261055
level1_no_side_info,12,"[[0,0,1,0],[0,0,0,1],[1,1,0,1]]",16,0.437889587382303
level1_no_side_info,12,"[[0,0,1,0],[0,0,0,1],[1,1,0,1]]",32,0.4591604014488582
level1_no_side_info,13,"[[0,0,1,0],[0,0,1,1],[0,0,1,0]]",0,0.12770640594149762
level1_no_side_info,13,"[[0,0,1,0],[0,0,1,1],[0,0,1,0]]",1,0.17222110816970537
level1_no_side_info,13,"[[0,0,1,0],[0,0,1,1],[0,0,1,0]]",2,0.20360163585391394
level1_no_side_info,13,"[[0,0,1,0],[0,0,1,1],[0,0,1,0]]",4,0.2440316041880231
level1_no_side_info,13,"[[0,0,1,0],[0,0,1,1],[0,0,1,0]]",8,0.283888863052168
level1_no_side_info,13,"[[0,0,1,0],[0,0,1,1],[0,0,1,0]]",16,0.31299829146016844
level1_no_side_info,13,"[[0,0,1,0],[0,0,1,1],[0,0,1,0]]",32,0.3297837175269643
level1_no_side_info,14,"[[0,0,1,0],[0,1,0,0],[1,1,0,1]]",0,0.09116077839697728
level1_no_side_info,14,"[[0,0,1,0],[0,1,0,0],[1,1,0,1]]",1,0.18904992830644018
level1_no_side_info,14,"[[0,0,1,0],[0,1,0,0],[1,1,0,1]]",2,0.2524638005059724
level1_no_side_info,14,"[[0,0,1,0],[0,1,0,0],[1,1,0,1]]",4,0.32818826165444615
level1_no_side_info,14,"[[0,0,1,0],[0,1,0,0],[1,1,0,1]]",8,0.39529450909261066
level1_no_side_info,14,"[[0,0,1,0],[0,1,0,0],[1,1,0,1]]",16,0.437889587382303
level1_no_side_info,14,"[[0,0,1,0],[0,1,0,0],[1,1,0,1]]",32,0.4591604014488582
level1_no_side_info,15,"[[0,0,1,0],[0,1,0,1],[1,1,0,1]]",0,0.12770640594149768
level1_no_side_info,15,"[[0,0,1,0],[0,1,0,1],[1,1,0,1]]",1,0.17222110816970532
level1_no_side_info,15,"[[0,0,1,0],[0,1,0,1],[1,1,0,1]]",2,0.20360163585391394
level1_no_side_info,15,"[[0,0,1,0],[0,1,0,1],[1,1,0,1]]",4,0.2440316041880231
level1_no_side_info,15,"[[0,0,1,0],[0,1,0,1],[1,1,0,1]]",8,0.28388886305216804
level1_no_side_info,15,"[[0,0,1,0],[0,1,0,1],[1,1,0,1]]",16,0.31299829146016844
level1_no_side_info,15,"[[0,0,1,0],[0,1,0,1],[1,1,0,1]]",32,0.3297837175269643
level1_no_side_info,16,"[[0,0,1,0],[0,1,1,0],[0,0,1,0]]",0,0.12770640594149768
level1_no_side_info,16,"[[0,0,1,0],[0,1,1,0],[0,0,1,0]]",1,0.17222110816970532
level1_no_side_info,16,"[[0,0,1,0],[0,1,1,0],[0,0,1,0]]",2,0.20360163585391394
level1_no_side_info,16,"[[0,0,1,0],[0,1,1,0],[0,0,1,0]]",4,0.2440316041880231
level1_no_side_info,16,"[[0,0,1,0],[0,1,1,0],[0,0,1,0]]",8,0.28388886305216804
level1_no_side_info,16,"[[0,0,1,0],[0,1,1,0],[0,0,1,0]]",16,0.31299829146016844
level1_no_side_info,16,"[[0,0,1,0],[0,1,1,0],[0,0,1,0]]",32,0.3297837175269643
level1_no_side_info,17,"[[0,0,1,0],[0,1,1,1],[0,0,1,0]]",0,0.09116077839697728
level1_no_side_info,17,"[[0,0,1,0],[0,1,1,1],[0,0,1,0]]",1,0.18904992830644018
level1_no_side_info,17,"[[0,0,1,0],[0,1,1,1],[0,0,1,0]]",2,0.2524638005059724
level1_no_side_info,17,"[[0,0,1,0],[0,1,1,1],[0,0,1,0]]",4,0.32818826165444615
level1_no_side_info,17,"[[0,0,1,0],[0,1,1,1],[0,0,1,0]]",8,0.39529450909261066
level1_no_side_info,17,"[[0,0,1,0],[0,1,1,1],[0,0,1,0]]",16,0.437889587382303
level1_no_side_info,17,"[[0,0,1,0],[0,1,1,1],[0,0,1,0]]",32,0.4591604014488582
level1_no_side_info,18,"[[0,0,1,0],[0,1,1,1],[0,0,1,0]]",0,0.09116077839697728
level1_no_side_info,18,"[[0,0,1,0],[0,1,1,1],[0,0,1,0]]",1,0.18904992830644018
level1_no_side_info,18,"[[0,0,1,0],[0,1,1,1],[0,0,1,0]]",2,0.2524638005059724
level1_no_side_info,18,"[[0,0,1,0],[0,1,1,1],[0,0,1,0]]",4,0.32818826165444615
level1_no_side_info,18,"[[0,0,1,0],[0,1,1,1],[0,0,1,0]]",8,0.39529450909261066
level1_no_side_info,18,"[[0,0,1,0],[0,1,1,1],[0,0,1,0]]",16,0.437889587382303
level1_no_side_info,18,"[[0,0,1,0],[0,1,1,1],[0,0,1,0]]",32,0.4591604014488582
level1_no_side_info,19,"[[0,0,1,0],[0,1,1,0],[0,0,1,0]]",0,0.12770640594149768
level1_no_side_info,19,"[[0,0,1,0],[0,1,1,0],[0,0,1,0]]",1,0.17222110816970532
level1_no_side_info,19,"[[0,0,1,0],[0,1,1,0],[0,0,1,0]]",2,0.20360163585391394
level1_no_side_info,19,"[[0,0,1,0],[0,1,1,0],[0,0,1,0]]",4,0.2440316041880231
level1_no_side_info,19,"[[0,0,1,0],[0,1,1,0],[0,0,1,0]]",8,0.28388886305216804
level1_no_side_info,19,"[[0,0,1,0],[0,1,1,0],[0,0,1,0]]",16,0.31299829146016844
level1_no_side_info,19,"[[0,0,1,0],[0,1,1,0],[0,0,1,0]]",32,0.3297837175269643
level1_no_side_info,20,"[[0,0,1,0],[0,1,0,1],[1,1,0,1]]",0,0.12770640594149768
level1_no_side_info,20,"[[0,0,1,0],[0,1,0,1],[1,1,0,1]]",1,0.17222110816970532
level1_no_side_info,20,"[[0,0,1,0],[0,1,0,1],[1,1,0,1]]",2,0.20360163585391394
level1_no_side_info,20,"[[0,0,1,0],[0,1,0,1],[1,1,0,1]]",4,0.2440316041880231
level1_no_side_info,20,"[[0,0,1,0],[0,1,0,1],[1,1,0,1]]",8,0.28388886305216804
level1_no_side_info,20,"[[0,0,1,0],[0,1,0,1],[1,1,0,1]]",16,0.31299829146016844
level1_no_side_info,20,"[[0,0,1,0],[0,1,0,1],[1,1,0,1]]",32,0.3297837175269643
level1_no_side_info,21,"[[0,0,1,0],[0,1,0,0],[1,1,0,1]]",0,0.09116077839697728
level1_no_side_info,21,"[[0,0,1,0],[0,1,0,0],[1,1,0,1]]",1,0.18904992830644018
level1_no_side_info,21,"[[0,0,1,0],[0,1,0,0],[1,1,0,1]]",2,0.2524638005059724
level1_no_side_info,21,"[[0,0,1,0],[0,1,0,0],[1,1,0,1]]",4,0.32818826165444615
level1_no_side_info,21,"[[0,0,1,0],[0,1,0,0],[1,1,0,1]]",8,0.39529450909261066
level1_no_side_info,21,"[[0,0,1,0],[0,1,0,0],[1,1,0,1]]",16,0.437889587382303
level1_no_side_info,21,"[[0,0,1,0],[0,1,0,0],[1,1,0,1]]",32,0.4591604014488582
level1_no_side_info,22,"[[0,0,1,0],[0,0,1,1],[0,0,1,0]]",0,0.12770640594149762
level1_no_side_info,22,"[[0,0,1,0],[0,0,1,1],[0,0,1,0]]",1,0.17222110816970537
level1_no_side_info,22,"[[0,0,1,0],[0,0,1,1],[0,0,1,0]]",2,0.20360163585391394
level1_no_side_info,22,"[[0,0,1,0],[0,0,1,1],[0,0,1,0]]",4,0.2440316041880231
level1_no_side_info,22,"[[0,0,1,0],[0,0,1,1],[0,0,1,0]]",8,0.283888863052168
level1_no_side_info,22,"[[0,0,1,0],[0,0,1,1],[0,0,1,0]]",16,0.31299829146016844
level1_no_side_info,22,"[[0,0,1,0],[0,0,1,1],[0,0,1,0]]",32,0.3297837175269643
level1_no_side_info,23,"[[0,0,1,0],[0,0,0,1],[1,1,0,1]]",0,0.09116077839697728
level1_no_side_info,23,"[[0,0,1,0],[0,0,0,1],[1,1,0,1]]",1,0.18904992830644018
level1_no_side_info,23,"[[0,0,1,0],[0,0,0,1],[1,1,0,1]]",2,0.2524638005059724
level1_no_side_info,23,"[[0,0,1,0],[0,0,0,1],[1,1,0,1]]",4,0.32818826165444626
level1_no_side_info,23,"[[0,0,1,0],[0,0,0,1],[1,1,0,1]]",8,0.39529450909261055
level1_no_side_info,23,"[[0,0,1,0],[0,0,0,1],[1,1,0,1]]",16,0.437889587382303
level1_no_side_info,23,"[[0,0,1,0],[0,0,0,1],[1,1,0,1]]",32,0.4591604014488582
level1_no_side_info,24,"[[0,0,1,1],[0,1,0,1],[0,0,0,1]]",0,0.0
level1_no_side_info,24,"[[0,0,1,1],[0,1,0,1],[0,0,0,1]]",1,0.054707760681101614
level1_no_side_info,24,"[[0,0,1,1],[0,1,0,1],[0,0,0,1]]",2,0.08724306990352426
level1_no_side_info,24,"[[0,0,1,1],[0,1,0,1],[0,0,0,1]]",4,0.12413388205086084
level1_no_side_info,24,"[[0,0,1,1],[0,1,0,1],[0,0,0,1]]",8,0.15831484826451048
level1_no_side_info,24,"[[0,0,1,1],[0,1,0,1],[0,0,0,1]]",16,0.18395072533629997
level1_no_side_info,24,"[[0,0,1,1],[0,1,0,1],[0,0,0,1]]",32,0.19944959606350665
level1_no_side_info,25,"[[0,0,1,1],[0,1,0,1],[0,0,1,0]]",0,0.0
level1_no_side_info,25,"[[0,0,1,1],[0,1,0,1],[0,0,1,0]]",1,0.054707760681101614
level1_no_side_info,25,"[[0,0,1,1],[0,1,0,1],[0,0,1,0]]",2,0.08724306990352437
level1_no_side_info,25,"[[0,0,1,1],[0,1,0,1],[0,0,1,0]]",4,0.12413388205086084
level1_no_side_info,25,"[[0,0,1,1],[0,1,0,1],[0,0,1,0]]",8,0.15831484826451048
level1_no_side_info,25,"[[0,0,1,1],[0,1,0,1],[0,0,1,0]]",16,0.18395072533629997
level1_no_side_info,25,"[[0,0,1,1],[0,1,0,1],[0,0,1,0]]",32,0.19944959606350665
level1_no_side_info,26,"[[0,0,1,1],[0,1,0,1],[0,0,1,1]]",0,0.0
level1_no_side_info,26,"[[0,0,1,1],[0,1,0,1],[0,0,1,1]]",1,0.21907019637983866
level1_no_side_info,26,"[[0,0,1,1],[0,1,0,1],[0,0,1,1]]",2,0.34544943238999826
level1_no_side_info,26,"[[0,0,1,1],[0,1,0,1],[0,0,1,1]]",4,0.474279980271518
level1_no_side_info,26,"[[0,0,1,1],[0,1,0,1],[0,0,1,1]]",8,0.5715124137779335
level1_no_side_info,26,"[[0,0,1,1],[0,1,0,1],[0,0,1,1]]",16,0.6301021501664625
level1_no_side_info,26,"[[0,0,1,1],[0,1,0,1],[0,0,1,1]]",32,0.6614036248289012
level1_no_side_info,27,"[[0,0,1,1],[0,1,0,1],[0,1,0,0]]",0,0.0
level1_no_side_info,27,"[[0,0,1,1],[0,1,0,1],[0,1,0,0]]",1,0.054707760681101614
level1_no_side_info,27,"[[0,0,1,1],[0,1,0,1],[0,1,0,0]]",2,0.08724306990352437
level1_no_side_info,27,"[[0,0,1,1],[0,1,0,1],[0,1,0,0]]",4,0.12413388205086084
level1_no_side_info,27,"[[0,0,1,1],[0,1,0,1],[0,1,0,0]]",8,0.15831484826451048
level1_no_side_info,27,"[[0,0,1,1],[0,1,0,1],[0,1,0,0]]",16,0.18395072533629997
level1_no_side_info,27,"[[0,0,1,1],[0,1,0,1],[0,1,0,0]]",32,0.19944959606350665
level1_no_side_info,28,"[[0,0,1,1],[0,1,0,1],[0,1,1,1]]",0,0.0
level1_no_side_info,28,"[[0,0,1,1],[0,1,0,1],[0,1,1,1]]",1,0.054707760681101614
level1_no_side_info,28,"[[0,0,1,1],[0,1,0,1],[0,1,1,1]]",2,0.08724306990352437
level1_no_side_info,28,"[[0,0,1,1],[0,1,0,1],[0,1,1,1]]",4,0.12413388205086084
level1_no_side_info,28,"[[0,0,1,1],[0,1,0,1],[0,1,1,1]]",8,0.15831484826451048
level1_no_side_info,28,"[[0,0,1,1],[0,1,0,1],[0,1,1,1]]",16,0.18395072533629997
level1_no_side_info,28,"[[0,0,1,1],[0,1,0,1],[0,1,1,1]]",32,0.19944959606350665
level1_no_side_info,29,"[[0,0,1,1],[0,1,1,0],[0,0,0,1]]",0,0.0
level1_no_side_info,29,"[[0,0,1,1],[0,1,1,0],[0,0,0,1]]",1,0.054707760681101614
level1_no_side_info,29,"[[0,0,1,1],[0,1,1,0],[0,0,0,1]]",2,0.08724306990352426
level1_no_side_info,29,"[[0,0,1,1],[0,1,1,0],[0,0,0,1]]",4,0.12413388205086084
level1_no_side_info,29,"[[0,0,1,1],[0,1,1,0],[0,0,0,1]]",8,0.15831484826451048
level1_no_side_info,29,"[[0,0,1,1],[0,1,1,0],[0,0,0,1]]",16,0.18395072533629997
level1_no_side_info,29,"[[0,0,1,1],[0,1,1,0],[0,0,0,1]]",32,0.19944959606350665
level1_no_side_info,30,"[[0,0,1,1],[0,1,1,0],[0,0,1,0]]",0,0.0
level1_no_side_info,30,"[[0,0,1,1],[0,1,1,0],[0,0,1,0]]",1,0.054707760681101614
level1_no_side_info,30,"[[0,0,1,1],[0,1,1,0],[0,0,1,0]]",2,0.08724306990352437
level1_no_side_info,30,"[[0,0,1,1],[0,1,1,0],[0,0,1,0]]",4,0.12413388205086084
level1_no_side_info,30,"[[0,0,1,1],[0,1,1,0],[0,0,1,0]]",8,0.15831484826451048
level1_no_side_info,30,"[[0,0,1,1],[0,1,1,0],[0,0,1,0]]",16,0.18395072533629997
level1_no_side_info,30,"[[0,0,1,1],[0,1,1,0],[0,0,1,0]]",32,0.19944959606350665
level1_no_side_info,31,"[[0,0,1,1],[0,1,1,0],[0,0,1,1]]",0,0.0
level1_no_side_info,31,"[[0,0,1,1],[0,1,1,0],[0,0,1,1]]",1,0.21907019637983866
level1_no_side_info,31,"[[0,0,1,1],[0,1,1,0],[0,0,1,1]]",2,0.34544943238999826
level1_no_side_info,31,"[[0,0,1,1],[0,1,1,0],[0,0,1,1]]",4,0.474279980271518
level1_no_side_info,31,"[[0,0,1,1],[0,1,1,0],[0,0,1,1]]",8,0.5715124137779335
level1_no_side_info,31,"[[0,0,1,1],[0,1,1,0],[0,0,1,1]]",16,0.6301021501664625
level1_no_side_info,31,"[[0,0,1,1],[0,1,1,0],[0,0,1,1]]",32,0.6614036248289012
level1_no_side_info,32,"[[0,0,1,1],[0,1,1,0],[0,1,0,0]]",0,0.0
level1_no_side_info,32,"[[0,0,1,1],[0,1,1,0],[0,1,0,0]]",1,0.054707760681101614
level1_no_side_info,32,"[[0,0,1,1],[0,1,1,0],[0,1,0,0]]",2,0.08724306990352437
level1_no_side_info,32,"[[0,0,1,1],[0,1,1,0],[0,1,0,0]]",4,0.12413388205086084
level1_no_side_info,32,"[[0,0,1,1],[0,1,1,0],[0,1,0,0]]",8,0.15831484826451048
level1_no_side_info,32,"[[0,0,1,1],[0,1,1,0],[0,1,0,0]]",16,0.18395072533629997
level1_no_side_info,32,"[[0,0,1,1],[0,1,1,0],[0,1,0,0]]",32,0.19944959606350665
level1_no_side_info,33,"[[0,0,1,1],[0,1,1,0],[0,1,1,1]]",0,0.0
level1_no_side_info,33,"[[0,0,1,1],[0,1,1,0],[0,1,1,1]]",1,0.054707760681101614
level1_no_side_info,33,"[[0,0,1,1],[0,1,1,0],[0,1,1,1]]",2,0.08724306990352437
level1_no_side_info,33,"[[0,0,1,1],[0,1,1,0],[0,1,1,1]]",4,0.12413388205086084
level1_no_side_info,33,"[[0,0,1,1],[0,1,1,0],[0,1,1,1]]",8,0.15831484826451048
level1_no_side_info,33,"[[0,0,1,1],[0,1,1,0],[0,1,1,1]]",16,0.18395072533629997
level1_no_side_info,33,"[[0,0,1,1],[0,1,1,0],[0,1,1,1]]",32,0.19944959606350665
level1_no_side_info,34,"[[0,0,1,1],[0,1,1,0],[1,1,1,0]]",0,0.0
level1_no_side_info,34,"[[0,0,1,1],[0,1,1,0],[1,1,1,0]]",1,0.054707760681101614
level1_no_side_info,34,"[[0,0,1,1],[0,1,1,0],[1,1,1,0]]",2,0.08724306990352426
level1_no_side_info,34,"[[0,0,1,1],[0,1,1,0],[1,1,1,0]]",4,0.12413388205086084
level1_no_side_info,34,"[[0,0,1,1],[0,1,1,0],[1,1,1,0]]",8,0.15831484826451048
level1_no_side_info,34,"[[0,0,1,1],[0,1,1,0],[1,1,1,0]]",16,0.18395072533629997
level1_no_side_info,34,"[[0,0,1,1],[0,1,1,0],[1,1,1,0]]",32,0.19944959606350665
level1_no_side_info,35,"[[0,0,1,1],[0,1,1,0],[1,1,0,1]]",0,0.0
level1_no_side_info,35,"[[0,0,1,1],[0,1,1,0],[1,1,0,1]]",1,0.054707760681101614
level1_no_side_info,35,"[[0,0,1,1],[0,1,1,0],[1,1,0,1]]",2,0.08724306990352437
level1_no_side_info,35,"[[0,0,1,1],[0,1,1,0],[1,1,0,1]]",4,0.12413388205086084
level1_no_side_info,35,"[[0,0,1,1],[0,1,1,0],[1,1,0,1]]",8,0.15831484826451048
level1_no_side_info,35,"[[0,0,1,1],[0,1,1,0],[1,1,0,1]]",16,0.18395072533629997
level1_no_side_info,35,"[[0,0,1,1],[0,1,1,0],[1,1,0,1]]",32,0.19944959606350665
level1_no_side_info,36,"[[0,0,1,1],[0,1,1,0],[1,1,0,0]]",0,0.0
level1_no_side_info,36,"[[0,0,1,1],[0,1,1,0],[1,1,0,0]]",1,0.21907019637983866
level1_no_side_info,36,"[[0,0,1,1],[0,1,1,0],[1,1,0,0]]",2,0.34544943238999826
level1_no_side_info,36,"[[0,0,1,1],[0,1,1,0],[1,1,0,0]]",4,0.474279980271518
level1_no_side_info,36,"[[0,0,1,1],[0,1,1,0],[1,1,0,0]]",8,0.5715124137779335
level1_no_side_info,36,"[[0,0,1,1],[0,1,1,0],[1,1,0,0]]",16,0.6301021501664625
level1_no_side_info,36,"[[0,0,1,1],[0,1,1,0],[1,1,0,0]]",32,0.6614036248289012
level1_no_side_info,37,"[[0,0,1,1],[0,1,1,0],[1,0,1,1]]",0,0.0
level1_no_side_info,37,"[[0,0,1,1],[0,1,1,0],[1,0,1,1]]",1,0.054707760681101614
level1_no_side_info,37,"[[0,0,1,1],[0,1,1,0],[1,0,1,1]]",2,0.08724306990352437
level1_no_side_info,37,"[[0,0,1,1],[0,1,1,0],[1,0,1,1]]",4,0.12413388205086084
level1_no_side_info,37,"[[0,0,1,1],[0,1,1,0],[1,0,1,1]]",8,0.15831484826451048
level1_no_side_info,37,"[[0,0,1,1],[0,1,1,0],[1,0,1,1]]",16,0.18395072533629997
level1_no_side_info,37,"[[0,0,1,1],[0,1,1,0],[1,0,1,1]]",32,0.19944959606350665
level1_no_side_info,38,"[[0,0,1,1],[0,1,1,0],[1,0,0,0]]",0,0.0
level1_no_side_info,38,"[[0,0,1,1],[0,1,1,0],[1,0,0,0]]",1,0.054707760681101614
level1_no_side_info,38,"[[0,0,1,1],[0,1,1,0],[1,0,0,0]]",2,0.08724306990352437
level1_no_side_info,38,"[[0,0,1,1],[0,1,1,0],[1,0,0,0]]",4,0.12413388205086084
level1_no_side_info,38,"[[0,0,1,1],[0,1,1,0],[1,0,0,0]]",8,0.15831484826451048
level1_no_side_info,38,"[[0,0,1,1],[0,1,1,0],[1,0,0,0]]",16,0.18395072533629997
level1_no_side_info,38,"[[0,0,1,1],[0,1,1,0],[1,0,0,0]]",32,0.19944959606350665
level1_no_side_info,39,"[[0,0,1,1],[0,1,0,1],[1,1,1,0]]",0,0.0
level1_no_side_info,39,"[[0,0,1,1],[0,1,0,1],[1,1,1,0]]",1,0.054707760681101614
level1_no_side_info,39,"[[0,0,1,1],[0,1,0,1],[1,1,1,0]]",2,0.08724306990352426
level1_no_side_info,39,"[[0,0,1,1],[0,1,0,1],[1,1,1,0]]",4,0.12413388205086084
level1_no_side_info,39,"[[0,0,1,1],[0,1,0,1],[1,1,1,0]]",8,0.15831484826451048
level1_no_side_info,39,"[[0,0,1,1],[0,1,0,1],[1,1,1,0]]",16,0.18395072533629997
level1_no_side_info,39,"[[0,0,1,1],[0,1,0,1],[1,1,1,0]]",32,0.19944959606350665
level1_no_side_info,40,"[[0,0,1,1],[0,1,0,1],[1,1,0,1]]",0,0.0
level1_no_side_info,40,"[[0,0,1,1],[0,1,0,1],[1,1,0,1]]",1,0.054707760681101614
level1_no_side_info,40,"[[0,0,1,1],[0,1,0,1],[1,1,0,1]]",2,0.08724306990352437
level1_no_side_info,40,"[[0,0,1,1],[0,1,0,1],[1,1,0,1]]",4,0.12413388205086084
level1_no_side_info,40,"[[0,0,1,1],[0,1,0,1],[1,1,0,1]]",8,0.15831484826451048
level1_no_side_info,40,"[[0,0,1,1],[0,1,0,1],[1,1,0,1]]",16,0.18395072533629997
level1_no_side_info,40,"[[0,0,1,1],[0,1,0,1],[1,1,0,1]]",32,0.19944959606350665
level1_no_side_info,41,"[[0,0,1,1],[0,1,0,1],[1,1,0,0]]",0,0.0
level1_no_side_info,41,"[[0,0,1,1],[0,1,0,1],[1,1,0,0]]",1,0.21907019637983866
level1_no_side_info,41,"[[0,0,1,1],[0,1,0,1],[1,1,0,0]]",2,0.34544943238999826
level1_no_side_info,41,"[[0,0,1,1],[0,1,0,1],[1,1,0,0]]",4,0.474279980271518
level1_no_side_info,41,"[[0,0,1,1],[0,1,0,1],[1,1,0,0]]",8,0.5715124137779335
level1_no_side_info,41,"[[0,0,1,1],[0,1,0,1],[1,1,0,0]]",16,0.6301021501664625
level1_no_side_info,41,"[[0,0,1,1],[0,1,0,1],[1,1,0,0]]",32,0.6614036248289012
level1_no_side_info,42,"[[0,0,1,1],[0,1,0,1],[1,0,1,1]]",0,0.0
level1_no_side_info,42,"[[0,0,1,1],[0,1,0,1],[1,0,1,1]]",1,0.054707760681101614
level1_no_side_info,42,"[[0,0,1,1],[0,1,0,1],[1,0,1,1]]",2,0.08724306990352437
level1_no_side_info,42,"[[0,0,1,1],[0,1,0,1],[1,0,1,1]]",4,0.12413388205086084
level1_no_side_info,42,"[[0,0,1,1],[0,1,0,1],[1,0,1,1]]",8,0.15831484826451048
level1_no_side_info,42,"[[0,0,1,1],[0,1,0,1],[1,0,1,1]]",16,0.18395072533629997
level1_no_side_info,42,"[[0,0,1,1],[0,1,0,1],[1,0,1,1]]",32,0.19944959606350665
level1_no_side_info,43,"[[0,0,1,1],[0,1,0,1],[1,0,0,0]]",0,0.0
level1_no_side_info,43,"[[0,0,1,1],[0,1,0,1],[1,0,0,0]]",1,0.054707760681101614
level1_no_side_info,43,"[[0,0,1,1],[0,1,0,1],[1,0,0,0]]",2,0.08724306990352437
level1_no_side_info,43,"[[0,0,1,1],[0,1,0,1],[1,0,0,0]]",4,0.12413388205086084
level1_no_side_info,43,"[[0,0,1,1],[0,1,0,1],[1,0,0,0]]",8,0.15831484826451048
level1_no_side_info,43,"[[0,0,1,1],[0,1,0,1],[1,0,0,0]]",16,0.18395072533629997
level1_no_side_info,43,"[[0,0,1,1],[0,1,0,1],[1,0,0,0]]",32,0.19944959606350665
level1_no_side_info,44,"[[0,1,0,0],[0,0,0,1],[1,0,1,1]]",0,0.09116077839697728
level1_no_side_info,44,"[[0,1,0,0],[0,0,0,1],[1,0,1,1]]",1,0.18904992830644018
level1_no_side_info,44,"[[0,1,0,0],[0,0,0,1],[1,0,1,1]]",2,0.2524638005059724
level1_no_side_info,44,"[[0,1,0,0],[0,0,0,1],[1,0,1,1]]",4,0.3281882616544462
level1_no_side_info,44,"[[0,1,0,0],[0,0,0,1],[1,0,1,1]]",8,0.39529450909261055
level1_no_side_info,44,"[[0,1,0,0],[0,0,0,1],[1,0,1,1]]",16,0.4378895873823031
level1_no_side_info,44,"[[0,1,0,0],[0,0,0,1],[1,0,1,1]]",32,0.4591604014488582
level1_no_side_info,45,"[[0,1,0,0],[0,0,1,0],[1,0,1,1]]",0,0.09116077839697728
level1_no_side_info,45,"[[0,1,0,0],[0,0,1,0],[1,0,1,1]]",1,0.18904992830644018
level1_no_side_info,45,"[[0,1,0,0],[0,0,1,0],[1,0,1,1]]",2,0.2524638005059724
level1_no_side_info,45,"[[0,1,0,0],[0,0,1,0],[1,0,1,1]]",4,0.3281882616544461
level1_no_side_info,45,"[[0,1,0,0],[0,0,1,0],[1,0,1,1]]",8,0.39529450909261066
level1_no_side_info,45,"[[0,1,0,0],[0,0,1,0],[1,0,1,1]]",16,0.4378895873823031
level1_no_side_info,45,"[[0,1,0,0],[0,0,1,0],[1,0,1,1]]",32,0.4591604014488582
level1_no_side_info,46,"[[0,1,0,0],[0,0,1,1],[1,0,1,1]]",0,0.12770640594149768
level1_no_side_info,46,"[[0,1,0,0],[0,0,1,1],[1,0,1,1]]",1,0.17222110816970532
level1_no_side_info,46,"[[0,1,0,0],[0,0,1,1],[1,0,1,1]]",2,0.203601635853914
level1_no_side_info,46,"[[0,1,0,0],[0,0,1,1],[1,0,1,1]]",4,0.24403160418802317
level1_no_side_info,46,"[[0,1,0,0],[0,0,1,1],[1,0,1,1]]",8,0.28388886305216804
level1_no_side_info,46,"[[0,1,0,0],[0,0,1,1],[1,0,1,1]]",16,0.3129982914601685
level1_no_side_info,46,"[[0,1,0,0],[0,0,1,1],[1,0,1,1]]",32,0.32978371752696434
level1_no_side_info,47,"[[0,1,0,0],[0,1,0,1],[0,1,0,0]]",0,0.12770640594149762
level1_no_side_info,47,"[[0,1,0,0],[0,1,0,1],[0,1,0,0]]",1,0.17222110816970537
level1_no_side_info,47,"[[0,1,0,0],[0,1,0,1],[0,1,0,0]]",2,0.20360163585391394
level1_no_side_info,47,"[[0,1,0,0],[0,1,0,1],[0,1,0,0]]",4,0.2440316041880231
level1_no_side_info,47,"[[0,1,0,0],[0,1,0,1],[0,1,0,0]]",8,0.28388886305216804
level1_no_side_info,47,"[[0,1,0,0],[0,1,0,1],[0,1,0,0]]",16,0.31299829146016844
level1_no_side_info,47,"[[0,1,0,0],[0,1,0,1],[0,1,0,0]]",32,0.3297837175269643
level1_no_side_info,48,"[[0,1,0,0],[0,1,1,0],[0,1,0,0]]",0,0.12770640594149768
level1_no_side_info,48,"[[0,1,0,0],[0,1,1,0],[0,1,0,0]]",1,0.17222110816970532
level1_no_side_info,48,"[[0,1,0,0],[0,1,1,0],[0,1,0,0]]",2,0.20360163585391394
level1_no_side_info,48,"[[0,1,0,0],[0,1,1,0],[0,1,0,0]]",4,0.2440316041880231
level1_no_side_info,48,"[[0,1,0,0],[0,1,1,0],[0,1,0,0]]",8,0.28388886305216804
level1_no_side_info,48,"[[0,1,0,0],[0,1,1,0],[0,1,0,0]]",16,0.31299829146016844
level1_no_side_info,48,"[[0,1,0,0],[0,1,1,0],[0,1,0,0]]",32,0.3297837175269643
level1_no_side_info,49,"[[0,1,0,0],[0,1,1,1],[0,1,0,0]]",0,0.09116077839697728
level1_no_side_info,49,"[[0,1,0,0],[0,1,1,1],[0,1,0,0]]",1,0.18904992830644018
level1_no_side_info,49,"[[0,1,0,0],[0,1,1,1],[0,1,0,0]]",2,0.2524638005059724
level1_no_side_info,49,"[[0,1,0,0],[0,1,1,1],[0,1,0,0]]",4,0.3281882616544461
level1_no_side_info,49,"[[0,1,0,0],[0,1,1,1],[0,1,0,0]]",8,0.39529450909261066
level1_no_side_info,49,"[[0,1,0,0],[0,1,1,1],[0,1,0,0]]",16,0.4378895873823031
level1_no_side_info,49,"[[0,1,0,0],[0,1,1,1],[0,1,0,0]]",32,0.4591604014488582
level1_no_side_info,50,"[[0,1,0,0],[0,1,1,1],[0,1,0,0]]",0,0.09116077839697728
level1_no_side_info,50,"[[0,1,0,0],[0,1,1,1],[0,1,0,0]]",1,0.18904992830644018
level1_no_side_info,50,"[[0,1,0,0],[0,1,1,1],[0,1,0,0]]",2,0.2524638005059724
level1_no_side_info,50,"[[0,1,0,0],[0,1,1,1],[0,1,0,0]]",4,0.3281882616544461
level1_no_side_info,50,"[[0,1,0,0],[0,1,1,1],[0,1,0,0]]",8,0.39529450909261066
level1_no_side_info,50,"[[0,1,0,0],[0,1,1,1],[0,1,0,0]]",16,0.4378895873823031
level1_no_side_info,50,"[[0,1,0,0],[0,1,1,1],[0,1,0,0]]",32,0.4591604014488582
level1_no_side_info,51,"[[0,1,0,0],[0,1,1,0],[0,1,0,0]]",0,0.12770640594149768
level1_no_side_info,51,"[[0,1,0,0],[0,1,1,0],[0,1,0,0]]",1,0.17222110816970532
level1_no_side_info,51,"[[0,1,0,0],[0,1,1,0],[0,1,0,0]]",2,0.20360163585391394
level1_no_side_info,51,"[[0,1,0,0],[0,1,1,0],[0,1,0,0]]",4,0.2440316041880231
level1_no_side_info,51,"[[0,1,0,0],[0,1,1,0],[0,1,0,0]]",8,0.28388886305216804
level1_no_side_info,51,"[[0,1,0,0],[0,1,1,0],[0,1,0,0]]",16,0.31299829146016844
level1_no_side_info,51,"[[0,1,0,0],[0,1,1,0],[0,1,0,0]]",32,0.3297837175269643
level1_no_side_info,52,"[[0,1,0,0],[0,1,0,1],[0,1,0,0]]",0,0.12770640594149762
level1_no_side_info,52,"[[0,1,0,0],[0,1,0,1],[0,1,0,0]]",1,0.17222110816970537
level1_no_side_info,52,"[[0,1,0,0],[0,1,0,1],[0,1,0,0]]",2,0.20360163585391394
level1_no_side_info,52,"[[0,1,0,0],[0,1,0,1],[0,1,0,0]]",4,0.2440316041880231
level1_no_side_info,52,"[[0,1,0,0],[0,1,0,1],[0,1,0,0]]",8,0.28388886305216804
level1_no_side_info,52,"[[0,1,0,0],[0,1,0,1],[0,1,0,0]]",16,0.31299829146016844
level1_no_side_info,52,"[[0,1,0,0],[0,1,0,1],[0,1,0,0]]",32,0.3297837175269643
level1_no_side_info,53,"[[0,1,0,0],[0,0,1,1],[1,0,1,1]]",0,0.12770640594149768
level1_no_side_info,53,"[[0,1,0,0],[0,0,1,1],[1,0,1,1]]",1,0.17222110816970532
level1_no_side_info,53,"[[0,1,0,0],[0,0,1,1],[1,0,1,1]]",2,0.203601635853914
level1_no_side_info,53,"[[0,1,0,0],[0,0,1,1],[1,0,1,1]]",4,0.24403160418802317
level1_no_side_info,53,"[[0,1,0,0],[0,0,1,1],[1,0,1,1]]",8,0.28388886305216804
level1_no_side_info,53,"[[0,1,0,0],[0,0,1,1],[1,0,1,1]]",16,0.3129982914601685
level1_no_side_info,53,"[[0,1,0,0],[0,0,1,1],[1,0,1,1]]",32,0.32978371752696434
level1_no_side_info,54,"[[0,1,0,0],[0,0,1,0],[1,0,1,1]]",0,0.09116077839697728
level1_no_side_info,54,"[[0,1,0,0],[0,0,1,0],[1,0,1,1]]",1,0.18904992830644018
level1_no_side_info,54,"[[0,1,0,0],[0,0,1,0],[1,0,1,1]]",2,0.2524638005059724
level1_no_side_info,54,"[[0,1,0,0],[0,0,1,0],[1,0,1,1]]",4,0.3281882616544461
level1_no_side_info,54,"[[0,1,0,0],[0,0,1,0],[1,0,1,1]]",8,0.39529450909261066
level1_no_side_info,54,"[[0,1,0,0],[0,0,1,0],[1,0,1,1]]",16,0.4378895873823031
level1_no_side_info,54,"[[0,1,0,0],[0,0,1,0],[1,0,1,1]]",32,0.4591604014488582
level1_no_side_info,55,"[[0,1,0,0],[0,0,0,1],[1,0,1,1]]",0,0.09116077839697728
level1_no_side_info,55,"[[0,1,0,0],[0,0,0,1],[1,0,1,1]]",1,0.18904992830644018
level1_no_side_info,55,"[[0,1,0,0],[0,0,0,1],[1,0,1,1]]",2,0.2524638005059724
level1_no_side_info,55,"[[0,1,0,0],[0,0,0,1],[1,0,1,1]]",4,0.3281882616544462
level1_no_side_info,55,"[[0,1,0,0],[0,0,0,1],[1,0,1,1]]",8,0.39529450909261055
level1_no_side_info,55,"[[0,1,0,0],[0,0,0,1],[1,0,1,1]]",16,0.4378895873823031
level1_no_side_info,55,"[[0,1,0,0],[0,0,0,1],[1,0,1,1]]",32,0.4591604014488582
level1_no_side_info,56,"[[0,1,0,1],[0,0,1,1],[0,0,0,1]]",0,0.0
level1_no_side_info,56,"[[0,1,0,1],[0,0,1,1],[0,0,0,1]]",1,0.054707760681101614
level1_no_side_info,56,"[[0,1,0,1],[0,0,1,1],[0,0,0,1]]",2,0.08724306990352426
level1_no_side_info,56,"[[0,1,0,1],[0,0,1,1],[0,0,0,1]]",4,0.12413388205086084
level1_no_side_info,56,"[[0,1,0,1],[0,0,1,1],[0,0,0,1]]",8,0.15831484826451037
level1_no_side_info,56,"[[0,1,0,1],[0,0,1,1],[0,0,0,1]]",16,0.18395072533629997
level1_no_side_info,56,"[[0,1,0,1],[0,0,1,1],[0,0,0,1]]",32,0.19944959606350665
level1_no_side_info,57,"[[0,1,0,1],[0,0,1,1],[0,0,1,0]]",0,0.0
level1_no_side_info,57,"[[0,1,0,1],[0,0,1,1],[0,0,1,0]]",1,0.054707760681101614
level1_no_side_info,57,"[[0,1,0,1],[0,0,1,1],[0,0,1,0]]",2,0.08724306990352437
level1_no_side_info,57,"[[0,1,0,1],[0,0,1,1],[0,0,1,0]]",4,0.12413388205086084
level1_no_side_info,57,"[[0,1,0,1],[0,0,1,1],[0,0,1,0]]",8,0.15831484826451048
level1_no_side_info,57,"[[0,1,0,1],[0,0,1,1],[0,0,1,0]]",16,0.18395072533629997
level1_no_side_info,57,"[[0,1,0,1],[0,0,1,1],[0,0,1,0]]",32,0.19944959606350665
level1_no_side_info,58,"[[0,1,0,1],[0,0,1,1],[0,1,0,0]]",0,0.0
level1_no_side_info,58,"[[0,1,0,1],[0,0,1,1],[0,1,0,0]]",1,0.054707760681101614
level1_no_side_info,58,"[[0,1,0,1],[0,0,1,1],[0,1,0,0]]",2,0.08724306990352437
level1_no_side_info,58,"[[0,1,0,1],[0,0,1,1],[0,1,0,0]]",4,0.12413388205086084
level1_no_side_info,58,"[[0,1,0,1],[0,0,1,1],[0,1,0,0]]",8,0.15831484826451048
level1_no_side_info,58,"[[0,1,0,1],[0,0,1,1],[0,1,0,0]]",16,0.18395072533629997
level1_no_side_info,58,"[[0,1,0,1],[0,0,1,1],[0,1,0,0]]",32,0.19944959606350665
level1_no_side_info,59,"[[0,1,0,1],[0,0,1,1],[0,1,0,1]]",0,0.0
level1_no_side_info,59,"[[0,1,0,1],[0,0,1,1],[0,1,0,1]]",1,0.21907019637983866
level1_no_side_info,59,"[[0,1,0,1],[0,0,1,1],[0,1,0,1]]",2,0.34544943238999826
level1_no_side_info,59,"[[0,1,0,1],[0,0,1,1],[0,1,0,1]]",4,0.474279980271518
level1_no_side_info,59,"[[0,1,0,1],[0,0,1,1],[0,1,0,1]]",8,0.5715124137779335
level1_no_side_info,59,"[[0,1,0,1],[0,0,1,1],[0,1,0,1]]",16,0.6301021501664625
level1_no_side_info,59,"[[0,1,0,1],[0,0,1,1],[0,1,0,1]]",32,0.6614036248289012
level1_no_side_info,60,"[[0,1,0,1],[0,0,1,1],[0,1,1,1]]",0,0.0
level1_no_side_info,60,"[[0,1,0,1],[0,0,1,1],[0,1,1,1]]",1,0.054707760681101614
level1_no_side_info,60,"[[0,1,0,1],[0,0,1,1],[0,1,1,1]]",2,0.08724306990352437
level1_no_side_info,60,"[[0,1,0,1],[0,0,1,1],[0,1,1,1]]",4,0.12413388205086084
level1_no_side_info,60,"[[0,1,0,1],[0,0,1,1],[0,1,1,1]]",8,0.15831484826451048
level1_no_side_info,60,"[[0,1,0,1],[0,0,1,1],[0,1,1,1]]",16,0.18395072533629997
level1_no_side_info,60,"[[0,1,0,1],[0,0,1,1],[0,1,1,1]]",32,0.19944959606350665
level1_no_side_info,61,"[[0,1,0,1],[0,1,1,0],[0,0,0,1]]",0,0.0
level1_no_side_info,61,"[[0,1,0,1],[0,1,1,0],[0,0,0,1]]",1,0.054707760681101614
level1_no_side_info,61,"[[0,1,0,1],[0,1,1,0],[0,0,0,1]]",2,0.08724306990352426
level1_no_side_info,61,"[[0,1,0,1],[0,1,1,0],[0,0,0,1]]",4,0.12413388205086084
level1_no_side_info,61,"[[0,1,0,1],[0,1,1,0],[0,0,0,1]]",8,0.15831484826451037
level1_no_side_info,61,"[[0,1,0,1],[0,1,1,0],[0,0,0,1]]",16,0.18395072533629997
level1_no_side_info,61,"[[0,1,0,1],[0,1,1,0],[0,0,0,1]]",32,0.19944959606350665
level1_no_side_info,62,"[[0,1,0,1],[0,1,1,0],[0,0,1,0]]",0,0.0
level1_no_side_info,62,"[[0,1,0,1],[0,1,1,0],[0,0,1,0]]",1,0.054707760681101614
level1_no_side_info,62,"[[0,1,0,1],[0,1,1,0],[0,0,1,0]]",2,0.08724306990352437
level1_no_side_info,62,"[[0,1,0,1],[0,1,1,0],[0,0,1,0]]",4,0.12413388205086084
level1_no_side_info,62,"[[0,1,0,1],[0,1,1,0],[0,0,1,0]]",8,0.15831484826451048
level1_no_side_info,62,"[[0,1,0,1],[0,1,1,0],[0,0,1,0]]",16,0.18395072533629997
level1_no_side_info,62,"[[0,1,0,1],[0,1,1,0],[0,0,1,0]]",32,0.19944959606350665
level1_no_side_info,63,"[[0,1,0,1],[0,1,1,0],[0,1,0,0]]",0,0.0
level1_no_side_info,63,"[[0,1,0,1],[0,1,1,0],[0,1,0,0]]",1,0.054707760681101614
level1_no_side_info,63,"[[0,1,0,1],[0,1,1,0],[0,1,0,0]]",2,0.08724306990352437
level1_no_side_info,63,"[[0,1,0,1],[0,1,1,0],[0,1,0,0]]",4,0.12413388205086084
level1_no_side_info,63,"[[0,1,0,1],[0,1,1,0],[0,1,0,0]]",8,0.15831484826451048
level1_no_side_info,63,"[[0,1,0,1],[0,1,1,0],[0,1,0,0]]",16,0.18395072533629997
level1_no_side_info,63,"[[0,1,0,1],[0,1,1,0],[0,1,0,0]]",32,0.19944959606350665
level1_no_side_info,64,"[[0,1,0,1],[0,1,1,0],[0,1,0,1]]",0,0.0
level1_no_side_info,64,"[[0,1,0,1],[0,1,1,0],[0,1,0,1]]",1,0.21907019637983866
level1_no_side_info,64,"[[0,1,0,1],[0,1,1,0],[0,1,0,1]]",2,0.34544943238999826
level1_no_side_info,64,"[[0,1,0,1],[0,1,1,0],[0,1,0,1]]",4,0.474279980271518
level1_no_side_info,64,"[[0,1,0,1],[0,1,1,0],[0,1,0,1]]",8,0.5715124137779335
level1_no_side_info,64,"[[0,1,0,1],[0,1,1,0],[0,1,0,1]]",16,0.6301021501664625
level1_no_side_info,64,"[[0,1,0,1],[0,1,1,0],[0,1,0,1]]",32,0.6614036248289012
level1_no_side_info,65,"[[0,1,0,1],[0,1,1,0],[0,1,1,1]]",0,0.0
level1_no_side_info,65,"[[0,1,0,1],[0,1,1,0],[0,1,1,1]]",1,0.054707760681101614
level1_no_side_info,65,"[[0,1,0,1],[0,1,1,0],[0,1,1,1]]",2,0.08724306990352437
level1_no_side_info,65,"[[0,1,0,1],[0,1,1,0],[0,1,1,1]]",4,0.12413388205086084
level1_no_side_info,65,"[[0,1,0,1],[0,1,1,0],[0,1,1,1]]",8,0.15831484826451048
level1_no_side_info,65,"[[0,1,0,1],[0,1,1,0],[0,1,1,1]]",16,0.18395072533629997
level1_no_side_info,65,"[[0,1,0,1],[0,1,1,0],[0,1,1,1]]",32,0.19944959606350665
level1_no_side_info,66,"[[0,1,0,1],[0,1,1,0],[1,1,1,0]]",0,0.0
level1_no_side_info,66,"[[0,1,0,1],[0,1,1,0],[1,1,1,0]]",1,0.054707760681101614
level1_no_side_info,66,"[[0,1,0,1],[0,1,1,0],[1,1,1,0]]",2,0.08724306990352426
level1_no_side_info,66,"[[0,1,0,1],[0,1,1,0],[1,1,1,0]]",4,0.12413388205086084
level1_no_side_info,66,"[[0,1,0,1],[0,1,1,0],[1,1,1,0]]",8,0.15831484826451037
level1_no_side_info,66,"[[0,1,0,1],[0,1,1,0],[1,1,1,0]]",16,0.18395072533629997
level1_no_side_info,66,"[[0,1,0,1],[0,1,1,0],[1,1,1,0]]",32,0.19944959606350665
level1_no_side_info,67,"[[0,1,0,1],[0,1,1,0],[1,1,0,1]]",0,0.0
level1_no_side_info,67,"[[0,1,0,1],[0,1,1,0],[1,1,0,1]]",1,0.054707760681101614
level1_no_side_info,67,"[[0,1,0,1],[0,1,1,0],[1,1,0,1]]",2,0.08724306990352437
level1_no_side_info,67,"[[0,1,0,1],[0,1,1,0],[1,1,0,1]]",4,0.12413388205086084
level1_no_side_info,67,"[[0,1,0,1],[0,1,1,0],[1,1,0,1]]",8,0.15831484826451048
level1_no_side_info,67,"[[0,1,0,1],[0,1,1,0],[1,1,0,1]]",16,0.18395072533629997
level1_no_side_info,67,"[[0,1,0,1],[0,1,1,0],[1,1,0,1]]",32,0.19944959606350665
level1_no_side_info,68,"[[0,1,0,1],[0,1,1,0],[1,0,1,1]]",0,0.0
level1_no_side_info,68,"[[0,1,0,1],[0,1,1,0],[1,0,1,1]]",1,0.054707760681101614
level1_no_side_info,68,"[[0,1,0,1],[0,1,1,0],[1,0,1,1]]",2,0.08724306990352437
level1_no_side_info,68,"[[0,1,0,1],[0,1,1,0],[1,0,1,1]]",4,0.12413388205086084
level1_no_side_info,68,"[[0,1,0,1],[0,1,1,0],[1,0,1,1]]",8,0.15831484826451048
level1_no_side_info,68,"[[0,1,0,1],[0,1,1,0],[1,0,1,1]]",16,0.18395072533629997
level1_no_side_info,68,"[[0,1,0,1],[0,1,1,0],[1,0,1,1]]",32,0.19944959606350665
level1_no_side_info,69,"[[0,1,0,1],[0,1,1,0],[1,0,1,0]]",0,0.0
level1_no_side_info,69,"[[0,1,0,1],[0,1,1,0],[1,0,1,0]]",1,0.21907019637983866
level1_no_side_info,69,"[[0,1,0,1],[0,1,1,0],[1,0,1,0]]",2,0.34544943238999826
level1_no_side_info,69,"[[0,1,0,1],[0,1,1,0],[1,0,1,0]]",4,0.474279980271518
level1_no_side_info,69,"[[0,1,0,1],[0,1,1,0],[1,0,1,0]]",8,0.5715124137779335
level1_no_side_info,69,"[[0,1,0,1],[0,1,1,0],[1,0,1,0]]",16,0.6301021501664625
level1_no_side_info,69,"[[0,1,0,1],[0,1,1,0],[1,0,1,0]]",32,0.6614036248289012
level1_no_side_info,70,"[[0,1,0,1],[0,1,1,0],[1,0,0,0]]",0,0.0
level1_no_side_info,70,"[[0,1,0,1],[0,1,1,0],[1,0,0,0]]",1,0.054707760681101614
level1_no_side_info,70,"[[0,1,0,1],[0,1,1,0],[1,0,0,0]]",2,0.08724306990352437
level1_no_side_info,70,"[[0,1,0,1],[0,1,1,0],[1,0,0,0]]",4,0.12413388205086084
level1_no_side_info,70,"[[0,1,0,1],[0,1,1,0],[1,0,0,0]]",8,0.15831484826451048
level1_no_side_info,70,"[[0,1,0,1],[0,1,1,0],[1,0,0,0]]",16,0.18395072533629997
level1_no_side_info,70,"[[0,1,0,1],[0,1,1,0],[1,0,0,0]]",32,0.19944959606350665
level1_no_side_info,71,"[[0,1,0,1],[0,0,1,1],[1,1,1,0]]",0,0.0
level1_no_side_info,71,"[[0,1,0,1],[0,0,1,1],[1,1,1,0]]",1,0.054707760681101614
level1_no_side_info,71,"[[0,1,0,1],[0,0,1,1],[1,1,1,0]]",2,0.08724306990352426
level1_no_side_info,71,"[[0,1,0,1],[0,0,1,1],[1,1,1,0]]",4,0.12413388205086084
level1_no_side_info,71,"[[0,1,0,1],[0,0,1,1],[1,1,1,0]]",8,0.15831484826451037
level1_no_side_info,71,"[[0,1,0,1],[0,0,1,1],[1,1,1,0]]",16,0.18395072533629997
level1_no_side_info,71,"[[0,1,0,1],[0,0,1,1],[1,1,1,0]]",32,0.19944959606350665
level1_no_side_info,72,"[[0,1,0,1],[0,0,1,1],[1,1,0,1]]",0,0.0
level1_no_side_info,72,"[[0,1,0,1],[0,0,1,1],[1,1,0,1]]",1,0.054707760681101614
level1_no_side_info,72,"[[0,1,0,1],[0,0,1,1],[1,1,0,1]]",2,0.08724306990352437
level1_no_side_info,72,"[[0,1,0,1],[0,0,1,1],[1,1,0,1]]",4,0.12413388205086084
level1_no_side_info,72,"[[0,1,0,1],[0,0,1,1],[1,1,0,1]]",8,0.15831484826451048
level1_no_side_info,72,"[[0,1,0,1],[0,0,1,1],[1,1,0,1]]",16,0.18395072533629997
level1_no_side_info,72,"[[0,1,0,1],[0,0,1,1],[1,1,0,1]]",32,0.19944959606350665
level1_no_side_info,73,"[[0,1,0,1],[0,0,1,1],[1,0,1,1]]",0,0.0
level1_no_side_info,73,"[[0,1,0,1],[0,0,1,1],[1,0,1,1]]",1,0.054707760681101614
level1_no_side_info,73,"[[0,1,0,1],[0,0,1,1],[1,0,1,1]]",2,0.08724306990352437
level1_no_side_info,73,"[[0,1,0,1],[0,0,1,1],[1,0,1,1]]",4,0.12413388205086084
level1_no_side_info,73,"[[0,1,0,1],[0,0,1,1],[1,0,1,1]]",8,0.15831484826451048
level1_no_side_info,73,"[[0,1,0,1],[0,0,1,1],[1,0,1,1]]",16,0.18395072533629997
level1_no_side_info,73,"[[0,1,0,1],[0,0,1,1],[1,0,1,1]]",32,0.19944959606350665
level1_no_side_info,74,"[[0,1,0,1],[0,0,1,1],[1,0,1,0]]",0,0.0
level1_no_side_info,74,"[[0,1,0,1],[0,0,1,1],[1,0,1,0]]",1,0.21907019637983866
level1_no_side_info,74,"[[0,1,0,1],[0,0,1,1],[1,0,1,0]]",2,0.34544943238999826
level1_no_side_info,74,"[[0,1,0,1],[0,0,1,1],[1,0,1,0]]",4,0.474279980271518
level1_no_side_info,74,"[[0,1,0,1],[0,0,1,1],[1,0,1,0]]",8,0.5715124137779335
level1_no_side_info,74,"[[0,1,0,1],[0,0,1,1],[1,0,1,0]]",16,0.6301021501664625
level1_no_side_info,74,"[[0,1,0,1],[0,0,1,1],[1,0,1,0]]",32,0.6614036248289012
level1_no_side_info,75,"[[0,1,0,1],[0,0,1,1],[1,0,0,0]]",0,0.0
level1_no_side_info,75,"[[0,1,0,1],[0,0,1,1],[1,0,0,0]]",1,0.054707760681101614
level1_no_side_info,75,"[[0,1,0,1],[0,0,1,1],[1,0,0,0]]",2,0.08724306990352437
level1_no_side_info,75,"[[0,1,0,1],[0,0,1,1],[1,0,0,0]]",4,0.12413388205086084
level1_no_side_info,75,"[[0,1,0,1],[0,0,1,1],[1,0,0,0]]",8,0.15831484826451048
level1_no_side_info,75,"[[0,1,0,1],[0,0,1,1],[1,0,0,0]]",16,0.18395072533629997
level1_no_side_info,75,"[[0,1,0,1],[0,0,1,1],[1,0,0,0]]",32,0.19944959606350665
level1_no_side_info,76,"[[0,1,1,0],[0,0,1,1],[0,0,0,1]]",0,0.0
level1_no_side_info,76,"[[0,1,1,0],[0,0,1,1],[0,0,0,1]]",1,0.054707760681101614
level1_no_side_info,76,"[[0,1,1,0],[0,0,1,1],[0,0,0,1]]",2,0.08724306990352426
level1_no_side_info,76,"[[0,1,1,0],[0,0,1,1],[0,0,0,1]]",4,0.12413388205086084
level1_no_side_info,76,"[[0,1,1,0],[0,0,1,1],[0,0,0,1]]",8,0.15831484826451037
level1_no_side_info,76,"[[0,1,1,0],[0,0,1,1],[0,0,0,1]]",16,0.18395072533629997
level1_no_side_info,76,"[[0,1,1,0],[0,0,1,1],[0,0,0,1]]",32,0.19944959606350665
level1_no_side_info,77,"[[0,1,1,0],[0,0,1,1],[0,0,1,0]]",0,0.0
level1_no_side_info,77,"[[0,1,1,0],[0,0,1,1],[0,0,1,0]]",1,0.054707760681101614
level1_no_side_info,77,"[[0,1,1,0],[0,0,1,1],[0,0,1,0]]",2,0.08724306990352437
level1_no_side_info,77,"[[0,1,1,0],[0,0,1,1],[0,0,1,0]]",4,0.12413388205086084
level1_no_side_info,77,"[[0,1,1,0],[0,0,1,1],[0,0,1,0]]",8,0.15831484826451048
level1_no_side_info,77,"[[0,1,1,0],[0,0,1,1],[0,0,1,0]]",16,0.18395072533629997
level1_no_side_info,77,"[[0,1,1,0],[0,0,1,1],[0,0,1,0]]",32,0.19944959606350665
level1_no_side_info,78,"[[0,1,1,0],[0,0,1,1],[0,1,0,0]]",0,0.0
level1_no_side_info,78,"[[0,1,1,0],[0,0,1,1],[0,1,0,0]]",1,0.054707760681101614
level1_no_side_info,78,"[[0,1,1,0],[0,0,1,1],[0,1,0,0]]",2,0.08724306990352437
level1_no_side_info,78,"[[0,1,1,0],[0,0,1,1],[0,1,0,0]]",4,0.12413388205086084
level1_no_side_info,78,"[[0,1,1,0],[0,0,1,1],[0,1,0,0]]",8,0.15831484826451048
level1_no_side_info,78,"[[0,1,1,0],[0,0,1,1],[0,1,0,0]]",16,0.18395072533629997
level1_no_side_info,78,"[[0,1,1,0],[0,0,1,1],[0,1,0,0]]",32,0.19944959606350665
level1_no_side_info,79,"[[0,1,1,0],[0,0,1,1],[0,1,1,0]]",0,0.0
level1_no_side_info,79,"[[0,1,1,0],[0,0,1,1],[0,1,1,0]]",1,0.21907019637983866
level1_no_side_info,79,"[[0,1,1,0],[0,0,1,1],[0,1,1,0]]",2,0.34544943238999826
level1_no_side_info,79,"[[0,1,1,0],[0,0,1,1],[0,1,1,0]]",4,0.474279980271518
level1_no_side_info,79,"[[0,1,1,0],[0,0,1,1],[0,1,1,0]]",8,0.5715124137779335
level1_no_side_info,79,"[[0,1,1,0],[0,0,1,1],[0,1,1,0]]",16,0.6301021501664625
level1_no_side_info,79,"[[0,1,1,0],[0,0,1,1],[0,1,1,0]]",32,0.6614036248289012
level1_no_side_info,80,"[[0,1,1,0],[0,0,1,1],[0,1,1,1]]",0,0.0
level1_no_side_info,80,"[[0,1,1,0],[0,0,1,1],[0,1,1,1]]",1,0.054707760681101614
level1_no_side_info,80,"[[0,1,1,0],[0,0,1,1],[0,1,1,1]]",2,0.08724306990352437
level1_no_side_info,80,"[[0,1,1,0],[0,0,1,1],[0,1,1,1]]",4,0.12413388205086084
level1_no_side_info,80,"[[0,1,1,0],[0,0,1,1],[0,1,1,1]]",8,0.15831484826451048
level1_no_side_info,80,"[[0,1,1,0],[0,0,1,1],[0,1,1,1]]",16,0.18395072533629997
level1_no_side_info,80,"[[0,1,1,0],[0,0,1,1],[0,1,1,1]]",32,0.19944959606350665
level1_no_side_info,81,"[[0,1,1,0],[0,1,0,1],[0,0,0,1]]",0,0.0
level1_no_side_info,81,"[[0,1,1,0],[0,1,0,1],[0,0,0,1]]",1,0.054707760681101614
level1_no_side_info,81,"[[0,1,1,0],[0,1,0,1],[0,0,0,1]]",2,0.08724306990352426
level1_no_side_info,81,"[[0,1,1,0],[0,1,0,1],[0,0,0,1]]",4,0.12413388205086084
level1_no_side_info,81,"[[0,1,1,0],[0,1,0,1],[0,0,0,1]]",8,0.15831484826451037
level1_no_side_info,81,"[[0,1,1,0],[0,1,0,1],[0,0,0,1]]",16,0.18395072533629997
level1_no_side_info,81,"[[0,1,1,0],[0,1,0,1],[0,0,0,1]]",32,0.19944959606350665
level1_no_side_info,82,"[[0,1,1,0],[0,1,0,1],[0,0,1,0]]",0,0.0
level1_no_side_info,82,"[[0,1,1,0],[0,1,0,1],[0,0,1,0]]",1,0.054707760681101614
level1_no_side_info,82,"[[0,1,1,0],[0,1,0,1],[0,0,1,0]]",2,0.08724306990352437
level1_no_side_info,82,"[[0,1,1,0],[0,1,0,1],[0,0,1,0]]",4,0.12413388205086084
level1_no_side_info,82,"[[0,1,1,0],[0,1,0,1],[0,0,1,0]]",8,0.15831484826451048
level1_no_side_info,82,"[[0,1,1,0],[0,1,0,1],[0,0,1,0]]",16,0.18395072533629997
level1_no_side_info,82,"[[0,1,1,0],[0,1,0,1],[0,0,1,0]]",32,0.19944959606350665
level1_no_side_info,83,"[[0,1,1,0],[0,1,0,1],[0,1,0,0]]",0,0.0
level1_no_side_info,83,"[[0,1,1,0],[0,1,0,1],[0,1,0,0]]",1,0.054707760681101614
level1_no_side_info,83,"[[0,1,1,0],[0,1,0,1],[0,1,0,0]]",2,0.08724306990352437
level1_no_side_info,83,"[[0,1,1,0],[0,1,0,1],[0,1,0,0]]",4,0.12413388205086084
level1_no_side_info,83,"[[0,1,1,0],[0,1,0,1],[0,1,0,0]]",8,0.15831484826451048
level1_no_side_info,83,"[[0,1,1,0],[0,1,0,1],[0,1,0,0]]",16,0.18395072533629997
level1_no_side_info,83,"[[0,1,1,0],[0,1,0,1],[0,1,0,0]]",32,0.19944959606350665
level1_no_side_info,84,"[[0,1,1,0],[0,1,0,1],[0,1,1,0]]",0,0.0
level1_no_side_info,84,"[[0,1,1,0],[0,1,0,1],[0,1,1,0]]",1,0.21907019637983866
level1_no_side_info,84,"[[0,1,1,0],[0,1,0,1],[0,1,1,0]]",2,0.34544943238999826
level1_no_side_info,84,"[[0,1,1,0],[0,1,0,1],[0,1,1,0]]",4,0.474279980271518
level1_no_side_info,84,"[[0,1,1,0],[0,1,0,1],[0,1,1,0]]",8,0.5715124137779335
level1_no_side_info,84,"[[0,1,1,0],[0,1,0,1],[0,1,1,0]]",16,0.6301021501664625
level1_no_side_info,84,"[[0,1,1,0],[0,1,0,1],[0,1,1,0]]",32,0.6614036248289012
level1_no_side_info,85,"[[0,1,1,0],[0,1,0,1],[0,1,1,1]]",0,0.0
level1_no_side_info,85,"[[0,1,1,0],[0,1,0,1],[0,1,1,1]]",1,0.054707760681101614
level1_no_side_info,85,"[[0,1,1,0],[0,1,0,1],[0,1,1,1]]",2,0.08724306990352437
level1_no_side_info,85,"[[0,1,1,0],[0,1,0,1],[0,1,1,1]]",4,0.12413388205086084
level1_no_side_info,85,"[[0,1,1,0],[0,1,0,1],[0,1,1,1]]",8,0.15831484826451048
level1_no_side_info,85,"[[0,1,1,0],[0,1,0,1],[0,1,1,1]]",16,0.18395072533629997
level1_no_side_info,85,"[[0,1,1,0],[0,1,0,1],[0,1,1,1]]",32,0.19944959606350665
level1_no_side_info,86,"[[0,1,1,0],[0,1,0,1],[1,1,1,0]]",0,0.0
level1_no_side_info,86,"[[0,1,1,0],[0,1,0,1],[1,1,1,0]]",1,0.054707760681101614
level1_no_side_info,86,"[[0,1,1,0],[0,1,0,1],[1,1,1,0]]",2,0.08724306990352426
level1_no_side_info,86,"[[0,1,1,0],[0,1,0,1],[1,1,1,0]]",4,0.12413388205086084
level1_no_side_info,86,"[[0,1,1,0],[0,1,0,1],[1,1,1,0]]",8,0.15831484826451037
level1_no_side_info,86,"[[0,1,1,0],[0,1,0,1],[1,1,1,0]]",16,0.18395072533629997
level1_no_side_info,86,"[[0,1,1,0],[0,1,0,1],[1,1,1,0]]",32,0.19944959606350665
level1_no_side_info,87,"[[0,1,1,0],[0,1,0,1],[1,1,0,1]]",0,0.0
level1_no_side_info,87,"[[0,1,1,0],[0,1,0,1],[1,1,0,1]]",1,0.054707760681101614
level1_no_side_info,87,"[[0,1,1,0],[0,1,0,1],[1,1,0,1]]",2,0.08724306990352437
level1_no_side_info,87,"[[0,1,1,0],[0,1,0,1],[1,1,0,1]]",4,0.12413388205086084
level1_no_side_info,87,"[[0,1,1,0],[0,1,0,1],[1,1,0,1]]",8,0.15831484826451048
level1_no_side_info,87,"[[0,1,1,0],[0,1,0,1],[1,1,0,1]]",16,0.18395072533629997
level1_no_side_info,87,"[[0,1,1,0],[0,1,0,1],[1,1,0,1]]",32,0.19944959606350665
level1_no_side_info,88,"[[0,1,1,0],[0,1,0,1],[1,0,1,1]]",0,0.0
level1_no_side_info,88,"[[0,1,1,0],[0,1,0,1],[1,0,1,1]]",1,0.054707760681101614
level1_no_side_info,88,"[[0,1,1,0],[0,1,0,1],[1,0,1,1]]",2,0.08724306990352437
level1_no_side_info,88,"[[0,1,1,0],[0,1,0,1],[1,0,1,1]]",4,0.12413388205086084
level1_no_side_info,88,"[[0,1,1,0],[0,1,0,1],[1,0,1,1]]",8,0.15831484826451048
level1_no_side_info,88,"[[0,1,1,0],[0,1,0,1],[1,0,1,1]]",16,0.18395072533629997
level1_no_side_info,88,"[[0,1,1,0],[0,1,0,1],[1,0,1,1]]",32,0.19944959606350665
level1_no_side_info,89,"[[0,1,1,0],[0,1,0,1],[1,0,0,1]]",0,0.0
level1_no_side_info,89,"[[0,1,1,0],[0,1,0,1],[1,0,0,1]]",1,0.21907019637983866
level1_no_side_info,89,"[[0,1,1,0],[0,1,0,1],[1,0,0,1]]",2,0.34544943238999826
level1_no_side_info,89,"[[0,1,1,0],[0,1,0,1],[1,0,0,1]]",4,0.474279980271518
level1_no_side_info,89,"[[0,1,1,0],[0,1,0,1],[1,0,0,1]]",8,0.5715124137779335
level1_no_side_info,89,"[[0,1,1,0],[0,1,0,1],[1,0,0,1]]",16,0.6301021501664625
level1_no_side_info,89,"[[0,1,1,0],[0,1,0,1],[1,0,0,1]]",32,0.6614036248289012
level1_no_side_info,90,"[[0,1,1,0],[0,1,0,1],[1,0,0,0]]",0,0.0
level1_no_side_info,90,"[[0,1,1,0],[0,1,0,1],[1,0,0,0]]",1,0.054707760681101614
level1_no_side_info,90,"[[0,1,1,0],[0,1,0,1],[1,0,0,0]]",2,0.08724306990352437
level1_no_side_info,90,"[[0,1,1,0],[0,1,0,1],[1,0,0,0]]",4,0.12413388205086084
level1_no_side_info,90,"[[0,1,1,0],[0,1,0,1],[1,0,0,0]]",8,0.15831484826451048
level1_no_side_info,90,"[[0,1,1,0],[0,1,0,1],[1,0,0,0]]",16,0.18395072533629997
level1_no_side_info,90,"[[0,1,1,0],[0,1,0,1],[1,0,0,0]]",32,0.19944959606350665
level1_no_side_info,91,"[[0,1,1,0],[0,0,1,1],[1,1,1,0]]",0,0.0
level1_no_side_info,91,"[[0,1,1,0],[0,0,1,1],[1,1,1,0]]",1,0.054707760681101614
level1_no_side_info,91,"[[0,1,1,0],[0,0,1,1],[1,1,1,0]]",2,0.08724306990352426
level1_no_side_info,91,"[[0,1,1,0],[0,0,1,1],[1,1,1,0]]",4,0.12413388205086084
level1_no_side_info,91,"[[0,1,1,0],[0,0,1,1],[1,1,1,0]]",8,0.15831484826451037
level1_no_side_info,91,"[[0,1,1,0],[0,0,1,1],[1,1,1,0]]",16,0.18395072533629997
level1_no_side_info,91,"[[0,1,1,0],[0,0,1,1],[1,1,1,0]]",32,0.19944959606350665
level1_no_side_info,92,"[[0,1,1,0],[0,0,1,1],[1,1,0,1]]",0,0.0
level1_no_side_info,92,"[[0,1,1,0],[0,0,1,1],[1,1,0,1]]",1,0.054707760681101614
level1_no_side_info,92,"[[0,1,1,0],[0,0,1,1],[1,1,0,1]]",2,0.08724306990352437
level1_no_side_info,92,"[[0,1,1,0],[0,0,1,1],[1,1,0,1]]",4,0.12413388205086084
level1_no_side_info,92,"[[0,1,1,0],[0,0,1,1],[1,1,0,1]]",8,0.15831484826451048
level1_no_side_info,92,"[[0,1,1,0],[0,0,1,1],[1,1,0,1]]",16,0.18395072533629997
level1_no_side_info,92,"[[0,1,1,0],[0,0,1,1],[1,1,0,1]]",32,0.19944959606350665
level1_no_side_info,93,"[[0,1,1,0],[0,0,1,1],[1,0,1,1]]",0,0.0
level1_no_side_info,93,"[[0,1,1,0],[0,0,1,1],[1,0,1,1]]",1,0.054707760681101614
level1_no_side_info,93,"[[0,1,1,0],[0,0,1,1],[1,0,1,1]]",2,0.08724306990352437
level1_no_side_info,93,"[[0,1,1,0],[0,0,1,1],[1,0,1,1]]",4,0.12413388205086084
level1_no_side_info,93,"[[0,1,1,0],[0,0,1,1],[1,0,1,1]]",8,0.15831484826451048
level1_no_side_info,93,"[[0,1,1,0],[0,0,1,1],[1,0,1,1]]",16,0.18395072533629997
level1_no_side_info,93,"[[0,1,1,0],[0,0,1,1],[1,0,1,1]]",32,0.19944959606350665
level1_no_side_info,94,"[[0,1,1,0],[0,0,1,1],[1,0,0,1]]",0,0.0
level1_no_side_info,94,"[[0,1,1,0],[0,0,1,1],[1,0,0,1]]",1,0.21907019637983866
level1_no_side_info,94,"[[0,1,1,0],[0,0,1,1],[1,0,0,1]]",2,0.34544943238999826
level1_no_side_info,94,"[[0,1,1,0],[0,0,1,1],[1,0,0,1]]",4,0.474279980271518
level1_no_side_info,94,"[[0,1,1,0],[0,0,1,1],[1,0,0,1]]",8,0.5715124137779335
level1_no_side_info,94,"[[0,1,1,0],[0,0,1,1],[1,0,0,1]]",16,0.6301021501664625
level1_no_side_info,94,"[[0,1,1,0],[0,0,1,1],[1,0,0,1]]",32,0.6614036248289012
level1_no_side_info,95,"[[0,1,1,0],[0,0,1,1],[1,0,0,0]]",0,0.0
level1_no_side_info,95,"[[0,1,1,0],[0,0,1,1],[1,0,0,0]]",1,0.054707760681101614
level1_no_side_info,95,"[[0,1,1,0],[0,0,1,1],[1,0,0,0]]",2,0.08724306990352437
level1_no_side_info,95,"[[0,1,1,0],[0,0,1,1],[1,0,0,0]]",4,0.12413388205086084
level1_no_side_info,95,"[[0,1,1,0],[0,0,1,1],[1,0,0,0]]",8,0.15831484826451048
level1_no_side_info,95,"[[0,1,1,0],[0,0,1,1],[1,0,0,0]]",16,0.18395072533629997
level1_no_side_info,95,"[[0,1,1,0],[0,0,1,1],[1,0,0,0]]",32,0.19944959606350665
level1_no_side_info,96,"[[0,1,1,1],[0,0,0,1],[0,1,1,1]]",0,0.09116077839697728
level1_no_side_info,96,"[[0,1,1,1],[0,0,0,1],[0,1,1,1]]",1,0.18904992830644018
level1_no_side_info,96,"[[0,1,1,1],[0,0,0,1],[0,1,1,1]]",2,0.2524638005059724
level1_no_side_info,96,"[[0,1,1,1],[0,0,0,1],[0,1,1,1]]",4,0.3281882616544462
level1_no_side_info,96,"[[0,1,1,1],[0,0,0,1],[0,1,1,1]]",8,0.39529450909261055
level1_no_side_info,96,"[[0,1,1,1],[0,0,0,1],[0,1,1,1]]",16,0.4378895873823031
level1_no_side_info,96,"[[0,1,1,1],[0,0,0,1],[0,1,1,1]]",32,0.4591604014488582
level1_no_side_info,97,"[[0,1,1,1],[0,0,1,0],[0,1,1,1]]",0,0.09116077839697728
level1_no_side_info,97,"[[0,1,1,1],[0,0,1,0],[0,1,1,1]]",1,0.18904992830644018
level1_no_side_info,97,"[[0,1,1,1],[0,0,1,0],[0,1,1,1]]",2,0.2524638005059724
level1_no_side_info,97,"[[0,1,1,1],[0,0,1,0],[0,1,1,1]]",4,0.3281882616544461
level1_no_side_info,97,"[[0,1,1,1],[0,0,1,0],[0,1,1,1]]",8,0.39529450909261066
level1_no_side_info,97,"[[0,1,1,1],[0,0,1,0],[0,1,1,1]]",16,0.4378895873823031
level1_no_side_info,97,"[[0,1,1,1],[0,0,1,0],[0,1,1,1]]",32,0.4591604014488582
level1_no_side_info,98,"[[0,1,1,1],[0,1,0,0],[0,1,1,1]]",0,0.09116077839697728
level1_no_side_info,98,"[[0,1,1,1],[0,1,0,0],[0,1,1,1]]",1,0.18904992830644018
level1_no_side_info,98,"[[0,1,1,1],[0,1,0,0],[0,1,1,1]]",2,0.2524638005059724
level1_no_side_info,98,"[[0,1,1,1],[0,1,0,0],[0,1,1,1]]",4,0.3281882616544461
level1_no_side_info,98,"[[0,1,1,1],[0,1,0,0],[0,1,1,1]]",8,0.39529450909261066
level1_no_side_info,98,"[[0,1,1,1],[0,1,0,0],[0,1,1,1]]",16,0.4378895873823031
level1_no_side_info,98,"[[0,1,1,1],[0,1,0,0],[0,1,1,1]]",32,0.4591604014488582
level1_no_side_info,99,"[[0,1,1,1],[0,1,0,0],[0,1,1,1]]",0,0.09116077839697728
level1_no_side_info,99,"[[0,1,1,1],[0,1,0,0],[0,1,1,1]]",1,0.18904992830644018
level1_no_side_info,99,"[[0,1,1,1],[0,1,0,0],[0,1,1,1]]",2,0.2524638005059724
level1_no_side_info,99,"[[0,1,1,1],[0,1,0,0],[0,1,1,1]]",4,0.3281882616544461
level1_no_side_info,99,"[[0,1,1,1],[0,1,0,0],[0,1,1,1]]",8,0.39529450909261066
level1_no_side_info,99,"[[0,1,1,1],[0,1,0,0],[0,1,1,1]]",16,0.4378895873823031
level1_no_side_info,99,"[[0,1,1,1],[0,1,0,0],[0,1,1,1]]",32,0.4591604014488582
level1_no_side_info,100,"[[0,1,1,1],[0,0,1,0],[0,1,1,1]]",0,0.09116077839697728
level1_no_side_info,100,"[[0,1,1,1],[0,0,1,0],[0,1,1,1]]",1,0.18904992830644018
level1_no_side_info,100,"[[0,1,1,1],[0,0,1,0],[0,1,1,1]]",2,0.2524638005059724
level1_no_side_info,100,"[[0,1,1,1],[0,0,1,0],[0,1,1,1]]",4,0.3281882616544461
level1_no_side_info,100,"[[0,1,1,1],[0,0,1,0],[0,1,1,1]]",8,0.39529450909261066
level1_no_side_info,100,"[[0,1,1,1],[0,0,1,0],[0,1,1,1]]",16,0.4378895873823031
level1_no_side_info,100,"[[0,1,1,1],[0,0,1,0],[0,1,1,1]]",32,0.4591604014488582
level1_no_side_info,101,"[[0,1,1,1],[0,0,0,1],[0,1,1,1]]",0,0.09116077839697728
level1_no_side_info,101,"[[0,1,1,1],[0,0,0,1],[0,1,1,1]]",1,0.18904992830644018
level1_no_side_info,101,"[[0,1,1,1],[0,0,0,1],[0,1,1,1]]",2,0.2524638005059724
level1_no_side_info,101,"[[0,1,1,1],[0,0,0,1],[0,1,1,1]]",4,0.3281882616544462
level1_no_side_info,101,"[[0,1,1,1],[0,0,0,1],[0,1,1,1]]",8,0.39529450909261055
level1_no_side_info,101,"[[0,1,1,1],[0,0,0,1],[0,1,1,1]]",16,0.4378895873823031
level1_no_side_info,101,"[[0,1,1,1],[0,0,0,1],[0,1,1,1]]",32,0.4591604014488582
level1_no_side_info,102,"[[0,1,1,1],[0,0,0,1],[0,1,1,1]]",0,0.09116077839697728
level1_no_side_info,102,"[[0,1,1,1],[0,0,0,1],[0,1,1,1]]",1,0.18904992830644018
level1_no_side_info,102,"[[0,1,1,1],[0,0,0,1],[0,1,1,1]]",2,0.2524638005059724
level1_no_side_info,102,"[[0,1,1,1],[0,0,0,1],[0,1,1,1]]",4,0.3281882616544462
level1_no_side_info,102,"[[0,1,1,1],[0,0,0,1],[0,1,1,1]]",8,0.39529450909261055
level1_no_side_info,102,"[[0,1,1,1],[0,0,0,1],[0,1,1,1]]",16,0.4378895873823031
level1_no_side_info,102,"[[0,1,1,1],[0,0,0,1],[0,1,1,1]]",32,0.4591604014488582
level1_no_side_info,103,"[[0,1,1,1],[0,0,1,0],[0,1,1,1]]",0,0.09116077839697728
level1_no_side_info,103,"[[0,1,1,1],[0,0,1,0],[0,1,1,1]]",1,0.18904992830644018
level1_no_side_info,103,"[[0,1,1,1],[0,0,1,0],[0,1,1,1]]",2,0.2524638005059724
level1_no_side_info,103,"[[0,1,1,1],[0,0,1,0],[0,1,1,1]]",4,0.3281882616544461
level1_no_side_info,103,"[[0,1,1,1],[0,0,1,0],[0,1,1,1]]",8,0.39529450909261066
level1_no_side_info,103,"[[0,1,1,1],[0,0,1,0],[0,1,1,1]]",16,0.4378895873823031
level1_no_side_info,103,"[[0,1,1,1],[0,0,1,0],[0,1,1,1]]",32,0.4591604014488582
level1_no_side_info,104,"[[0,1,1,1],[0,0,1,1],[0,1,1,1]]",0,0.12770640594149768
level1_no_side_info,104,"[[0,1,1,1],[0,0,1,1],[0,1,1,1]]",1,0.17222110816970532
level1_no_side_info,104,"[[0,1,1,1],[0,0,1,1],[0,1,1,1]]",2,0.203601635853914
level1_no_side_info,104,"[[0,1,1,1],[0,0,1,1],[0,1,1,1]]",4,0.24403160418802317
level1_no_side_info,104,"[[0,1,1,1],[0,0,1,1],[0,1,1,1]]",8,0.28388886305216804
level1_no_side_info,104,"[[0,1,1,1],[0,0,1,1],[0,1,1,1]]",16,0.3129982914601685
level1_no_side_info,104,"[[0,1,1,1],[0,0,1,1],[0,1,1,1]]",32,0.32978371752696434
level1_no_side_info,105,"[[0,1,1,1],[0,1,0,0],[0,1,1,1]]",0,0.09116077839697728
level1_no_side_info,105,"[[0,1,1,1],[0,1,0,0],[0,1,1,1]]",1,0.18904992830644018
level1_no_side_info,105,"[[0,1,1,1],[0,1,0,0],[0,1,1,1]]",2,0.2524638005059724
level1_no_side_info,105,"[[0,1,1,1],[0,1,0,0],[0,1,1,1]]",4,0.3281882616544461
level1_no_side_info,105,"[[0,1,1,1],[0,1,0,0],[0,1,1,1]]",8,0.39529450909261066
level1_no_side_info,105,"[[0,1,1,1],[0,1,0,0],[0,1,1,1]]",16,0.4378895873823031
level1_no_side_info,105,"[[0,1,1,1],[0,1,0,0],[0,1,1,1]]",32,0.4591604014488582
level1_no_side_info,106,"[[0,1,1,1],[0,1,0,1],[0,1,1,1]]",0,0.12770640594149768
level1_no_side_info,106,"[[0,1,1,1],[0,1,0,1],[0,1,1,1]]",1,0.17222110816970532
level1_no_side_info,106,"[[0,1,1,1],[0,1,0,1],[0,1,1,1]]",2,0.20360163585391394
level1_no_side_info,106,"[[0,1,1,1],[0,1,0,1],[0,1,1,1]]",4,0.2440316041880231
level1_no_side_info,106,"[[0,1,1,1],[0,1,0,1],[0,1,1,1]]",8,0.28388886305216804
level1_no_side_info,106,"[[0,1,1,1],[0,1,0,1],[0,1,1,1]]",16,0.31299829146016844
level1_no_side_info,106,"[[0,1,1,1],[0,1,0,1],[0,1,1,1]]",32,0.3297837175269643
level1_no_side_info,107,"[[0,1,1,1],[0,1,1,0],[0,1,1,1]]",0,0.12770640594149762
level1_no_side_info,107,"[[0,1,1,1],[0,1,1,0],[0,1,1,1]]",1,0.17222110816970537
level1_no_side_info,107,"[[0,1,1,1],[0,1,1,0],[0,1,1,1]]",2,0.20360163585391394
level1_no_side_info,107,"[[0,1,1,1],[0,1,1,0],[0,1,1,1]]",4,0.2440316041880231
level1_no_side_info,107,"[[0,1,1,1],[0,1,1,0],[0,1,1,1]]",8,0.28388886305216804
level1_no_side_info,107,"[[0,1,1,1],[0,1,1,0],[0,1,1,1]]",16,0.31299829146016844
level1_no_side_info,107,"[[0,1,1,1],[0,1,1,0],[0,1,1,1]]",32,0.3297837175269643
level1_no_side_info,108,"[[0,1,1,1],[0,1,1,0],[0,1,1,1]]",0,0.12770640594149762
level1_no_side_info,108,"[[0,1,1,1],[0,1,1,0],[0,1,1,1]]",1,0.17222110816970537
level1_no_side_info,108,"[[0,1,1,1],[0,1,1,0],[0,1,1,1]]",2,0.20360163585391394
level1_no_side_info,108,"[[0,1,1,1],[0,1,1,0],[0,1,1,1]]",4,0.2440316041880231
level1_no_side_info,108,"[[0,1,1,1],[0,1,1,0],[0,1,1,1]]",8,0.28388886305216804
level1_no_side_info,108,"[[0,1,1,1],[0,1,1,0],[0,1,1,1]]",16,0.31299829146016844
level1_no_side_info,108,"[[0,1,1,1],[0,1,1,0],[0,1,1,1]]",32,0.3297837175269643
level1_no_side_info,109,"[[0,1,1,1],[0,1,0,1],[0,1,1,1]]",0,0.12770640594149768
level1_no_side_info,109,"[[0,1,1,1],[0,1,0,1],[0,1,1,1]]",1,0.17222110816970532
level1_no_side_info,109,"[[0,1,1,1],[0,1,0,1],[0,1,1,1]]",2,0.20360163585391394
level1_no_side_info,109,"[[0,1,1,1],[0,1,0,1],[0,1,1,1]]",4,0.2440316041880231
level1_no_side_info,109,"[[0,1,1,1],[0,1,0,1],[0,1,1,1]]",8,0.28388886305216804
level1_no_side_info,109,"[[0,1,1,1],[0,1,0,1],[0,1,1,1]]",16,0.31299829146016844
level1_no_side_info,109,"[[0,1,1,1],[0,1,0,1],[0,1,1,1]]",32,0.3297837175269643
level1_no_side_info,110,"[[0,1,1,1],[0,1,0,0],[0,1,1,1]]",0,0.09116077839697728
level1_no_side_info,110,"[[0,1,1,1],[0,1,0,0],[0,1,1,1]]",1,0.18904992830644018
level1_no_side_info,110,"[[0,1,1,1],[0,1,0,0],[0,1,1,1]]",2,0.2524638005059724
level1_no_side_info,110,"[[0,1,1,1],[0,1,0,0],[0,1,1,1]]",4,0.3281882616544461
level1_no_side_info,110,"[[0,1,1,1],[0,1,0,0],[0,1,1,1]]",8,0.39529450909261066
level1_no_side_info,110,"[[0,1,1,1],[0,1,0,0],[0,1,1,1]]",16,0.4378895873823031
level1_no_side_info,110,"[[0,1,1,1],[0,1,0,0],[0,1,1,1]]",32,0.4591604014488582
level1_no_side_info,111,"[[0,1,1,1],[0,0,1,1],[0,1,1,1]]",0,0.12770640594149768
level1_no_side_info,111,"[[0,1,1,1],[0,0,1,1],[0,1,1,1]]",1,0.17222110816970532
level1_no_side_info,111,"[[0,1,1,1],[0,0,1,1],[0,1,1,1]]",2,0.203601635853914
level1_no_side_info,111,"[[0,1,1,1],[0,0,1,1],[0,1,1,1]]",4,0.24403160418802317
level1_no_side_info,111,"[[0,1,1,1],[0,0,1,1],[0,1,1,1]]",8,0.28388886305216804
level1_no_side_info,111,"[[0,1,1,1],[0,0,1,1],[0,1,1,1]]",16,0.3129982914601685
level1_no_side_info,111,"[[0,1,1,1],[0,0,1,1],[0,1,1,1]]",32,0.32978371752696434
level1_no_side_info,112,"[[0,1,1,1],[0,0,1,0],[0,1,1,1]]",0,0.09116077839697728
level1_no_side_info,112,"[[0,1,1,1],[0,0,1,0],[0,1,1,1]]",1,0.18904992830644018
level1_no_side_info,112,"[[0,1,1,1],[0,0,1,0],[0,1,1,1]]",2,0.2524638005059724
level1_no_side_info,112,"[[0,1,1,1],[0,0,1,0],[0,1,1,1]]",4,0.3281882616544461
level1_no_side_info,112,"[[0,1,1,1],[0,0,1,0],[0,1,1,1]]",8,0.39529450909261066
level1_no_side_info,112,"[[0,1,1,1],[0,0,1,0],[0,1,1,1]]",16,0.4378895873823031
level1_no_side_info,112,"[[0,1,1,1],[0,0,1,0],[0,1,1,1]]",32,0.4591604014488582
level1_no_side_info,113,"[[0,1,1,1],[0,0,0,1],[0,1,1,1]]",0,0.09116077839697728
level1_no_side_info,113,"[[0,1,1,1],[0,0,0,1],[0,1,1,1]]",1,0.18904992830644018
level1_no_side_info,113,"[[0,1,1,1],[0,0,0,1],[0,1,1,1]]",2,0.2524638005059724
level1_no_side_info,113,"[[0,1,1,1],[0,0,0,1],[0,1,1,1]]",4,0.3281882616544462
level1_no_side_info,113,"[[0,1,1,1],[0,0,0,1],[0,1,1,1]]",8,0.39529450909261055
level1_no_side_info,113,"[[0,1,1,1],[0,0,0,1],[0,1,1,1]]",16,0.4378895873823031
level1_no_side_info,113,"[[0,1,1,1],[0,0,0,1],[0,1,1,1]]",32,0.4591604014488582
level1_no_side_info,114,"[[0,1,1,0],[0,0,1,1],[0,0,0,1]]",0,0.0
level1_no_side_info,114,"[[0,1,1,0],[0,0,1,1],[0,0,0,1]]",1,0.054707760681101614
level1_no_side_info,114,"[[0,1,1,0],[0,0,1,1],[0,0,0,1]]",2,0.08724306990352426
level1_no_side_info,114,"[[0,1,1,0],[0,0,1,1],[0,0,0,1]]",4,0.12413388205086084
level1_no_side_info,114,"[[0,1,1,0],[0,0,1,1],[0,0,0,1]]",8,0.15831484826451037
level1_no_side_info,114,"[[0,1,1,0],[0,0,1,1],[0,0,0,1]]",16,0.18395072533629997
level1_no_side_info,114,"[[0,1,1,0],[0,0,1,1],[0,0,0,1]]",32,0.19944959606350665
level1_no_side_info,115,"[[0,1,1,0],[0,0,1,1],[0,0,1,0]]",0,0.0
level1_no_side_info,115,"[[0,1,1,0],[0,0,1,1],[0,0,1,0]]",1,0.054707760681101614
level1_no_side_info,115,"[[0,1,1,0],[0,0,1,1],[0,0,1,0]]",2,0.08724306990352437
level1_no_side_info,115,"[[0,1,1,0],[0,0,1,1],[0,0,1,0]]",4,0.12413388205086084
level1_no_side_info,115,"[[0,1,1,0],[0,0,1,1],[0,0,1,0]]",8,0.15831484826451048
level1_no_side_info,115,"[[0,1,1,0],[0,0,1,1],[0,0,1,0]]",16,0.18395072533629997
level1_no_side_info,115,"[[0,1,1,0],[0,0,1,1],[0,0,1,0]]",32,0.19944959606350665
level1_no_side_info,116,"[[0,1,1,0],[0,0,1,1],[0,1,0,0]]",0,0.0
level1_no_side_info,116,"[[0,1,1,0],[0,0,1,1],[0,1,0,0]]",1,0.054707760681101614
level1_no_side_info,116,"[[0,1,1,0],[0,0,1,1],[0,1,0,0]]",2,0.08724306990352437
level1_no_side_info,116,"[[0,1,1,0],[0,0,1,1],[0,1,0,0]]",4,0.12413388205086084
level1_no_side_info,116,"[[0,1,1,0],[0,0,1,1],[0,1,0,0]]",8,0.15831484826451048
level1_no_side_info,116,"[[0,1,1,0],[0,0,1,1],[0,1,0,0]]",16,0.18395072533629997
level1_no_side_info,116,"[[0,1,1,0],[0,0,1,1],[0,1,0,0]]",32,0.19944959606350665
level1_no_side_info,117,"[[0,1,1,0],[0,0,1,1],[0,1,1,0]]",0,0.0
level1_no_side_info,117,"[[0,1,1,0],[0,0,1,1],[0,1,1,0]]",1,0.21907019637983866
level1_no_side_info,117,"[[0,1,1,0],[0,0,1,1],[0,1,1,0]]",2,0.34544943238999826
level1_no_side_info,117,"[[0,1,1,0],[0,0,1,1],[0,1,1,0]]",4,0.474279980271518
level1_no_side_info,117,"[[0,1,1,0],[0,0,1,1],[0,1,1,0]]",8,0.5715124137779335
level1_no_side_info,117,"[[0,1,1,0],[0,0,1,1],[0,1,1,0]]",16,0.6301021501664625
level1_no_side_info,117,"[[0,1,1,0],[0,0,1,1],[0,1,1,0]]",32,0.6614036248289012
level1_no_side_info,118,"[[0,1,1,0],[0,0,1,1],[0,1,1,1]]",0,0.0
level1_no_side_info,118,"[[0,1,1,0],[0,0,1,1],[0,1,1,1]]",1,0.054707760681101614
level1_no_side_info,118,"[[0,1,1,0],[0,0,1,1],[0,1,1,1]]",2,0.08724306990352437
level1_no_side_info,118,"[[0,1,1,0],[0,0,1,1],[0,1,1,1]]",4,0.12413388205086084
level1_no_side_info,118,"[[0,1,1,0],[0,0,1,1],[0,1,1,1]]",8,0.15831484826451048
level1_no_side_info,118,"[[0,1,1,0],[0,0,1,1],[0,1,1,1]]",16,0.18395072533629997
level1_no_side_info,118,"[[0,1,1,0],[0,0,1,1],[0,1,1,1]]",32,0.19944959606350665
level1_no_side_info,119,"[[0,1,1,0],[0,1,0,1],[0,0,0,1]]",0,0.0
level1_no_side_info,119,"[[0,1,1,0],[0,1,0,1],[0,0,0,1]]",1,0.054707760681101614
level1_no_side_info,119,"[[0,1,1,0],[0,1,0,1],[0,0,0,1]]",2,0.08724306990352426
level1_no_side_info,119,"[[0,1,1,0],[0,1,0,1],[0,0,0,1]]",4,0.12413388205086084
level1_no_side_info,119,"[[0,1,1,0],[0,1,0,1],[0,0,0,1]]",8,0.15831484826451037
level1_no_side_info,119,"[[0,1,1,0],[0,1,0,1],[0,0,0,1]]",16,0.18395072533629997
level1_no_side_info,119,"[[0,1,1,0],[0,1,0,1],[0,0,0,1]]",32,0.19944959606350665
level1_no_side_info,120,"[[0,1,1,0],[0,1,0,1],[0,0,1,0]]",0,0.0
level1_no_side_info,120,"[[0,1,1,0],[0,1,0,1],[0,0,1,0]]",1,0.054707760681101614
level1_no_side_info,120,"[[0,1,1,0],[0,1,0,1],[0,0,1,0]]",2,0.08724306990352437
level1_no_side_info,120,"[[0,1,1,0],[0,1,0,1],[0,0,1,0]]",4,0.12413388205086084
level1_no_side_info,120,"[[0,1,1,0],[0,1,0,1],[0,0,1,0]]",8,0.15831484826451048
level1_no_side_info,120,"[[0,1,1,0],[0,1,0,1],[0,0,1,0]]",16,0.18395072533629997
level1_no_side_info,120,"[[0,1,1,0],[0,1,0,1],[0,0,1,0]]",32,0.19944959606350665
level1_no_side_info,121,"[[0,1,1,0],[0,1,0,1],[0,1,0,0]]",0,0.0
level1_no_side_info,121,"[[0,1,1,0],[0,1,0,1],[0,1,0,0]]",1,0.054707760681101614
level1_no_side_info,121,"[[0,1,1,0],[0,1,0,1],[0,1,0,0]]",2,0.08724306990352437
level1_no_side_info,121,"[[0,1,1,0],[0,1,0,1],[0,1,0,0]]",4,0.12413388205086084
level1_no_side_info,121,"[[0,1,1,0],[0,1,0,1],[0,1,0,0]]",8,0.15831484826451048
level1_no_side_info,121,"[[0,1,1,0],[0,1,0,1],[0,1,0,0]]",16,0.18395072533629997
level1_no_side_info,121,"[[0,1,1,0],[0,1,0,1],[0,1,0,0]]",32,0.19944959606350665
level1_no_side_info,122,"[[0,1,1,0],[0,1,0,1],[0,1,1,0]]",0,0.0
level1_no_side_info,122,"[[0,1,1,0],[0,1,0,1],[0,1,1,0]]",1,0.21907019637983866
level1_no_side_info,122,"[[0,1,1,0],[0,1,0,1],[0,1,1,0]]",2,0.34544943238999826
level1_no_side_info,122,"[[0,1,1,0],[0,1,0,1],[0,1,1,0]]",4,0.474279980271518
level1_no_side_info,122,"[[0,1,1,0],[0,1,0,1],[0,1,1,0]]",8,0.5715124137779335
level1_no_side_info,122,"[[0,1,1,0],[0,1,0,1],[0,1,1,0]]",16,0.6301021501664625
level1_no_side_info,122,"[[0,1,1,0],[0,1,0,1],[0,1,1,0]]",32,0.6614036248289012
level1_no_side_info,123,"[[0,1,1,0],[0,1,0,1],[0,1,1,1]]",0,0.0
level1_no_side_info,123,"[[0,1,1,0],[0,1,0,1],[0,1,1,1]]",1,0.054707760681101614
level1_no_side_info,123,"[[0,1,1,0],[0,1,0,1],[0,1,1,1]]",2,0.08724306990352437
level1_no_side_info,123,"[[0,1,1,0],[0,1,0,1],[0,1,1,1]]",4,0.12413388205086084
level1_no_side_info,123,"[[0,1,1,0],[0,1,0,1],[0,1,1,1]]",8,0.15831484826451048
level1_no_side_info,123,"[[0,1,1,0],[0,1,0,1],[0,1,1,1]]",16,0.18395072533629997
level1_no_side_info,123,"[[0,1,1,0],[0,1,0,1],[0,1,1,1]]",32,0.19944959606350665
level1_no_side_info,124,"[[0,1,1,0],[0,1,0,1],[1,1,1,0]]",0,0.0
level1_no_side_info,124,"[[0,1,1,0],[0,1,0,1],[1,1,1,0]]",1,0.054707760681101614
level1_no_side_info,124,"[[0,1,1,0],[0,1,0,1],[1,1,1,0]]",2,0.08724306990352426
level1_no_side_info,124,"[[0,1,1,0],[0,1,0,1],[1,1,1,0]]",4,0.12413388205086084
level1_no_side_info,124,"[[0,1,1,0],[0,1,0,1],[1,1,1,0]]",8,0.15831484826451037
level1_no_side_info,124,"[[0,1,1,0],[0,1,0,1],[1,1,1,0]]",16,0.18395072533629997
level1_no_side_info,124,"[[0,1,1,0],[0,1,0,1],[1,1,1,0]]",32,0.19944959606350665
level1_no_side_info,125,"[[0,1,1,0],[0,1,0,1],[1,1,0,1]]",0,0.0
level1_no_side_info,125,"[[0,1,1,0],[0,1,0,1],[1,1,0,1]]",1,0.054707760681101614
level1_no_side_info,125,"[[0,1,1,0],[0,1,0,1],[1,1,0,1]]",2,0.08724306990352437
level1_no_side_info,125,"[[0,1,1,0],[0,1,0,1],[1,1,0,1]]",4,0.12413388205086084
level1_no_side_info,125,"[[0,1,1,0],[0,1,0,1],[1,1,0,1]]",8,0.15831484826451048
level1_no_side_info,125,"[[0,1,1,0],[0,1,0,1],[1,1,0,1]]",16,0.18395072533629997
level1_no_side_info,125,"[[0,1,1,0],[0,1,0,1],[1,1,0,1]]",32,0.19944959606350665
level1_no_side_info,126,"[[0,1,1,0],[0,1,0,1],[1,0,1,1]]",0,0.0
level1_no_side_info,126,"[[0,1,1,0],[0,1,0,1],[1,0,1,1]]",1,0.054707760681101614
level1_no_side_info,126,"[[0,1,1,0],[0,1,0,1],[1,0,1,1]]",2,0.08724306990352437
level1_no_side_info,126,"[[0,1,1,0],[0,1,0,1],[1,0,1,1]]",4,0.12413388205086084
level1_no_side_info,126,"[[0,1,1,0],[0,1,0,1],[1,0,1,1]]",8,0.15831484826451048
level1_no_side_info,126,"[[0,1,1,0],[0,1,0,1],[1,0,1,1]]",16,0.18395072533629997
level1_no_side_info,126,"[[0,1,1,0],[0,1,0,1],[1,0,1,1]]",32,0.19944959606350665
level1_no_side_info,127,"[[0,1,1,0],[0,1,0,1],[1,0,0,1]]",0,0.0
level1_no_side_info,127,"[[0,1,1,0],[0,1,0,1],[1,0,0,1]]",1,0.21907019637983866
level1_no_side_info,127,"[[0,1,1,0],[0,1,0,1],[1,0,0,1]]",2,0.34544943238999826
level1_no_side_info,127,"[[0,1,1,0],[0,1,0,1],[1,0,0,1]]",4,0.474279980271518
level1_no_side_info,127,"[[0,1,1,0],[0,1,0,1],[1,0,0,1]]",8,0.5715124137779335
level1_no_side_info,127,"[[0,1,1,0],[0,1,0,1],[1,0,0,1]]",16,0.6301021501664625
level1_no_side_info,127,"[[0,1,1,0],[0,1,0,1],[1,0,0,1]]",32,0.6614036248289012
level1_no_side_info,128,"[[0,1,1,0],[0,1,0,1],[1,0,0,0]]",0,0.0
level1_no_side_info,128,"[[0,1,1,0],[0,1,0,1],[1,0,0,0]]",1,0.054707760681101614
level1_no_side_info,128,"[[0,1,1,0],[0,1,0,1],[1,0,0,0]]",2,0.08724306990352437
level1_no_side_info,128,"[[0,1,1,0],[0,1,0,1],[1,0,0,0]]",4,0.12413388205086084
level1_no_side_info,128,"[[0,1,1,0],[0,1,0,1],[1,0,0,0]]",8,0.15831484826451048
level1_no_side_info,128,"[[0,1,1,0],[0,1,0,1],[1,0,0,0]]",16,0.18395072533629997
level1_no_side_info,128,"[[0,1,1,0],[0,1,0,1],[1,0,0,0]]",32,0.19944959606350665
level1_no_side_info,129,"[[0,1,1,0],[0,0,1,1],[1,1,1,0]]",0,0.0
level1_no_side_info,129,"[[0,1,1,0],[0,0,1,1],[1,1,1,0]]",1,0.054707760681101614
level1_no_side_info,129,"[[0,1,1,0],[0,0,1,1],[1,1,1,0]]",2,0.08724306990352426
level1_no_side_info,129,"[[0,1,1,0],[0,0,1,1],[1,1,1,0]]",4,0.12413388205086084
level1_no_side_info,129,"[[0,1,1,0],[0,0,1,1],[1,1,1,0]]",8,0.15831484826451037
level1_no_side_info,129,"[[0,1,1,0],[0,0,1,1],[1,1,1,0]]",16,0.18395072533629997
level1_no_side_info,129,"[[0,1,1,0],[0,0,1,1],[1,1,1,0]]",32,0.19944959606350665
level1_no_side_info,130,"[[0,1,1,0],[0,0,1,1],[1,1,0,1]]",0,0.0
level1_no_side_info,130,"[[0,1,1,0],[0,0,1,1],[1,1,0,1]]",1,0.054707760681101614
level1_no_side_info,130,"[[0,1,1,0],[0,0,1,1],[1,1,0,1]]",2,0.08724306990352437
level1_no_side_info,130,"[[0,1,1,0],[0,0,1,1],[1,1,0,1]]",4,0.12413388205086084
level1_no_side_info,130,"[[0,1,1,0],[0,0,1,1],[1,1,0,1]]",8,0.15831484826451048
level1_no_side_info,130,"[[0,1,1,0],[0,0,1,1],[1,1,0,1]]",16,0.18395072533629997
level1_no_side_info,130,"[[0,1,1,0],[0,0,1,1],[1,1,0,1]]",32,0.19944959606350665
level1_no_side_info,131,"[[0,1,1,0],[0,0,1,1],[1,0,1,1]]",0,0.0
level1_no_side_info,131,"[[0,1,1,0],[0,0,1,1],[1,0,1,1]]",1,0.054707760681101614
level1_no_side_info,131,"[[0,1,1,0],[0,0,1,1],[1,0,1,1]]",2,0.08724306990352437
level1_no_side_info,131,"[[0,1,1,0],[0,0,1,1],[1,0,1,1]]",4,0.12413388205086084
level1_no_side_info,131,"[[0,1,1,0],[0,0,1,1],[1,0,1,1]]",8,0.15831484826451048
level1_no_side_info,131,"[[0,1,1,0],[0,0,1,1],[1,0,1,1]]",16,0.18395072533629997
level1_no_side_info,131,"[[0,1,1,0],[0,0,1,1],[1,0,1,1]]",32,0.19944959606350665
level1_no_side_info,132,"[[0,1,1,0],[0,0,1,1],[1,0,0,1]]",0,0.0
level1_no_side_info,132,"[[0,1,1,0],[0,0,1,1],[1,0,0,1]]",1,0.21907019637983866
level1_no_side_info,132,"[[0,1,1,0],[0,0,1,1],[1,0,0,1]]",2,0.34544943238999826
level1_no_side_info,132,"[[0,1,1,0],[0,0,1,1],[1,0,0,1]]",4,0.474279980271518
level1_no_side_info,132,"[[0,1,1,0],[0,0,1,1],[1,0,0,1]]",8,0.5715124137779335
level1_no_side_info,132,"[[0,1,1,0],[0,0,1,1],[1,0,0,1]]",16,0.6301021501664625
level1_no_side_info,132,"[[0,1,1,0],[0,0,1,1],[1,0,0,1]]",32,0.6614036248289012
level1_no_side_info,133,"[[0,1,1,0],[0,0,1,1],[1,0,0,0]]",0,0.0
level1_no_side_info,133,"[[0,1,1,0],[0,0,1,1],[1,0,0,0]]",1,0.054707760681101614
level1_no_side_info,133,"[[0,1,1,0],[0,0,1,1],[1,0,0,0]]",2,0.08724306990352437
level1_no_side_info,133,"[[0,1,1,0],[0,0,1,1],[1,0,0,0]]",4,0.12413388205086084
level1_no_side_info,133,"[[0,1,1,0],[0,0,1,1],[1,0,0,0]]",8,0.15831484826451048
level1_no_side_info,133,"[[0,1,1,0],[0,0,1,1],[1,0,0,0]]",16,0.18395072533629997
level1_no_side_info,133,"[[0,1,1,0],[0,0,1,1],[1,0,0,0]]",32,0.19944959606350665
level1_no_side_info,134,"[[0,1,0,1],[0,0,1,1],[0,0,0,1]]",0,0.0
level1_no_side_info,134,"[[0,1,0,1],[0,0,1,1],[0,0,0,1]]",1,0.054707760681101614
level1_no_side_info,134,"[[0,1,0,1],[0,0,1,1],[0,0,0,1]]",2,0.08724306990352426
level1_no_side_info,134,"[[0,1,0,1],[0,0,1,1],[0,0,0,1]]",4,0.12413388205086084
level1_no_side_info,134,"[[0,1,0,1],[0,0,1,1],[0,0,0,1]]",8,0.15831484826451037
level1_no_side_info,134,"[[0,1,0,1],[0,0,1,1],[0,0,0,1]]",16,0.18395072533629997
level1_no_side_info,134,"[[0,1,0,1],[0,0,1,1],[0,0,0,1]]",32,0.19944959606350665
level1_no_side_info,135,"[[0,1,0,1],[0,0,1,1],[0,0,1,0]]",0,0.0
level1_no_side_info,135,"[[0,1,0,1],[0,0,1,1],[0,0,1,0]]",1,0.054707760681101614
level1_no_side_info,135,"[[0,1,0,1],[0,0,1,1],[0,0,1,0]]",2,0.08724306990352437
level1_no_side_info,135,"[[0,1,0,1],[0,0,1,1],[0,0,1,0]]",4,0.12413388205086084
level1_no_side_info,135,"[[0,1,0,1],[0,0,1,1],[0,0,1,0]]",8,0.15831484826451048
level1_no_side_info,135,"[[0,1,0,1],[0,0,1,1],[0,0,1,0]]",16,0.18395072533629997
level1_no_side_info,135,"[[0,1,0,1],[0,0,1,1],[0,0,1,0]]",32,0.19944959606350665
level1_no_side_info,136,"[[0,1,0,1],[0,0,1,1],[0,1,0,0]]",0,0.0
level1_no_side_info,136,"[[0,1,0,1],[0,0,1,1],[0,1,0,0]]",1,0.054707760681101614
level1_no_side_info,136,"[[0,1,0,1],[0,0,1,1],[0,1,0,0]]",2,0.08724306990352437
level1_no_side_info,136,"[[0,1,0,1],[0,0,1,1],[0,1,0,0]]",4,0.12413388205086084
level1_no_side_info,136,"[[0,1,0,1],[0,0,1,1],[0,1,0,0]]",8,0.15831484826451048
level1_no_side_info,136,"[[0,1,0,1],[0,0,1,1],[0,1,0,0]]",16,0.18395072533629997
level1_no_side_info,136,"[[0,1,0,1],[0,0,1,1],[0,1,0,0]]",32,0.19944959606350665
level1_no_side_info,137,"[[0,1,0,1],[0,0,1,1],[0,1,0,1]]",0,0.0
level1_no_side_info,137,"[[0,1,0,1],[0,0,1,1],[0,1,0,1]]",1,0.21907019637983866
level1_no_side_info,137,"[[0,1,0,1],[0,0,1,1],[0,1,0,1]]",2,0.34544943238999826
level1_no_side_info,137,"[[0,1,0,1],[0,0,1,1],[0,1,0,1]]",4,0.474279980271518
level1_no_side_info,137,"[[0,1,0,1],[0,0,1,1],[0,1,0,1]]",8,0.5715124137779335
level1_no_side_info,137,"[[0,1,0,1],[0,0,1,1],[0,1,0,1]]",16,0.6301021501664625
level1_no_side_info,137,"[[0,1,0,1],[0,0,1,1],[0,1,0,1]]",32,0.6614036248289012
level1_no_side_info,138,"[[0,1,0,1],[0,0,1,1],[0,1,1,1]]",0,0.0
level1_no_side_info,138,"[[0,1,0,1],[0,0,1,1],[0,1,1,1]]",1,0.054707760681101614
level1_no_side_info,138,"[[0,1,0,1],[0,0,1,1],[0,1,1,1]]",2,0.08724306990352437
level1_no_side_info,138,"[[0,1,0,1],[0,0,1,1],[0,1,1,1]]",4,0.12413388205086084
level1_no_side_info,138,"[[0,1,0,1],[0,0,1,1],[0,1,1,1]]",8,0.15831484826451048
level1_no_side_info,138,"[[0,1,0,1],[0,0,1,1],[0,1,1,1]]",16,0.18395072533629997
level1_no_side_info,138,"[[0,1,0,1],[0,0,1,1],[0,1,1,1]]",32,0.19944959606350665
level1_no_side_info,139,"[[0,1,0,1],[0,1,1,0],[0,0,0,1]]",0,0.0
level1_no_side_info,139,"[[0,1,0,1],[0,1,1,0],[0,0,0,1]]",1,0.054707760681101614
level1_no_side_info,139,"[[0,1,0,1],[0,1,1,0],[0,0,0,1]]",2,0.08724306990352426
level1_no_side_info,139,"[[0,1,0,1],[0,1,1,0],[0,0,0,1]]",4,0.12413388205086084
level1_no_side_info,139,"[[0,1,0,1],[0,1,1,0],[0,0,0,1]]",8,0.15831484826451037
level1_no_side_info,139,"[[0,1,0,1],[0,1,1,0],[0,0,0,1]]",16,0.18395072533629997
level1_no_side_info,139,"[[0,1,0,1],[0,1,1,0],[0,0,0,1]]",32,0.19944959606350665
level1_no_side_info,140,"[[0,1,0,1],[0,1,1,0],[0,0,1,0]]",0,0.0
level1_no_side_info,140,"[[0,1,0,1],[0,1,1,0],[0,0,1,0]]",1,0.054707760681101614
level1_no_side_info,140,"[[0,1,0,1],[0,1,1,0],[0,0,1,0]]",2,0.08724306990352437
level1_no_side_info,140,"[[0,1,0,1],[0,1,1,0],[0,0,1,0]]",4,0.12413388205086084
level1_no_side_info,140,"[[0,1,0,1],[0,1,1,0],[0,0,1,0]]",8,0.15831484826451048
level1_no_side_info,140,"[[0,1,0,1],[0,1,1,0],[0,0,1,0]]",16,0.18395072533629997
level1_no_side_info,140,"[[0,1,0,1],[0,1,1,0],[0,0,1,0]]",32,0.19944959606350665
level1_no_side_info,141,"[[0,1,0,1],[0,1,1,0],[0,1,0,0]]",0,0.0
level1_no_side_info,141,"[[0,1,0,1],[0,1,1,0],[0,1,0,0]]",1,0.054707760681101614
level1_no_side_info,141,"[[0,1,0,1],[0,1,1,0],[0,1,0,0]]",2,0.08724306990352437
level1_no_side_info,141,"[[0,1,0,1],[0,1,1,0],[0,1,0,0]]",4,0.12413388205086084
level1_no_side_info,141,"[[0,1,0,1],[0,1,1,0],[0,1,0,0]]",8,0.15831484826451048
level1_no_side_info,141,"[[0,1,0,1],[0,1,1,0],[0,1,0,0]]",16,0.18395072533629997
level1_no_side_info,141,"[[0,1,0,1],[0,1,1,0],[0,1,0,0]]",32,0.19944959606350665
level1_no_side_info,142,"[[0,1,0,1],[0,1,1,0],[0,1,0,1]]",0,0.0
level1_no_side_info,142,"[[0,1,0,1],[0,1,1,0],[0,1,0,1]]",1,0.21907019637983866
level1_no_side_info,142,"[[0,1,0,1],[0,1,1,0],[0,1,0,1]]",2,0.34544943238999826
level1_no_side_info,142,"[[0,1,0,1],[0,1,1,0],[0,1,0,1]]",4,0.474279980271518
level1_no_side_info,142,"[[0,1,0,1],[0,1,1,0],[0,1,0,1]]",8,0.5715124137779335
level1_no_side_info,142,"[[0,1,0,1],[0,1,1,0],[0,1,0,1]]",16,0.6301021501664625
level1_no_side_info,142,"[[0,1,0,1],[0,1,1,0],[0,1,0,1]]",32,0.6614036248289012
level1_no_side_info,143,"[[0,1,0,1],[0,1,1,0],[0,1,1,1]]",0,0.0
level1_no_side_info,143,"[[0,1,0,1],[0,1,1,0],[0,1,1,1]]",1,0.054707760681101614
level1_no_side_info,143,"[[0,1,0,1],[0,1,1,0],[0,1,1,1]]",2,0.08724306990352437
level1_no_side_info,143,"[[0,1,0,1],[0,1,1,0],[0,1,1,1]]",4,0.12413388205086084
level1_no_side_info,143,"[[0,1,0,1],[0,1,1,0],[0,1,1,1]]",8,0.15831484826451048
level1_no_side_info,143,"[[0,1,0,1],[0,1,1,0],[0,1,1,1]]",16,0.18395072533629997
level1_no_side_info,143,"[[0,1,0,1],[0,1,1,0],[0,1,1,1]]",32,0.19944959606350665
level1_no_side_info,144,"[[0,1,0,1],[0,1,1,0],[1,1,1,0]]",0,0.0
level1_no_side_info,144,"[[0,1,0,1],[0,1,1,0],[1,1,1,0]]",1,0.054707760681101614
level1_no_side_info,144,"[[0,1,0,1],[0,1,1,0],[1,1,1,0]]",2,0.08724306990352426
level1_no_side_info,144,"[[0,1,0,1],[0,1,1,0],[1,1,1,0]]",4,0.12413388205086084
level1_no_side_info,144,"[[0,1,0,1],[0,1,1,0],[1,1,1,0]]",8,0.15831484826451037
level1_no_side_info,144,"[[0,1,0,1],[0,1,1,0],[1,1,1,0]]",16,0.18395072533629997
level1_no_side_info,144,"[[0,1,0,1],[0,1,1,0],[1,1,1,0]]",32,0.19944959606350665
level1_no_side_info,145,"[[0,1,0,1],[0,1,1,0],[1,1,0,1]]",0,0.0
level1_no_side_info,145,"[[0,1,0,1],[0,1,1,0],[1,1,0,1]]",1,0.054707760681101614
level1_no_side_info,145,"[[0,1,0,1],[0,1,1,0],[1,1,0,1]]",2,0.08724306990352437
level1_no_side_info,145,"[[0,1,0,1],[0,1,1,0],[1,1,0,1]]",4,0.12413388205086084
level1_no_side_info,145,"[[0,1,0,1],[0,1,1,0],[1,1,0,1]]",8,0.15831484826451048
level1_no_side_info,145,"[[0,1,0,1],[0,1,1,0],[1,1,0,1]]",16,0.18395072533629997
level1_no_side_info,145,"[[0,1,0,1],[0,1,1,0],[1,1,0,1]]",32,0.19944959606350665
level1_no_side_info,146,"[[0,1,0,1],[0,1,1,0],[1,0,1,1]]",0,0.0
level1_no_side_info,146,"[[0,1,0,1],[0,1,1,0],[1,0,1,1]]",1,0.054707760681101614
level1_no_side_info,146,"[[0,1,0,1],[0,1,1,0],[1,0,1,1]]",2,0.08724306990352437
level1_no_side_info,146,"[[0,1,0,1],[0,1,1,0],[1,0,1,1]]",4,0.12413388205086084
level1_no_side_info,146,"[[0,1,0,1],[0,1,1,0],[1,0,1,1]]",8,0.15831484826451048
level1_no_side_info,146,"[[0,1,0,1],[0,1,1,0],[1,0,1,1]]",16,0.18395072533629997
level1_no_side_info,146,"[[0,1,0,1],[0,1,1,0],[1,0,1,1]]",32,0.19944959606350665
level1_no_side_info,147,"[[0,1,0,1],[0,1,1,0],[1,0,1,0]]",0,0.0
level1_no_side_info,147,"[[0,1,0,1],[0,1,1,0],[1,0,1,0]]",1,0.21907019637983866
level1_no_side_info,147,"[[0,1,0,1],[0,1,1,0],[1,0,1,0]]",2,0.34544943238999826
level1_no_side_info,147,"[[0,1,0,1],[0,1,1,0],[1,0,1,0]]",4,0.474279980271518
level1_no_side_info,147,"[[0,1,0,1],[0,1,1,0],[1,0,1,0]]",8,0.5715124137779335
level1_no_side_info,147,"[[0,1,0,1],[0,1,1,0],[1,0,1,0]]",16,0.6301021501664625
level1_no_side_info,147,"[[0,1,0,1],[0,1,1,0],[1,0,1,0]]",32,0.6614036248289012
level1_no_side_info,148,"[[0,1,0,1],[0,1,1,0],[1,0,0,0]]",0,0.0
level1_no_side_info,148,"[[0,1,0,1],[0,1,1,0],[1,0,0,0]]",1,0.054707760681101614
level1_no_side_info,148,"[[0,1,0,1],[0,1,1,0],[1,0,0,0]]",2,0.08724306990352437
level1_no_side_info,148,"[[0,1,0,1],[0,1,1,0],[1,0,0,0]]",4,0.12413388205086084
level1_no_side_info,148,"[[0,1,0,1],[0,1,1,0],[1,0,0,0]]",8,0.15831484826451048
level1_no_side_info,148,"[[0,1,0,1],[0,1,1,0],[1,0,0,0]]",16,0.18395072533629997
level1_no_side_info,148,"[[0,1,0,1],[0,1,1,0],[1,0,0,0]]",32,0.19944959606350665
level1_no_side_info,149,"[[0,1,0,1],[0,0,1,1],[1,1,1,0]]",0,0.0
level1_no_side_info,149,"[[0,1,0,1],[0,0,1,1],[1,1,1,0]]",1,0.054707760681101614
level1_no_side_info,149,"[[0,1,0,1],[0,0,1,1],[1,1,1,0]]",2,0.08724306990352426
level1_no_side_info,149,"[[0,1,0,1],[0,0,1,1],[1,1,1,0]]",4,0.12413388205086084
level1_no_side_info,149,"[[0,1,0,1],[0,0,1,1],[1,1,1,0]]",8,0.15831484826451037
level1_no_side_info,149,"[[0,1,0,1],[0,0,1,1],[1,1,1,0]]",16,0.18395072533629997
level1_no_side_info,149,"[[0,1,0,1],[0,0,1,1],[1,1,1,0]]",32,0.19944959606350665
level1_no_side_info,150,"[[0,1,0,1],[0,0,1,1],[1,1,0,1]]",0,0.0
level1_no_side_info,150,"[[0,1,0,1],[0,0,1,1],[1,1,0,1]]",1,0.054707760681101614
level1_no_side_info,150,"[[0,1,0,1],[0,0,1,1],[1,1,0,1]]",2,0.08724306990352437
level1_no_side_info,150,"[[0,1,0,1],[0,0,1,1],[1,1,0,1]]",4,0.12413388205086084
level1_no_side_info,150,"[[0,1,0,1],[0,0,1,1],[1,1,0,1]]",8,0.15831484826451048
level1_no_side_info,150,"[[0,1,0,1],[0,0,1,1],[1,1,0,1]]",16,0.18395072533629997
level1_no_side_info,150,"[[0,1,0,1],[0,0,1,1],[1,1,0,1]]",32,0.19944959606350665
level1_no_side_info,151,"[[0,1,0,1],[0,0,1,1],[1,0,1,1]]",0,0.0
level1_no_side_info,151,"[[0,1,0,1],[0,0,1,1],[1,0,1,1]]",1,0.054707760681101614
level1_no_side_info,151,"[[0,1,0,1],[0,0,1,1],[1,0,1,1]]",2,0.08724306990352437
level1_no_side_info,151,"[[0,1,0,1],[0,0,1,1],[1,0,1,1]]",4,0.12413388205086084
level1_no_side_info,151,"[[0,1,0,1],[0,0,1,1],[1,0,1,1]]",8,0.15831484826451048
level1_no_side_info,151,"[[0,1,0,1],[0,0,1,1],[1,0,1,1]]",16,0.18395072533629997
level1_no_side_info,151,"[[0,1,0,1],[0,0,1,1],[1,0,1,1]]",32,0.19944959606350665
level1_no_side_info,152,"[[0,1,0,1],[0,0,1,1],[1,0,1,0]]",0,0.0
level1_no_side_info,152,"[[0,1,0,1],[0,0,1,1],[1,0,1,0]]",1,0.21907019637983866
level1_no_side_info,152,"[[0,1,0,1],[0,0,1,1],[1,0,1,0]]",2,0.34544943238999826
level1_no_side_info,152,"[[0,1,0,1],[0,0,1,1],[1,0,1,0]]",4,0.474279980271518
level1_no_side_info,152,"[[0,1,0,1],[0,0,1,1],[1,0,1,0]]",8,0.5715124137779335
level1_no_side_info,152,"[[0,1,0,1],[0,0,1,1],[1,0,1,0]]",16,0.6301021501664625
level1_no_side_info,152,"[[0,1,0,1],[0,0,1,1],[1,0,1,0]]",32,0.6614036248289012
level1_no_side_info,153,"[[0,1,0,1],[0,0,1,1],[1,0,0,0]]",0,0.0
level1_no_side_info,153,"[[0,1,0,1],[0,0,1,1],[1,0,0,0]]",1,0.054707760681101614
level1_no_side_info,153,"[[0,1,0,1],[0,0,1,1],[1,0,0,0]]",2,0.08724306990352437
level1_no_side_info,153,"[[0,1,0,1],[0,0,1,1],[1,0,0,0]]",4,0.12413388205086084
level1_no_side_info,153,"[[0,1,0,1],[0,0,1,1],[1,0,0,0]]",8,0.15831484826451048
level1_no_side_info,153,"[[0,1,0,1],[0,0,1,1],[1,0,0,0]]",16,0.18395072533629997
level1_no_side_info,153,"[[0,1,0,1],[0,0,1,1],[1,0,0,0]]",32,0.19944959606350665
level1_no_side_info,154,"[[0,1,0,0],[0,0,0,1],[1,0,1,1]]",0,0.09116077839697728
level1_no_side_info,154,"[[0,1,0,0],[0,0,0,1],[1,0,1,1]]",1,0.18904992830644018
level1_no_side_info,154,"[[0,1,0,0],[0,0,0,1],[1,0,1,1]]",2,0.2524638005059724
level1_no_side_info,154,"[[0,1,0,0],[0,0,0,1],[1,0,1,1]]",4,0.3281882616544462
level1_no_side_info,154,"[[0,1,0,0],[0,0,0,1],[1,0,1,1]]",8,0.39529450909261055
level1_no_side_info,154,"[[0,1,0,0],[0,0,0,1],[1,0,1,1]]",16,0.4378895873823031
level1_no_side_info,154,"[[0,1,0,0],[0,0,0,1],[1,0,1,1]]",32,0.4591604014488582
level1_no_side_info,155,"[[0,1,0,0],[0,0,1,0],[1,0,1,1]]",0,0.09116077839697728
level1_no_side_info,155,"[[0,1,0,0],[0,0,1,0],[1,0,1,1]]",1,0.18904992830644018
level1_no_side_info,155,"[[0,1,0,0],[0,0,1,0],[1,0,1,1]]",2,0.2524638005059724
level1_no_side_info,155,"[[0,1,0,0],[0,0,1,0],[1,0,1,1]]",4,0.3281882616544461
level1_no_side_info,155,"[[0,1,0,0],[0,0,1,0],[1,0,1,1]]",8,0.39529450909261066
level1_no_side_info,155,"[[0,1,0,0],[0,0,1,0],[1,0,1,1]]",16,0.4378895873823031
level1_no_side_info,155,"[[0,1,0,0],[0,0,1,0],[1,0,1,1]]",32,0.4591604014488582
level1_no_side_info,156,"[[0,1,0,0],[0,1,1,1],[0,1,0,0]]",0,0.09116077839697728
level1_no_side_info,156,"[[0,1,0,0],[0,1,1,1],[0,1,0,0]]",1,0.18904992830644018
level1_no_side_info,156,"[[0,1,0,0],[0,1,1,1],[0,1,0,0]]",2,0.2524638005059724
level1_no_side_info,156,"[[0,1,0,0],[0,1,1,1],[0,1,0,0]]",4,0.3281882616544461
level1_no_side_info,156,"[[0,1,0,0],[0,1,1,1],[0,1,0,0]]",8,0.39529450909261066
level1_no_side_info,156,"[[0,1,0,0],[0,1,1,1],[0,1,0,0]]",16,0.4378895873823031
level1_no_side_info,156,"[[0,1,0,0],[0,1,1,1],[0,1,0,0]]",32,0.4591604014488582
level1_no_side_info,157,"[[0,1,0,0],[0,1,1,1],[0,1,0,0]]",0,0.09116077839697728
level1_no_side_info,157,"[[0,1,0,0],[0,1,1,1],[0,1,0,0]]",1,0.18904992830644018
level1_no_side_info,157,"[[0,1,0,0],[0,1,1,1],[0,1,0,0]]",2,0.2524638005059724
level1_no_side_info,157,"[[0,1,0,0],[0,1,1,1],[0,1,0,0]]",4,0.3281882616544461
level1_no_side_info,157,"[[0,1,0,0],[0,1,1,1],[0,1,0,0]]",8,0.39529450909261066
level1_no_side_info,157,"[[0,1,0,0],[0,1,1,1],[0,1,0,0]]",16,0.4378895873823031
level1_no_side_info,157,"[[0,1,0,0],[0,1,1,1],[0,1,0,0]]",32,0.4591604014488582
level1_no_side_info,158,"[[0,1,0,0],[0,0,1,0],[1,0,1,1]]",0,0.09116077839697728
level1_no_side_info,158,"[[0,1,0,0],[0,0,1,0],[1,0,1,1]]",1,0.18904992830644018
level1_no_side_info,158,"[[0,1,0,0],[0,0,1,0],[1,0,1,1]]",2,0.2524638005059724
level1_no_side_info,158,"[[0,1,0,0],[0,0,1,0],[1,0,1,1]]",4,0.3281882616544461
level1_no_side_info,158,"[[0,1,0,0],[0,0,1,0],[1,0,1,1]]",8,0.39529450909261066
level1_no_side_info,158,"[[0,1,0,0],[0,0,1,0],[1,0,1,1]]",16,0.4378895873823031
level1_no_side_info,158,"[[0,1,0,0],[0,0,1,0],[1,0,1,1]]",32,0.4591604014488582
level1_no_side_info,159,"[[0,1,0,0],[0,0,0,1],[1,0,1,1]]",0,0.09116077839697728
level1_no_side_info,159,"[[0,1,0,0],[0,0,0,1],[1,0,1,1]]",1,0.18904992830644018
level1_no_side_info,159,"[[0,1,0,0],[0,0,0,1],[1,0,1,1]]",2,0.2524638005059724
level1_no_side_info,159,"[[0,1,0,0],[0,0,0,1],[1,0,1,1]]",4,0.3281882616544462
level1_no_side_info,159,"[[0,1,0,0],[0,0,0,1],[1,0,1,1]]",8,0.39529450909261055
level1_no_side_info,159,"[[0,1,0,0],[0,0,0,1],[1,0,1,1]]",16,0.4378895873823031
level1_no_side_info,159,"[[0,1,0,0],[0,0,0,1],[1,0,1,1]]",32,0.4591604014488582
level1_no_side_info,160,"[[0,0,1,1],[0,1,0,1],[0,0,0,1]]",0,0.0
level1_no_side_info,160,"[[0,0,1,1],[0,1,0,1],[0,0,0,1]]",1,0.054707760681101614
level1_no_side_info,160,"[[0,0,1,1],[0,1,0,1],[0,0,0,1]]",2,0.08724306990352426
level1_no_side_info,160,"[[0,0,1,1],[0,1,0,1],[0,0,0,1]]",4,0.12413388205086084
level1_no_side_info,160,"[[0,0,1,1],[0,1,0,1],[0,0,0,1]]",8,0.15831484826451048
level1_no_side_info,160,"[[0,0,1,1],[0,1,0,1],[0,0,0,1]]",16,0.18395072533629997
level1_no_side_info,160,"[[0,0,1,1],[0,1,0,1],[0,0,0,1]]",32,0.19944959606350665
level1_no_side_info,161,"[[0,0,1,1],[0,1,0,1],[0,0,1,0]]",0,0.0
level1_no_side_info,161,"[[0,0,1,1],[0,1,0,1],[0,0,1,0]]",1,0.054707760681101614
level1_no_side_info,161,"[[0,0,1,1],[0,1,0,1],[0,0,1,0]]",2,0.08724306990352437
level1_no_side_info,161,"[[0,0,1,1],[0,1,0,1],[0,0,1,0]]",4,0.12413388205086084
level1_no_side_info,161,"[[0,0,1,1],[0,1,0,1],[0,0,1,0]]",8,0.15831484826451048
level1_no_side_info,161,"[[0,0,1,1],[0,1,0,1],[0,0,1,0]]",16,0.18395072533629997
level1_no_side_info,161,"[[0,0,1,1],[0,1,0,1],[0,0,1,0]]",32,0.19944959606350665
level1_no_side_info,162,"[[0,0,1,1],[0,1,0,1],[0,0,1,1]]",0,0.0
level1_no_side_info,162,"[[0,0,1,1],[0,1,0,1],[0,0,1,1]]",1,0.21907019637983866
level1_no_side_info,162,"[[0,0,1,1],[0,1,0,1],[0,0,1,1]]",2,0.34544943238999826
level1_no_side_info,162,"[[0,0,1,1],[0,1,0,1],[0,0,1,1]]",4,0.474279980271518
level1_no_side_info,162,"[[0,0,1,1],[0,1,0,1],[0,0,1,1]]",8,0.5715124137779335
level1_no_side_info,162,"[[0,0,1,1],[0,1,0,1],[0,0,1,1]]",16,0.6301021501664625
level1_no_side_info,162,"[[0,0,1,1],[0,1,0,1],[0,0,1,1]]",32,0.6614036248289012
level1_no_side_info,163,"[[0,0,1,1],[0,1,0,1],[0,1,0,0]]",0,0.0
level1_no_side_info,163,"[[0,0,1,1],[0,1,0,1],[0,1,0,0]]",1,0.054707760681101614
level1_no_side_info,163,"[[0,0,1,1],[0,1,0,1],[0,1,0,0]]",2,0.08724306990352437
level1_no_side_info,163,"[[0,0,1,1],[0,1,0,1],[0,1,0,0]]",4,0.12413388205086084
level1_no_side_info,163,"[[0,0,1,1],[0,1,0,1],[0,1,0,0]]",8,0.15831484826451048
level1_no_side_info,163,"[[0,0,1,1],[0,1,0,1],[0,1,0,0]]",16,0.18395072533629997
level1_no_side_info,163,"[[0,0,1,1],[0,1,0,1],[0,1,0,0]]",32,0.19944959606350665
level1_no_side_info,164,"[[0,0,1,1],[0,1,0,1],[0,1,1,1]]",0,0.0
level1_no_side_info,164,"[[0,0,1,1],[0,1,0,1],[0,1,1,1]]",1,0.054707760681101614
level1_no_side_info,164,"[[0,0,1,1],[0,1,0,1],[0,1,1,1]]",2,0.08724306990352437
level1_no_side_info,164,"[[0,0,1,1],[0,1,0,1],[0,1,1,1]]",4,0.12413388205086084
level1_no_side_info,164,"[[0,0,1,1],[0,1,0,1],[0,1,1,1]]",8,0.15831484826451048
level1_no_side_info,164,"[[0,0,1,1],[0,1,0,1],[0,1,1,1]]",16,0.18395072533629997
level1_no_side_info,164,"[[0,0,1,1],[0,1,0,1],[0,1,1,1]]",32,0.19944959606350665
level1_no_side_info,165,"[[0,0,1,1],[0,1,1,0],[0,0,0,1]]",0,0.0
level1_no_side_info,165,"[[0,0,1,1],[0,1,1,0],[0,0,0,1]]",1,0.054707760681101614
level1_no_side_info,165,"[[0,0,1,1],[0,1,1,0],[0,0,0,1]]",2,0.08724306990352426
level1_no_side_info,165,"[[0,0,1,1],[0,1,1,0],[0,0,0,1]]",4,0.12413388205086084
level1_no_side_info,165,"[[0,0,1,1],[0,1,1,0],[0,0,0,1]]",8,0.15831484826451048
level1_no_side_info,165,"[[0,0,1,1],[0,1,1,0],[0,0,0,1]]",16,0.18395072533629997
level1_no_side_info,165,"[[0,0,1,1],[0,1,1,0],[0,0,0,1]]",32,0.19944959606350665
level1_no_side_info,166,"[[0,0,1,1],[0,1,1,0],[0,0,1,0]]",0,0.0
level1_no_side_info,166,"[[0,0,1,1],[0,1,1,0],[0,0,1,0]]",1,0.054707760681101614
level1_no_side_info,166,"[[0,0,1,1],[0,1,1,0],[0,0,1,0]]",2,0.08724306990352437
level1_no_side_info,166,"[[0,0,1,1],[0,1,1,0],[0,0,1,0]]",4,0.12413388205086084
level1_no_side_info,166,"[[0,0,1,1],[0,1,1,0],[0,0,1,0]]",8,0.15831484826451048
level1_no_side_info,166,"[[0,0,1,1],[0,1,1,0],[0,0,1,0]]",16,0.18395072533629997
level1_no_side_info,166,"[[0,0,1,1],[0,1,1,0],[0,0,1,0]]",32,0.19944959606350665
level1_no_side_info,167,"[[0,0,1,1],[0,1,1,0],[0,0,1,1]]",0,0.0
level1_no_side_info,167,"[[0,0,1,1],[0,1,1,0],[0,0,1,1]]",1,0.21907019637983866
level1_no_side_info,167,"[[0,0,1,1],[0,1,1,0],[0,0,1,1]]",2,0.34544943238999826
level1_no_side_info,167,"[[0,0,1,1],[0,1,1,0],[0,0,1,1]]",4,0.474279980271518
level1_no_side_info,167,"[[0,0,1,1],[0,1,1,0],[0,0,1,1]]",8,0.5715124137779335
level1_no_side_info,167,"[[0,0,1,1],[0,1,1,0],[0,0,1,1]]",16,0.6301021501664625
level1_no_side_info,167,"[[0,0,1,1],[0,1,1,0],[0,0,1,1]]",32,0.6614036248289012
level1_no_side_info,168,"[[0,0,1,1],[0,1,1,0],[0,1,0,0]]",0,0.0
level1_no_side_info,168,"[[0,0,1,1],[0,1,1,0],[0,1,0,0]]",1,0.054707760681101614
level1_no_side_info,168,"[[0,0,1,1],[0,1,1,0],[0,1,0,0]]",2,0.08724306990352437
level1_no_side_info,168,"[[0,0,1,1],[0,1,1,0],[0,1,0,0]]",4,0.12413388205086084
level1_no_side_info,168,"[[0,0,1,1],[0,1,1,0],[0,1,0,0]]",8,0.15831484826451048
level1_no_side_info,168,"[[0,0,1,1],[0,1,1,0],[0,1,0,0]]",16,0.18395072533629997
level1_no_side_info,168,"[[0,0,1,1],[0,1,1,0],[0,1,0,0]]",32,0.19944959606350665
level1_no_side_info,169,"[[0,0,1,1],[0,1,1,0],[0,1,1,1]]",0,0.0
level1_no_side_info,169,"[[0,0,1,1],[0,1,1,0],[0,1,1,1]]",1,0.054707760681101614
level1_no_side_info,169,"[[0,0,1,1],[0,1,1,0],[0,1,1,1]]",2,0.08724306990352437
level1_no_side_info,169,"[[0,0,1,1],[0,1,1,0],[0,1,1,1]]",4,0.12413388205086084
level1_no_side_info,169,"[[0,0,1,1],[0,1,1,0],[0,1,1,1]]",8,0.15831484826451048
level1_no_side_info,169,"[[0,0,1,1],[0,1,1,0],[0,1,1,1]]",16,0.18395072533629997
level1_no_side_info,169,"[[0,0,1,1],[0,1,1,0],[0,1,1,1]]",32,0.19944959606350665
level1_no_side_info,170,"[[0,0,1,1],[0,1,1,0],[1,1,1,0]]",0,0.0
level1_no_side_info,170,"[[0,0,1,1],[0,1,1,0],[1,1,1,0]]",1,0.054707760681101614
level1_no_side_info,170,"[[0,0,1,1],[0,1,1,0],[1,1,1,0]]",2,0.08724306990352426
level1_no_side_info,170,"[[0,0,1,1],[0,1,1,0],[1,1,1,0]]",4,0.12413388205086084
level1_no_side_info,170,"[[0,0,1,1],[0,1,1,0],[1,1,1,0]]",8,0.15831484826451048
level1_no_side_info,170,"[[0,0,1,1],[0,1,1,0],[1,1,1,0]]",16,0.18395072533629997
level1_no_side_info,170,"[[0,0,1,1],[0,1,1,0],[1,1,1,0]]",32,0.19944959606350665
level1_no_side_info,171,"[[0,0,1,1],[0,1,1,0],[1,1,0,1]]",0,0.0
level1_no_side_info,171,"[[0,0,1,1],[0,1,1,0],[1,1,0,1]]",1,0.054707760681101614
level1_no_side_info,171,"[[0,0,1,1],[0,1,1,0],[1,1,0,1]]",2,0.08724306990352437
level1_no_side_info,171,"[[0,0,1,1],[0,1,1,0],[1,1,0,1]]",4,0.12413388205086084
level1_no_side_info,171,"[[0,0,1,1],[0,1,1,0],[1,1,0,1]]",8,0.15831484826451048
level1_no_side_info,171,"[[0,0,1,1],[0,1,1,0],[1,1,0,1]]",16,0.18395072533629997
level1_no_side_info,171,"[[0,0,1,1],[0,1,1,0],[1,1,0,1]]",32,0.19944959606350665
level1_no_side_info,172,"[[0,0,1,1],[0,1,1,0],[1,1,0,0]]",0,0.0
level1_no_side_info,172,"[[0,0,1,1],[0,1,1,0],[1,1,0,0]]",1,0.21907019637983866
level1_no_side_info,172,"[[0,0,1,1],[0,1,1,0],[1,1,0,0]]",2,0.34544943238999826
level1_no_side_info,172,"[[0,0,1,1],[0,1,1,0],[1,1,0,0]]",4,0.474279980271518
level1_no_side_info,172,"[[0,0,1,1],[0,1,1,0],[1,1,0,0]]",8,0.5715124137779335
level1_no_side_info,172,"[[0,0,1,1],[0,1,1,0],[1,1,0,0]]",16,0.6301021501664625
level1_no_side_info,172,"[[0,0,1,1],[0,1,1,0],[1,1,0,0]]",32,0.6614036248289012
level1_no_side_info,173,"[[0,0,1,1],[0,1,1,0],[1,0,1,1]]",0,0.0
level1_no_side_info,173,"[[0,0,1,1],[0,1,1,0],[1,0,1,1]]",1,0.054707760681101614
level1_no_side_info,173,"[[0,0,1,1],[0,1,1,0],[1,0,1,1]]",2,0.08724306990352437
level1_no_side_info,173,"[[0,0,1,1],[0,1,1,0],[1,0,1,1]]",4,0.12413388205086084
level1_no_side_info,173,"[[0,0,1,1],[0,1,1,0],[1,0,1,1]]",8,0.15831484826451048
level1_no_side_info,173,"[[0,0,1,1],[0,1,1,0],[1,0,1,1]]",16,0.18395072533629997
level1_no_side_info,173,"[[0,0,1,1],[0,1,1,0],[1,0,1,1]]",32,0.19944959606350665
level1_no_side_info,174,"[[0,0,1,1],[0,1,1,0],[1,0,0,0]]",0,0.0
level1_no_side_info,174,"[[0,0,1,1],[0,1,1,0],[1,0,0,0]]",1,0.054707760681101614
level1_no_side_info,174,"[[0,0,1,1],[0,1,1,0],[1,0,0,0]]",2,0.08724306990352437
level1_no_side_info,174,"[[0,0,1,1],[0,1,1,0],[1,0,0,0]]",4,0.12413388205086084
level1_no_side_info,174,"[[0,0,1,1],[0,1,1,0],[1,0,0,0]]",8,0.15831484826451048
level1_no_side_info,174,"[[0,0,1,1],[0,1,1,0],[1,0,0,0]]",16,0.18395072533629997
level1_no_side_info,174,"[[0,0,1,1],[0,1,1,0],[1,0,0,0]]",32,0.19944959606350665
level1_no_side_info,175,"[[0,0,1,1],[0,1,0,1],[1,1,1,0]]",0,0.0
level1_no_side_info,175,"[[0,0,1,1],[0,1,0,1],[1,1,1,0]]",1,0.054707760681101614
level1_no_side_info,175,"[[0,0,1,1],[0,1,0,1],[1,1,1,0]]",2,0.08724306990352426
level1_no_side_info,175,"[[0,0,1,1],[0,1,0,1],[1,1,1,0]]",4,0.12413388205086084
level1_no_side_info,175,"[[0,0,1,1],[0,1,0,1],[1,1,1,0]]",8,0.15831484826451048
level1_no_side_info,175,"[[0,0,1,1],[0,1,0,1],[1,1,1,0]]",16,0.18395072533629997
level1_no_side_info,175,"[[0,0,1,1],[0,1,0,1],[1,1,1,0]]",32,0.19944959606350665
level1_no_side_info,176,"[[0,0,1,1],[0,1,0,1],[1,1,0,1]]",0,0.0
level1_no_side_info,176,"[[0,0,1,1],[0,1,0,1],[1,1,0,1]]",1,0.054707760681101614
level1_no_side_info,176,"[[0,0,1,1],[0,1,0,1],[1,1,0,1]]",2,0.08724306990352437
level1_no_side_info,176,"[[0,0,1,1],[0,1,0,1],[1,1,0,1]]",4,0.12413388205086084
level1_no_side_info,176,"[[0,0,1,1],[0,1,0,1],[1,1,0,1]]",8,0.15831484826451048
level1_no_side_info,176,"[[0,0,1,1],[0,1,0,1],[1,1,0,1]]",16,0.18395072533629997
level1_no_side_info,176,"[[0,0,1,1],[0,1,0,1],[1,1,0,1]]",32,0.19944959606350665
level1_no_side_info,177,"[[0,0,1,1],[0,1,0,1],[1,1,0,0]]",0,0.0
level1_no_side_info,177,"[[0,0,1,1],[0,1,0,1],[1,1,0,0]]",1,0.21907019637983866
level1_no_side_info,177,"[[0,0,1,1],[0,1,0,1],[1,1,0,0]]",2,0.34544943238999826
level1_no_side_info,177,"[[0,0,1,1],[0,1,0,1],[1,1,0,0]]",4,0.474279980271518
level1_no_side_info,177,"[[0,0,1,1],[0,1,0,1],[1,1,0,0]]",8,0.5715124137779335
level1_no_side_info,177,"[[0,0,1,1],[0,1,0,1],[1,1,0,0]]",16,0.6301021501664625
level1_no_side_info,177,"[[0,0,1,1],[0,1,0,1],[1,1,0,0]]",32,0.6614036248289012
level1_no_side_info,178,"[[0,0,1,1],[0,1,0,1],[1,0,1,1]]",0,0.0
level1_no_side_info,178,"[[0,0,1,1],[0,1,0,1],[1,0,1,1]]",1,0.054707760681101614
level1_no_side_info,178,"[[0,0,1,1],[0,1,0,1],[1,0,1,1]]",2,0.08724306990352437
level1_no_side_info,178,"[[0,0,1,1],[0,1,0,1],[1,0,1,1]]",4,0.12413388205086084
level1_no_side_info,178,"[[0,0,1,1],[0,1,0,1],[1,0,1,1]]",8,0.15831484826451048
level1_no_side_info,178,"[[0,0,1,1],[0,1,0,1],[1,0,1,1]]",16,0.18395072533629997
level1_no_side_info,178,"[[0,0,1,1],[0,1,0,1],[1,0,1,1]]",32,0.19944959606350665
level1_no_side_info,179,"[[0,0,1,1],[0,1,0,1],[1,0,0,0]]",0,0.0
level1_no_side_info,179,"[[0,0,1,1],[0,1,0,1],[1,0,0,0]]",1,0.054707760681101614
level1_no_side_info,179,"[[0,0,1,1],[0,1,0,1],[1,0,0,0]]",2,0.08724306990352437
level1_no_side_info,179,"[[0,0,1,1],[0,1,0,1],[1,0,0,0]]",4,0.12413388205086084
level1_no_side_info,179,"[[0,0,1,1],[0,1,0,1],[1,0,0,0]]",8,0.15831484826451048
level1_no_side_info,179,"[[0,0,1,1],[0,1,0,1],[1,0,0,0]]",16,0.18395072533629997
level1_no_side_info,179,"[[0,0,1,1],[0,1,0,1],[1,0,0,0]]",32,0.19944959606350665
level1_no_side_info,180,"[[0,0,1,0],[0,0,0,1],[1,1,0,1]]",0,0.09116077839697728
level1_no_side_info,180,"[[0,0,1,0],[0,0,0,1],[1,1,0,1]]",1,0.18904992830644018
level1_no_side_info,180,"[[0,0,1,0],[0,0,0,1],[1,1,0,1]]",2,0.2524638005059724
level1_no_side_info,180,"[[0,0,1,0],[0,0,0,1],[1,1,0,1]]",4,0.32818826165444626
level1_no_side_info,180,"[[0,0,1,0],[0,0,0,1],[1,1,0,1]]",8,0.39529450909261055
level1_no_side_info,180,"[[0,0,1,0],[0,0,0,1],[1,1,0,1]]",16,0.437889587382303
level1_no_side_info,180,"[[0,0,1,0],[0,0,0,1],[1,1,0,1]]",32,0.4591604014488582
level1_no_side_info,181,"[[0,0,1,0],[0,1,0,0],[1,1,0,1]]",0,0.09116077839697728
level1_no_side_info,181,"[[0,0,1,0],[0,1,0,0],[1,1,0,1]]",1,0.18904992830644018
level1_no_side_info,181,"[[0,0,1,0],[0,1,0,0],[1,1,0,1]]",2,0.2524638005059724
level1_no_side_info,181,"[[0,0,1,0],[0,1,0,0],[1,1,0,1]]",4,0.32818826165444615
level1_no_side_info,181,"[[0,0,1,0],[0,1,0,0],[1,1,0,1]]",8,0.39529450909261066
level1_no_side_info,181,"[[0,0,1,0],[0,1,0,0],[1,1,0,1]]",16,0.437889587382303
level1_no_side_info,181,"[[0,0,1,0],[0,1,0,0],[1,1,0,1]]",32,0.4591604014488582
level1_no_side_info,182,"[[0,0,1,0],[0,1,1,1],[0,0,1,0]]",0,0.09116077839697728
level1_no_side_info,182,"[[0,0,1,0],[0,1,1,1],[0,0,1,0]]",1,0.18904992830644018
level1_no_side_info,182,"[[0,0,1,0],[0,1,1,1],[0,0,1,0]]",2,0.2524638005059724
level1_no_side_info,182,"[[0,0,1,0],[0,1,1,1],[0,0,1,0]]",4,0.32818826165444615
level1_no_side_info,182,"[[0,0,1,0],[0,1,1,1],[0,0,1,0]]",8,0.39529450909261066
level1_no_side_info,182,"[[0,0,1,0],[0,1,1,1],[0,0,1,0]]",16,0.437889587382303
level1_no_side_info,182,"[[0,0,1,0],[0,1,1,1],[0,0,1,0]]",32,0.4591604014488582
level1_no_side_info,183,"[[0,0,1,0],[0,1,1,1],[0,0,1,0]]",0,0.09116077839697728
level1_no_side_info,183,"[[0,0,1,0],[0,1,1,1],[0,0,1,0]]",1,0.18904992830644018
level1_no_side_info,183,"[[0,0,1,0],[0,1,1,1],[0,0,1,0]]",2,0.2524638005059724
level1_no_side_info,183,"[[0,0,1,0],[0,1,1,1],[0,0,1,0]]",4,0.32818826165444615
level1_no_side_info,183,"[[0,0,1,0],[0,1,1,1],[0,0,1,0]]",8,0.39529450909261066
level1_no_side_info,183,"[[0,0,1,0],[0,1,1,1],[0,0,1,0]]",16,0.437889587382303
level1_no_side_info,183,"[[0,0,1,0],[0,1,1,1],[0,0,1,0]]",32,0.4591604014488582
level1_no_side_info,184,"[[0,0,1,0],[0,1,0,0],[1,1,0,1]]",0,0.09116077839697728
level1_no_side_info,184,"[[0,0,1,0],[0,1,0,0],[1,1,0,1]]",1,0.18904992830644018
level1_no_side_info,184,"[[0,0,1,0],[0,1,0,0],[1,1,0,1]]",2,0.2524638005059724
level1_no_side_info,184,"[[0,0,1,0],[0,1,0,0],[1,1,0,1]]",4,0.32818826165444615
level1_no_side_info,184,"[[0,0,1,0],[0,1,0,0],[1,1,0,1]]",8,0.39529450909261066
level1_no_side_info,184,"[[0,0,1,0],[0,1,0,0],[1,1,0,1]]",16,0.437889587382303
level1_no_side_info,184,"[[0,0,1,0],[0,1,0,0],[1,1,0,1]]",32,0.4591604014488582
level1_no_side_info,185,"[[0,0,1,0],[0,0,0,1],[1,1,0,1]]",0,0.09116077839697728
level1_no_side_info,185,"[[0,0,1,0],[0,0,0,1],[1,1,0,1]]",1,0.18904992830644018
level1_no_side_info,185,"[[0,0,1,0],[0,0,0,1],[1,1,0,1]]",2,0.2524638005059724
level1_no_side_info,185,"[[0,0,1,0],[0,0,0,1],[1,1,0,1]]",4,0.32818826165444626
level1_no_side_info,185,"[[0,0,1,0],[0,0,0,1],[1,1,0,1]]",8,0.39529450909261055
level1_no_side_info,185,"[[0,0,1,0],[0,0,0,1],[1,1,0,1]]",16,0.437889587382303
level1_no_side_info,185,"[[0,0,1,0],[0,0,0,1],[1,1,0,1]]",32,0.4591604014488582
level1_no_side_info,186,"[[0,0,0,1],[0,0,1,0],[1,1,1,0]]",0,0.09116077839697723
level1_no_side_info,186,"[[0,0,0,1],[0,0,1,0],[1,1,1,0]]",1,0.18904992830644018
level1_no_side_info,186,"[[0,0,0,1],[0,0,1,0],[1,1,1,0]]",2,0.2524638005059724
level1_no_side_info,186,"[[0,0,0,1],[0,0,1,0],[1,1,1,0]]",4,0.32818826165444615
level1_no_side_info,186,"[[0,0,0,1],[0,0,1,0],[1,1,1,0]]",8,0.39529450909261066
level1_no_side_info,186,"[[0,0,0,1],[0,0,1,0],[1,1,1,0]]",16,0.437889587382303
level1_no_side_info,186,"[[0,0,0,1],[0,0,1,0],[1,1,1,0]]",32,0.4591604014488582
level1_no_side_info,187,"[[0,0,0,1],[0,1,0,0],[1,1,1,0]]",0,0.09116077839697723
level1_no_side_info,187,"[[0,0,0,1],[0,1,0,0],[1,1,1,0]]",1,0.18904992830644018
level1_no_side_info,187,"[[0,0,0,1],[0,1,0,0],[1,1,1,0]]",2,0.2524638005059724
level1_no_side_info,187,"[[0,0,0,1],[0,1,0,0],[1,1,1,0]]",4,0.32818826165444626
level1_no_side_info,187,"[[0,0,0,1],[0,1,0,0],[1,1,1,0]]",8,0.39529450909261066
level1_no_side_info,187,"[[0,0,0,1],[0,1,0,0],[1,1,1,0]]",16,0.437889587382303
level1_no_side_info,187,"[[0,0,0,1],[0,1,0,0],[1,1,1,0]]",32,0.4591604014488582
level1_no_side_info,188,"[[0,0,0,1],[0,1,1,1],[0,0,0,1]]",0,0.09116077839697723
level1_no_side_info,188,"[[0,0,0,1],[0,1,1,1],[0,0,0,1]]",1,0.18904992830644018
level1_no_side_info,188,"[[0,0,0,1],[0,1,1,1],[0,0,0,1]]",2,0.2524638005059724
level1_no_side_info,188,"[[0,0,0,1],[0,1,1,1],[0,0,0,1]]",4,0.32818826165444626
level1_no_side_info,188,"[[0,0,0,1],[0,1,1,1],[0,0,0,1]]",8,0.39529450909261066
level1_no_side_info,188,"[[0,0,0,1],[0,1,1,1],[0,0,0,1]]",16,0.437889587382303
level1_no_side_info,188,"[[0,0,0,1],[0,1,1,1],[0,0,0,1]]",32,0.4591604014488582
level1_no_side_info,189,"[[0,0,0,1],[0,1,1,1],[0,0,0,1]]",0,0.09116077839697723
level1_no_side_info,189,"[[0,0,0,1],[0,1,1,1],[0,0,0,1]]",1,0.18904992830644018
level1_no_side_info,189,"[[0,0,0,1],[0,1,1,1],[0,0,0,1]]",2,0.2524638005059724
level1_no_side_info,189,"[[0,0,0,1],[0,1,1,1],[0,0,0,1]]",4,0.32818826165444626
level1_no_side_info,189,"[[0,0,0,1],[0,1,1,1],[0,0,0,1]]",8,0.39529450909261066
level1_no_side_info,189,"[[0,0,0,1],[0,1,1,1],[0,0,0,1]]",16,0.437889587382303
level1_no_side_info,189,"[[0,0,0,1],[0,1,1,1],[0,0,0,1]]",32,0.4591604014488582
level1_no_side_info,190,"[[0,0,0,1],[0,1,0,0],[1,1,1,0]]",0,0.09116077839697723
level1_no_side_info,190,"[[0,0,0,1],[0,1,0,0],[1,1,1,0]]",1,0.18904992830644018
level1_no_side_info,190,"[[0,0,0,1],[0,1,0,0],[1,1,1,0]]",2,0.2524638005059724
level1_no_side_info,190,"[[0,0,0,1],[0,1,0,0],[1,1,1,0]]",4,0.32818826165444626
level1_no_side_info,190,"[[0,0,0,1],[0,1,0,0],[1,1,1,0]]",8,0.39529450909261066
level1_no_side_info,190,"[[0,0,0,1],[0,1,0,0],[1,1,1,0]]",16,0.437889587382303
level1_no_side_info,190,"[[0,0,0,1],[0,1,0,0],[1,1,1,0]]",32,0.4591604014488582
level1_no_side_info,191,"[[0,0,0,1],[0,0,1,0],[1,1,1,0]]",0,0.09116077839697723
level1_no_side_info,191,"[[0,0,0,1],[0,0,1,0],[1,1,1,0]]",1,0.18904992830644018
level1_no_side_info,191,"[[0,0,0,1],[0,0,1,0],[1,1,1,0]]",2,0.2524638005059724
level1_no_side_info,191,"[[0,0,0,1],[0,0,1,0],[1,1,1,0]]",4,0.32818826165444615
level1_no_side_info,191,"[[0,0,0,1],[0,0,1,0],[1,1,1,0]]",8,0.39529450909261066
level1_no_side_info,191,"[[0,0,0,1],[0,0,1,0],[1,1,1,0]]",16,0.437889587382303
level1_no_side_info,191,"[[0,0,0,1],[0,0,1,0],[1,1,1,0]]",32,0.4591604014488582
level2_receiver_side_info,0,"[[0,0,0,0,0,0,0,1],[0,0,1,0],[1,1,1,0]]",0,0.007042719241674045
level2_receiver_side_info,0,"[[0,0,0,0,0,0,0,1],[0,0,1,0],[1,1,1,0]]",1,0.04365214318621763
level2_receiver_side_info,0,"[[0,0,0,0,0,0,0,1],[0,0,1,0],[1,1,1,0]]",2,0.07195128098324627
level2_receiver_side_info,0,"[[0,0,0,0,0,0,0,1],[0,0,1,0],[1,1,1,0]]",4,0.11242296217865766
level2_receiver_side_info,0,"[[0,0,0,0,0,0,0,1],[0,0,1,0],[1,1,1,0]]",8,0.1585495660446091
level2_receiver_side_info,0,"[[0,0,0,0,0,0,0,1],[0,0,1,0],[1,1,1,0]]",16,0.1970262602525635
level2_receiver_side_info,0,"[[0,0,0,0,0,0,0,1],[0,0,1,0],[1,1,1,0]]",32,0.2196961455373196
level2_receiver_side_info,1,"[[0,0,0,0,0,0,0,1],[0,0,1,1],[0,0,0,1]]",0,0.06385320297074881
level2_receiver_side_info,1,"[[0,0,0,0,0,0,0,1],[0,0,1,1],[0,0,0,1]]",1,0.07704682264253404
level2_receiver_side_info,1,"[[0,0,0,0,0,0,0,1],[0,0,1,1],[0,0,0,1]]",2,0.08780218399432077
level2_receiver_side_info,1,"[[0,0,0,0,0,0,0,1],[0,0,1,1],[0,0,0,1]]",4,0.10415228924648534
level2_receiver_side_info,1,"[[0,0,0,0,0,0,0,1],[0,0,1,1],[0,0,0,1]]",8,0.12453241233105772
level2_receiver_side_info,1,"[[0,0,0,0,0,0,0,1],[0,0,1,1],[0,0,0,1]]",16,0.14385004263287593
level2_receiver_side_info,1,"[[0,0,0,0,0,0,0,1],[0,0,1,1],[0,0,0,1]]",32,0.15747949742783532
level2_receiver_side_info,2,"[[0,0,0,0,0,0,0,1],[0,1,0,0],[1,1,1,0]]",0,0.007042719241674045
level2_receiver_side_info,2,"[[0,0,0,0,0,0,0,1],[0,1,0,0],[1,1,1,0]]",1,0.04365214318621763
level2_receiver_side_info,2,"[[0,0,0,0,0,0,0,1],[0,1,0,0],[1,1,1,0]]",2,0.07195128098324627
level2_receiver_side_info,2,"[[0,0,0,0,0,0,0,1],[0,1,0,0],[1,1,1,0]]",4,0.11242296217865771
level2_receiver_side_info,2,"[[0,0,0,0,0,0,0,1],[0,1,0,0],[1,1,1,0]]",8,0.1585495660446091
level2_receiver_side_info,2,"[[0,0,0,0,0,0,0,1],[0,1,0,0],[1,1,1,0]]",16,0.1970262602525635
level2_receiver_side_info,2,"[[0,0,0,0,0,0,0,1],[0,1,0,0],[1,1,1,0]]",32,0.2196961455373196
level2_receiver_side_info,3,"[[0,0,0,0,0,0,0,1],[0,1,0,1],[0,0,0,1]]",0,0.06385320297074887
level2_receiver_side_info,3,"[[0,0,0,0,0,0,0,1],[0,1,0,1],[0,0,0,1]]",1,0.07704682264253404
level2_receiver_side_info,3,"[[0,0,0,0,0,0,0,1],[0,1,0,1],[0,0,0,1]]",2,0.08780218399432077
level2_receiver_side_info,3,"[[0,0,0,0,0,0,0,1],[0,1,0,1],[0,0,0,1]]",4,0.1041522892464854
level2_receiver_side_info,3,"[[0,0,0,0,0,0,0,1],[0,1,0,1],[0,0,0,1]]",8,0.12453241233105772
level2_receiver_side_info,3,"[[0,0,0,0,0,0,0,1],[0,1,0,1],[0,0,0,1]]",16,0.14385004263287587
level2_receiver_side_info,3,"[[0,0,0,0,0,0,0,1],[0,1,0,1],[0,0,0,1]]",32,0.15747949742783532
level2_receiver_side_info,4,"[[0,0,0,0,0,0,0,1],[0,1,1,0],[1,1,1,0]]",0,0.06385320297074887
level2_receiver_side_info,4,"[[0,0,0,0,0,0,0,1],[0,1,1,0],[1,1,1,0]]",1,0.07704682264253404
level2_receiver_side_info,4,"[[0,0,0,0,0,0,0,1],[0,1,1,0],[1,1,1,0]]",2,0.08780218399432077
level2_receiver_side_info,4,"[[0,0,0,0,0,0,0,1],[0,1,1,0],[1,1,1,0]]",4,0.1041522892464854
level2_receiver_side_info,4,"[[0,0,0,0,0,0,0,1],[0,1,1,0],[1,1,1,0]]",8,0.12453241233105772
level2_receiver_side_info,4,"[[0,0,0,0,0,0,0,1],[0,1,1,0],[1,1,1,0]]",16,0.14385004263287587
level2_receiver_side_info,4,"[[0,0,0,0,0,0,0,1],[0,1,1,0],[1,1,1,0]]",32,0.15747949742783532
level2_receiver_side_info,5,"[[0,0,0,0,0,0,0,1],[0,1,1,1],[0,0,0,1]]",0,0.0070427192416741
level2_receiver_side_info,5,"[[0,0,0,0,0,0,0,1],[0,1,1,1],[0,0,0,1]]",1,0.04365214318621763
level2_receiver_side_info,5,"[[0,0,0,0,0,0,0,1],[0,1,1,1],[0,0,0,1]]",2,0.07195128098324627
level2_receiver_side_info,5,"[[0,0,0,0,0,0,0,1],[0,1,1,1],[0,0,0,1]]",4,0.11242296217865771
level2_receiver_side_info,5,"[[0,0,0,0,0,0,0,1],[0,1,1,1],[0,0,0,1]]",8,0.1585495660446091
level2_receiver_side_info,5,"[[0,0,0,0,0,0,0,1],[0,1,1,1],[0,0,0,1]]",16,0.1970262602525635
level2_receiver_side_info,5,"[[0,0,0,0,0,0,0,1],[0,1,1,1],[0,0,0,1]]",32,0.2196961455373196
level2_receiver_side_info,6,"[[0,0,0,0,0,0,0,1],[0,1,1,1],[0,0,0,1]]",0,0.0070427192416741
level2_receiver_side_info,6,"[[0,0,0,0,0,0,0,1],[0,1,1,1],[0,0,0,1]]",1,0.04365214318621763
level2_receiver_side_info,6,"[[0,0,0,0,0,0,0,1],[0,1,1,1],[0,0,0,1]]",2,0.07195128098324627
level2_receiver_side_info,6,"[[0,0,0,0,0,0,0,1],[0,1,1,1],[0,0,0,1]]",4,0.11242296217865771
level2_receiver_side_info,6,"[[0,0,0,0,0,0,0,1],[0,1,1,1],[0,0,0,1]]",8,0.1585495660446091
level2_receiver_side_info,6,"[[0,0,0,0,0,0,0,1],[0,1,1,1],[0,0,0,1]]",16,0.1970262602525635
level2_receiver_side_info,6,"[[0,0,0,0,0,0,0,1],[0,1,1,1],[0,0,0,1]]",32,0.2196961455373196
level2_receiver_side_info,7,"[[0,0,0,0,0,0,0,1],[0,1,1,0],[1,1,1,0]]",0,0.06385320297074887
level2_receiver_side_info,7,"[[0,0,0,0,0,0,0,1],[0,1,1,0],[1,1,1,0]]",1,0.07704682264253404
level2_receiver_side_info,7,"[[0,0,0,0,0,0,0,1],[0,1,1,0],[1,1,1,0]]",2,0.08780218399432077
level2_receiver_side_info,7,"[[0,0,0,0,0,0,0,1],[0,1,1,0],[1,1,1,0]]",4,0.1041522892464854
level2_receiver_side_info,7,"[[0,0,0,0,0,0,0,1],[0,1,1,0],[1,1,1,0]]",8,0.12453241233105772
level2_receiver_side_info,7,"[[0,0,0,0,0,0,0,1],[0,1,1,0],[1,1,1,0]]",16,0.14385004263287587
level2_receiver_side_info,7,"[[0,0,0,0,0,0,0,1],[0,1,1,0],[1,1,1,0]]",32,0.15747949742783532
level2_receiver_side_info,8,"[[0,0,0,0,0,0,0,1],[0,1,0,1],[0,0,0,1]]",0,0.06385320297074887
level2_receiver_side_info,8,"[[0,0,0,0,0,0,0,1],[0,1,0,1],[0,0,0,1]]",1,0.07704682264253404
level2_receiver_side_info,8,"[[0,0,0,0,0,0,0,1],[0,1,0,1],[0,0,0,1]]",2,0.08780218399432077
level2_receiver_side_info,8,"[[0,0,0,0,0,0,0,1],[0,1,0,1],[0,0,0,1]]",4,0.1041522892464854
level2_receiver_side_info,8,"[[0,0,0,0,0,0,0,1],[0,1,0,1],[0,0,0,1]]",8,0.12453241233105772
level2_receiver_side_info,8,"[[0,0,0,0,0,0,0,1],[0,1,0,1],[0,0,0,1]]",16,0.14385004263287587
level2_receiver_side_info,8,"[[0,0,0,0,0,0,0,1],[0,1,0,1],[0,0,0,1]]",32,0.15747949742783532
level2_receiver_side_info,9,"[[0,0,0,0,0,0,0,1],[0,1,0,0],[1,1,1,0]]",0,0.007042719241674045
level2_receiver_side_info,9,"[[0,0,0,0,0,0,0,1],[0,1,0,0],[1,1,1,0]]",1,0.04365214318621763
level2_receiver_side_info,9,"[[0,0,0,0,0,0,0,1],[0,1,0,0],[1,1,1,0]]",2,0.07195128098324627
level2_receiver_side_info,9,"[[0,0,0,0,0,0,0,1],[0,1,0,0],[1,1,1,0]]",4,0.11242296217865771
level2_receiver_side_info,9,"[[0,0,0,0,0,0,0,1],[0,1,0,0],[1,1,1,0]]",8,0.1585495660446091
level2_receiver_side_info,9,"[[0,0,0,0,0,0,0,1],[0,1,0,0],[1,1,1,0]]",16,0.1970262602525635
level2_receiver_side_info,9,"[[0,0,0,0,0,0,0,1],[0,1,0,0],[1,1,1,0]]",32,0.2196961455373196
level2_receiver_side_info,10,"[[0,0,0,0,0,0,0,1],[0,0,1,1],[0,0,0,1]]",0,0.06385320297074881
level2_receiver_side_info,10,"[[0,0,0,0,0,0,0,1],[0,0,1,1],[0,0,0,1]]",1,0.07704682264253404
level2_receiver_side_info,10,"[[0,0,0,0,0,0,0,1],[0,0,1,1],[0,0,0,1]]",2,0.08780218399432077
level2_receiver_side_info,10,"[[0,0,0,0,0,0,0,1],[0,0,1,1],[0,0,0,1]]",4,0.10415228924648534
level2_receiver_side_info,10,"[[0,0,0,0,0,0,0,1],[0,0,1,1],[0,0,0,1]]",8,0.12453241233105772
level2_receiver_side_info,10,"[[0,0,0,0,0,0,0,1],[0,0,1,1],[0,0,0,1]]",16,0.14385004263287593
level2_receiver_side_info,10,"[[0,0,0,0,0,0,0,1],[0,0,1,1],[0,0,0,1]]",32,0.15747949742783532
level2_receiver_side_info,11,"[[0,0,0,0,0,0,0,1],[0,0,1,0],[1,1,1,0]]",0,0.007042719241674045
level2_receiver_side_info,11,"[[0,0,0,0,0,0,0,1],[0,0,1,0],[1,1,1,0]]",1,0.04365214318621763
level2_receiver_side_info,11,"[[0,0,0,0,0,0,0,1],[0,0,1,0],[1,1,1,0]]",2,0.07195128098324627
level2_receiver_side_info,11,"[[0,0,0,0,0,0,0,1],[0,0,1,0],[1,1,1,0]]",4,0.11242296217865766
level2_receiver_side_info,11,"[[0,0,0,0,0,0,0,1],[0,0,1,0],[1,1,1,0]]",8,0.1585495660446091
level2_receiver_side_info,11,"[[0,0,0,0,0,0,0,1],[0,0,1,0],[1,1,1,0]]",16,0.1970262602525635
level2_receiver_side_info,11,"[[0,0,0,0,0,0,0,1],[0,0,1,0],[1,1,1,0]]",32,0.2196961455373196
level2_receiver_side_info,12,"[[0,0,0,0,0,0,1,0],[0,0,1,0],[1,1,1,0]]",0,0.007042719241674045
level2_receiver_side_info,12,"[[0,0,0,0,0,0,1,0],[0,0,1,0],[1,1,1,0]]",1,0.04365214318621763
level2_receiver_side_info,12,"[[0,0,0,0,0,0,1,0],[0,0,1,0],[1,1,1,0]]",2,0.07195128098324627
level2_receiver_side_info,12,"[[0,0,0,0,0,0,1,0],[0,0,1,0],[1,1,1,0]]",4,0.11242296217865763
level2_receiver_side_info,12,"[[0,0,0,0,0,0,1,0],[0,0,1,0],[1,1,1,0]]",8,0.1585495660446091
level2_receiver_side_info,12,"[[0,0,0,0,0,0,1,0],[0,0,1,0],[1,1,1,0]]",16,0.19702626025256345
level2_receiver_side_info,12,"[[0,0,0,0,0,0,1,0],[0,0,1,0],[1,1,1,0]]",32,0.2196961455373196
level2_receiver_side_info,13,"[[0,0,0,0,0,0,1,0],[0,0,1,1],[0,0,0,1]]",0,0.06385320297074878
level2_receiver_side_info,13,"[[0,0,0,0,0,0,1,0],[0,0,1,1],[0,0,0,1]]",1,0.07704682264253407
level2_receiver_side_info,13,"[[0,0,0,0,0,0,1,0],[0,0,1,1],[0,0,0,1]]",2,0.08780218399432074
level2_receiver_side_info,13,"[[0,0,0,0,0,0,1,0],[0,0,1,1],[0,0,0,1]]",4,0.10415228924648534
level2_receiver_side_info,13,"[[0,0,0,0,0,0,1,0],[0,0,1,1],[0,0,0,1]]",8,0.12453241233105772
level2_receiver_side_info,13,"[[0,0,0,0,0,0,1,0],[0,0,1,1],[0,0,0,1]]",16,0.14385004263287587
level2_receiver_side_info,13,"[[0,0,0,0,0,0,1,0],[0,0,1,1],[0,0,0,1]]",32,0.15747949742783532
level2_receiver_side_info,14,"[[0,0,0,0,0,0,1,0],[0,1,0,0],[1,1,1,0]]",0,0.007042719241674045
level2_receiver_side_info,14,"[[0,0,0,0,0,0,1,0],[0,1,0,0],[1,1,1,0]]",1,0.043652143186217574
level2_receiver_side_info,14,"[[0,0,0,0,0,0,1,0],[0,1,0,0],[1,1,1,0]]",2,0.07195128098324627
level2_receiver_side_info,14,"[[0,0,0,0,0,0,1,0],[0,1,0,0],[1,1,1,0]]",4,0.11242296217865763
level2_receiver_side_info,14,"[[0,0,0,0,0,0,1,0],[0,1,0,0],[1,1,1,0]]",8,0.1585495660446091
level2_receiver_side_info,14,"[[0,0,0,0,0,0,1,0],[0,1,0,0],[1,1,1,0]]",16,0.19702626025256345
level2_receiver_side_info,14,"[[0,0,0,0,0,0,1,0],[0,1,0,0],[1,1,1,0]]",32,0.2196961455373196
level2_receiver_side_info,15,"[[0,0,0,0,0,0,1,0],[0,1,0,1],[0,0,0,1]]",0,0.06385320297074884
level2_receiver_side_info,15,"[[0,0,0,0,0,0,1,0],[0,1,0,1],[0,0,0,1]]",1,0.07704682264253407
level2_receiver_side_info,15,"[[0,0,0,0,0,0,1,0],[0,1,0,1],[0,0,0,1]]",2,0.08780218399432074
level2_receiver_side_info,15,"[[0,0,0,0,0,0,1,0],[0,1,0,1],[0,0,0,1]]",4,0.1041522892464854
level2_receiver_side_info,15,"[[0,0,0,0,0,0,1,0],[0,1,0,1],[0,0,0,1]]",8,0.12453241233105772
level2_receiver_side_info,15,"[[0,0,0,0,0,0,1,0],[0,1,0,1],[0,0,0,1]]",16,0.14385004263287587
level2_receiver_side_info,15,"[[0,0,0,0,0,0,1,0],[0,1,0,1],[0,0,0,1]]",32,0.15747949742783532
level2_receiver_side_info,16,"[[0,0,0,0,0,0,1,0],[0,1,1,0],[1,1,1,0]]",0,0.06385320297074884
level2_receiver_side_info,16,"[[0,0,0,0,0,0,1,0],[0,1,1,0],[1,1,1,0]]",1,0.07704682264253407
level2_receiver_side_info,16,"[[0,0,0,0,0,0,1,0],[0,1,1,0],[1,1,1,0]]",2,0.08780218399432074
level2_receiver_side_info,16,"[[0,0,0,0,0,0,1,0],[0,1,1,0],[1,1,1,0]]",4,0.10415228924648534
level2_receiver_side_info,16,"[[0,0,0,0,0,0,1,0],[0,1,1,0],[1,1,1,0]]",8,0.12453241233105772
level2_receiver_side_info,16,"[[0,0,0,0,0,0,1,0],[0,1,1,0],[1,1,1,0]]",16,0.14385004263287587
level2_receiver_side_info,16,"[[0,0,0,0,0,0,1,0],[0,1,1,0],[1,1,1,0]]",32,0.15747949742783532
level2_receiver_side_info,17,"[[0,0,0,0,0,0,1,0],[0,1,1,1],[0,0,0,1]]",0,0.0070427192416741
level2_receiver_side_info,17,"[[0,0,0,0,0,0,1,0],[0,1,1,1],[0,0,0,1]]",1,0.043652143186217574
level2_receiver_side_info,17,"[[0,0,0,0,0,0,1,0],[0,1,1,1],[0,0,0,1]]",2,0.07195128098324627
level2_receiver_side_info,17,"[[0,0,0,0,0,0,1,0],[0,1,1,1],[0,0,0,1]]",4,0.11242296217865763
level2_receiver_side_info,17,"[[0,0,0,0,0,0,1,0],[0,1,1,1],[0,0,0,1]]",8,0.1585495660446091
level2_receiver_side_info,17,"[[0,0,0,0,0,0,1,0],[0,1,1,1],[0,0,0,1]]",16,0.19702626025256345
level2_receiver_side_info,17,"[[0,0,0,0,0,0,1,0],[0,1,1,1],[0,0,0,1]]",32,0.2196961455373196
level2_receiver_side_info,18,"[[0,0,0,0,0,0,1,0],[0,1,1,1],[0,0,0,1]]",0,0.0070427192416741
level2_receiver_side_info,18,"[[0,0,0,0,0,0,1,0],[0,1,1,1],[0,0,0,1]]",1,0.043652143186217574
level2_receiver_side_info,18,"[[0,0,0,0,0,0,1,0],[0,1,1,1],[0,0,0,1]]",2,0.07195128098324627
level2_receiver_side_info,18,"[[0,0,0,0,0,0,1,0],[0,1,1,1],[0,0,0,1]]",4,0.11242296217865763
level2_receiver_side_info,18,"[[0,0,0,0,0,0,1,0],[0,1,1,1],[0,0,0,1]]",8,0.1585495660446091
level2_receiver_side_info,18,"[[0,0,0,0,0,0,1,0],[0,1,1,1],[0,0,0,1]]",16,0.19702626025256345
level2_receiver_side_info,18,"[[0,0,0,0,0,0,1,0],[0,1,1,1],[0,0,0,1]]",32,0.2196961455373196
level2_receiver_side_info,19,"[[0,0,0,0,0,0,1,0],[0,1,1,0],[1,1,1,0]]",0,0.06385320297074884
level2_receiver_side_info,19,"[[0,0,0,0,0,0,1,0],[0,1,1,0],[1,1,1,0]]",1,0.07704682264253407
level2_receiver_side_info,19,"[[0,0,0,0,0,0,1,0],[0,1,1,0],[1,1,1,0]]",2,0.08780218399432074
level2_receiver_side_info,19,"[[0,0,0,0,0,0,1,0],[0,1,1,0],[1,1,1,0]]",4,0.10415228924648534
level2_receiver_side_info,19,"[[0,0,0,0,0,0,1,0],[0,1,1,0],[1,1,1,0]]",8,0.12453241233105772
level2_receiver_side_info,19,"[[0,0,0,0,0,0,1,0],[0,1,1,0],[1,1,1,0]]",16,0.14385004263287587
level2_receiver_side_info,19,"[[0,0,0,0,0,0,1,0],[0,1,1,0],[1,1,1,0]]",32,0.15747949742783532
level2_receiver_side_info,20,"[[0,0,0,0,0,0,1,0],[0,1,0,1],[0,0,0,1]]",0,0.06385320297074884
level2_receiver_side_info,20,"[[0,0,0,0,0,0,1,0],[0,1,0,1],[0,0,0,1]]",1,0.07704682264253407
level2_receiver_side_info,20,"[[0,0,0,0,0,0,1,0],[0,1,0,1],[0,0,0,1]]",2,0.08780218399432074
level2_receiver_side_info,20,"[[0,0,0,0,0,0,1,0],[0,1,0,1],[0,0,0,1]]",4,0.1041522892464854
level2_receiver_side_info,20,"[[0,0,0,0,0,0,1,0],[0,1,0,1],[0,0,0,1]]",8,0.12453241233105772
level2_receiver_side_info,20,"[[0,0,0,0,0,0,1,0],[0,1,0,1],[0,0,0,1]]",16,0.14385004263287587
level2_receiver_side_info,20,"[[0,0,0,0,0,0,1,0],[0,1,0,1],[0,0,0,1]]",32,0.15747949742783532
level2_receiver_side_info,21,"[[0,0,0,0,0,0,1,0],[0,1,0,0],[1,1,1,0]]",0,0.007042719241674045
level2_receiver_side_info,21,"[[0,0,0,0,0,0,1,0],[0,1,0,0],[1,1,1,0]]",1,0.043652143186217574
level2_receiver_side_info,21,"[[0,0,0,0,0,0,1,0],[0,1,0,0],[1,1,1,0]]",2,0.07195128098324627
level2_receiver_side_info,21,"[[0,0,0,0,0,0,1,0],[0,1,0,0],[1,1,1,0]]",4,0.11242296217865763
level2_receiver_side_info,21,"[[0,0,0,0,0,0,1,0],[0,1,0,0],[1,1,1,0]]",8,0.1585495660446091
level2_receiver_side_info,21,"[[0,0,0,0,0,0,1,0],[0,1,0,0],[1,1,1,0]]",16,0.19702626025256345
level2_receiver_side_info,21,"[[0,0,0,0,0,0,1,0],[0,1,0,0],[1,1,1,0]]",32,0.2196961455373196
level2_receiver_side_info,22,"[[0,0,0,0,0,0,1,0],[0,0,1,1],[0,0,0,1]]",0,0.06385320297074878
level2_receiver_side_info,22,"[[0,0,0,0,0,0,1,0],[0,0,1,1],[0,0,0,1]]",1,0.07704682264253407
level2_receiver_side_info,22,"[[0,0,0,0,0,0,1,0],[0,0,1,1],[0,0,0,1]]",2,0.08780218399432074
level2_receiver_side_info,22,"[[0,0,0,0,0,0,1,0],[0,0,1,1],[0,0,0,1]]",4,0.10415228924648534
level2_receiver_side_info,22,"[[0,0,0,0,0,0,1,0],[0,0,1,1],[0,0,0,1]]",8,0.12453241233105772
level2_receiver_side_info,22,"[[0,0,0,0,0,0,1,0],[0,0,1,1],[0,0,0,1]]",16,0.14385004263287587
level2_receiver_side_info,22,"[[0,0,0,0,0,0,1,0],[0,0,1,1],[0,0,0,1]]",32,0.15747949742783532
level2_receiver_side_info,23,"[[0,0,0,0,0,0,1,0],[0,0,1,0],[1,1,1,0]]",0,0.007042719241674045
level2_receiver_side_info,23,"[[0,0,0,0,0,0,1,0],[0,0,1,0],[1,1,1,0]]",1,0.04365214318621763
level2_receiver_side_info,23,"[[0,0,0,0,0,0,1,0],[0,0,1,0],[1,1,1,0]]",2,0.07195128098324627
level2_receiver_side_info,23,"[[0,0,0,0,0,0,1,0],[0,0,1,0],[1,1,1,0]]",4,0.11242296217865763
level2_receiver_side_info,23,"[[0,0,0,0,0,0,1,0],[0,0,1,0],[1,1,1,0]]",8,0.1585495660446091
level2_receiver_side_info,23,"[[0,0,0,0,0,0,1,0],[0,0,1,0],[1,1,1,0]]",16,0.19702626025256345
level2_receiver_side_info,23,"[[0,0,0,0,0,0,1,0],[0,0,1,0],[1,1,1,0]]",32,0.2196961455373196
level2_receiver_side_info,24,"[[0,0,0,0,0,0,1,1],[0,0,1,0],[1,1,1,0]]",0,0.09116077839697728
level2_receiver_side_info,24,"[[0,0,0,0,0,0,1,1],[0,0,1,0],[1,1,1,0]]",1,0.14290658343056545
level2_receiver_side_info,24,"[[0,0,0,0,0,0,1,1],[0,0,1,0],[1,1,1,0]]",2,0.18449810329733946
level2_receiver_side_info,24,"[[0,0,0,0,0,0,1,1],[0,0,1,0],[1,1,1,0]]",4,0.246861694803569
level2_receiver_side_info,24,"[[0,0,0,0,0,0,1,1],[0,0,1,0],[1,1,1,0]]",8,0.32298029056872946
level2_receiver_side_info,24,"[[0,0,0,0,0,0,1,1],[0,0,1,0],[1,1,1,0]]",16,0.39196225193885575
level2_receiver_side_info,24,"[[0,0,0,0,0,0,1,1],[0,0,1,0],[1,1,1,0]]",32,0.43644344248314637
level2_receiver_side_info,25,"[[0,0,0,0,0,0,1,1],[0,0,1,1],[0,0,0,1]]",0,0.12770640594149768
level2_receiver_side_info,25,"[[0,0,0,0,0,0,1,1],[0,0,1,1],[0,0,0,1]]",1,0.15096929892483563
level2_receiver_side_info,25,"[[0,0,0,0,0,0,1,1],[0,0,1,1],[0,0,0,1]]",2,0.17050487482649546
level2_receiver_side_info,25,"[[0,0,0,0,0,0,1,1],[0,0,1,1],[0,0,0,1]]",4,0.20126976453018763
level2_receiver_side_info,25,"[[0,0,0,0,0,0,1,1],[0,0,1,1],[0,0,0,1]]",8,0.2416037811712054
level2_receiver_side_info,25,"[[0,0,0,0,0,0,1,1],[0,0,1,1],[0,0,0,1]]",16,0.28212774266557344
level2_receiver_side_info,25,"[[0,0,0,0,0,0,1,1],[0,0,1,1],[0,0,0,1]]",32,0.3121232354594785
level2_receiver_side_info,26,"[[0,0,0,0,0,0,1,1],[0,1,0,0],[1,1,1,0]]",0,0.09116077839697728
level2_receiver_side_info,26,"[[0,0,0,0,0,0,1,1],[0,1,0,0],[1,1,1,0]]",1,0.14290658343056545
level2_receiver_side_info,26,"[[0,0,0,0,0,0,1,1],[0,1,0,0],[1,1,1,0]]",2,0.18449810329733946
level2_receiver_side_info,26,"[[0,0,0,0,0,0,1,1],[0,1,0,0],[1,1,1,0]]",4,0.246861694803569
level2_receiver_side_info,26,"[[0,0,0,0,0,0,1,1],[0,1,0,0],[1,1,1,0]]",8,0.32298029056872946
level2_receiver_side_info,26,"[[0,0,0,0,0,0,1,1],[0,1,0,0],[1,1,1,0]]",16,0.39196225193885575
level2_receiver_side_info,26,"[[0,0,0,0,0,0,1,1],[0,1,0,0],[1,1,1,0]]",32,0.43644344248314637
level2_receiver_side_info,27,"[[0,0,0,0,0,0,1,1],[0,1,0,1],[0,0,0,1]]",0,0.12770640594149768
level2_receiver_side_info,27,"[[0,0,0,0,0,0,1,1],[0,1,0,1],[0,0,0,1]]",1,0.15096929892483563
level2_receiver_side_info,27,"[[0,0,0,0,0,0,1,1],[0,1,0,1],[0,0,0,1]]",2,0.17050487482649546
level2_receiver_side_info,27,"[[0,0,0,0,0,0,1,1],[0,1,0,1],[0,0,0,1]]",4,0.20126976453018763
level2_receiver_side_info,27,"[[0,0,0,0,0,0,1,1],[0,1,0,1],[0,0,0,1]]",8,0.2416037811712054
level2_receiver_side_info,27,"[[0,0,0,0,0,0,1,1],[0,1,0,1],[0,0,0,1]]",16,0.28212774266557344
level2_receiver_side_info,27,"[[0,0,0,0,0,0,1,1],[0,1,0,1],[0,0,0,1]]",32,0.3121232354594785
level2_receiver_side_info,28,"[[0,0,0,0,0,0,1,1],[0,1,1,0],[1,1,1,0]]",0,0.12770640594149768
level2_receiver_side_info,28,"[[0,0,0,0,0,0,1,1],[0,1,1,0],[1,1,1,0]]",1,0.15096929892483563
level2_receiver_side_info,28,"[[0,0,0,0,0,0,1,1],[0,1,1,0],[1,1,1,0]]",2,0.17050487482649546
level2_receiver_side_info,28,"[[0,0,0,0,0,0,1,1],[0,1,1,0],[1,1,1,0]]",4,0.20126976453018763
level2_receiver_side_info,28,"[[0,0,0,0,0,0,1,1],[0,1,1,0],[1,1,1,0]]",8,0.24160378117120535
level2_receiver_side_info,28,"[[0,0,0,0,0,0,1,1],[0,1,1,0],[1,1,1,0]]",16,0.2821277426655734
level2_receiver_side_info,28,"[[0,0,0,0,0,0,1,1],[0,1,1,0],[1,1,1,0]]",32,0.3121232354594785
level2_receiver_side_info,29,"[[0,0,0,0,0,0,1,1],[0,1,1,1],[0,0,0,1]]",0,0.09116077839697728
level2_receiver_side_info,29,"[[0,0,0,0,0,0,1,1],[0,1,1,1],[0,0,0,1]]",1,0.14290658343056534
level2_receiver_side_info,29,"[[0,0,0,0,0,0,1,1],[0,1,1,1],[0,0,0,1]]",2,0.18449810329733946
level2_receiver_side_info,29,"[[0,0,0,0,0,0,1,1],[0,1,1,1],[0,0,0,1]]",4,0.246861694803569
level2_receiver_side_info,29,"[[0,0,0,0,0,0,1,1],[0,1,1,1],[0,0,0,1]]",8,0.32298029056872946
level2_receiver_side_info,29,"[[0,0,0,0,0,0,1,1],[0,1,1,1],[0,0,0,1]]",16,0.39196225193885564
level2_receiver_side_info,29,"[[0,0,0,0,0,0,1,1],[0,1,1,1],[0,0,0,1]]",32,0.43644344248314637
level2_receiver_side_info,30,"[[0,0,0,0,0,0,1,1],[0,1,1,1],[0,0,0,1]]",0,0.09116077839697728
level2_receiver_side_info,30,"[[0,0,0,0,0,0,1,1],[0,1,1,1],[0,0,0,1]]",1,0.14290658343056534
level2_receiver_side_info,30,"[[0,0,0,0,0,0,1,1],[0,1,1,1],[0,0,0,1]]",2,0.18449810329733946
level2_receiver_side_info,30,"[[0,0,0,0,0,0,1,1],[0,1,1,1],[0,0,0,1]]",4,0.246861694803569
level2_receiver_side_info,30,"[[0,0,0,0,0,0,1,1],[0,1,1,1],[0,0,0,1]]",8,0.32298029056872946
level2_receiver_side_info,30,"[[0,0,0,0,0,0,1,1],[0,1,1,1],[0,0,0,1]]",16,0.39196225193885564
level2_receiver_side_info,30,"[[0,0,0,0,0,0,1,1],[0,1,1,1],[0,0,0,1]]",32,0.43644344248314637
level2_receiver_side_info,31,"[[0,0,0,0,0,0,1,1],[0,1,1,0],[1,1,1,0]]",0,0.12770640594149768
level2_receiver_side_info,31,"[[0,0,0,0,0,0,1,1],[0,1,1,0],[1,1,1,0]]",1,0.15096929892483563
level2_receiver_side_info,31,"[[0,0,0,0,0,0,1,1],[0,1,1,0],[1,1,1,0]]",2,0.17050487482649546
level2_receiver_side_info,31,"[[0,0,0,0,0,0,1,1],[0,1,1,0],[1,1,1,0]]",4,0.20126976453018763
level2_receiver_side_info,31,"[[0,0,0,0,0,0,1,1],[0,1,1,0],[1,1,1,0]]",8,0.24160378117120535
level2_receiver_side_info,31,"[[0,0,0,0,0,0,1,1],[0,1,1,0],[1,1,1,0]]",16,0.2821277426655734
level2_receiver_side_info,31,"[[0,0,0,0,0,0,1,1],[0,1,1,0],[1,1,1,0]]",32,0.3121232354594785
level2_receiver_side_info,32,"[[0,0,0,0,0,0,1,1],[0,1,0,1],[0,0,0,1]]",0,0.12770640594149768
level2_receiver_side_info,32,"[[0,0,0,0,0,0,1,1],[0,1,0,1],[0,0,0,1]]",1,0.15096929892483563
level2_receiver_side_info,32,"[[0,0,0,0,0,0,1,1],[0,1,0,1],[0,0,0,1]]",2,0.17050487482649546
level2_receiver_side_info,32,"[[0,0,0,0,0,0,1,1],[0,1,0,1],[0,0,0,1]]",4,0.20126976453018763
level2_receiver_side_info,32,"[[0,0,0,0,0,0,1,1],[0,1,0,1],[0,0,0,1]]",8,0.2416037811712054
level2_receiver_side_info,32,"[[0,0,0,0,0,0,1,1],[0,1,0,1],[0,0,0,1]]",16,0.28212774266557344
level2_receiver_side_info,32,"[[0,0,0,0,0,0,1,1],[0,1,0,1],[0,0,0,1]]",32,0.3121232354594785
level2_receiver_side_info,33,"[[0,0,0,0,0,0,1,1],[0,1,0,0],[1,1,1,0]]",0,0.09116077839697728
level2_receiver_side_info,33,"[[0,0,0,0,0,0,1,1],[0,1,0,0],[1,1,1,0]]",1,0.14290658343056545
level2_receiver_side_info,33,"[[0,0,0,0,0,0,1,1],[0,1,0,0],[1,1,1,0]]",2,0.18449810329733946
level2_receiver_side_info,33,"[[0,0,0,0,0,0,1,1],[0,1,0,0],[1,1,1,0]]",4,0.246861694803569
level2_receiver_side_info,33,"[[0,0,0,0,0,0,1,1],[0,1,0,0],[1,1,1,0]]",8,0.32298029056872946
level2_receiver_side_info,33,"[[0,0,0,0,0,0,1,1],[0,1,0,0],[1,1,1,0]]",16,0.39196225193885575
level2_receiver_side_info,33,"[[0,0,0,0,0,0,1,1],[0,1,0,0],[1,1,1,0]]",32,0.43644344248314637
level2_receiver_side_info,34,"[[0,0,0,0,0,0,1,1],[0,0,1,1],[0,0,0,1]]",0,0.12770640594149768
level2_receiver_side_info,34,"[[0,0,0,0,0,0,1,1],[0,0,1,1],[0,0,0,1]]",1,0.15096929892483563
level2_receiver_side_info,34,"[[0,0,0,0,0,0,1,1],[0,0,1,1],[0,0,0,1]]",2,0.17050487482649546
level2_receiver_side_info,34,"[[0,0,0,0,0,0,1,1],[0,0,1,1],[0,0,0,1]]",4,0.20126976453018763
level2_receiver_side_info,34,"[[0,0,0,0,0,0,1,1],[0,0,1,1],[0,0,0,1]]",8,0.2416037811712054
level2_receiver_side_info,34,"[[0,0,0,0,0,0,1,1],[0,0,1,1],[0,0,0,1]]",16,0.28212774266557344
level2_receiver_side_info,34,"[[0,0,0,0,0,0,1,1],[0,0,1,1],[0,0,0,1]]",32,0.3121232354594785
level2_receiver_side_info,35,"[[0,0,0,0,0,0,1,1],[0,0,1,0],[1,1,1,0]]",0,0.09116077839697728
level2_receiver_side_info,35,"[[0,0,0,0,0,0,1,1],[0,0,1,0],[1,1,1,0]]",1,0.14290658343056545
level2_receiver_side_info,35,"[[0,0,0,0,0,0,1,1],[0,0,1,0],[1,1,1,0]]",2,0.18449810329733946
level2_receiver_side_info,35,"[[0,0,0,0,0,0,1,1],[0,0,1,0],[1,1,1,0]]",4,0.246861694803569
level2_receiver_side_info,35,"[[0,0,0,0,0,0,1,1],[0,0,1,0],[1,1,1,0]]",8,0.32298029056872946
level2_receiver_side_info,35,"[[0,0,0,0,0,0,1,1],[0,0,1,0],[1,1,1,0]]",16,0.39196225193885575
level2_receiver_side_info,35,"[[0,0,0,0,0,0,1,1],[0,0,1,0],[1,1,1,0]]",32,0.43644344248314637
level2_receiver_side_info,36,"[[0,0,0,0,0,1,0,0],[0,0,0,1],[1,1,0,1]]",0,0.007042719241674045
level2_receiver_side_info,36,"[[0,0,0,0,0,1,0,0],[0,0,0,1],[1,1,0,1]]",1,0.043652143186217685
level2_receiver_side_info,36,"[[0,0,0,0,0,1,0,0],[0,0,0,1],[1,1,0,1]]",2,0.07195128098324621
level2_receiver_side_info,36,"[[0,0,0,0,0,1,0,0],[0,0,0,1],[1,1,0,1]]",4,0.11242296217865763
level2_receiver_side_info,36,"[[0,0,0,0,0,1,0,0],[0,0,0,1],[1,1,0,1]]",8,0.1585495660446091
level2_receiver_side_info,36,"[[0,0,0,0,0,1,0,0],[0,0,0,1],[1,1,0,1]]",16,0.1970262602525634
level2_receiver_side_info,36,"[[0,0,0,0,0,1,0,0],[0,0,0,1],[1,1,0,1]]",32,0.2196961455373196
level2_receiver_side_info,37,"[[0,0,0,0,0,1,0,0],[0,0,1,1],[0,0,1,0]]",0,0.06385320297074881
level2_receiver_side_info,37,"[[0,0,0,0,0,1,0,0],[0,0,1,1],[0,0,1,0]]",1,0.07704682264253407
level2_receiver_side_info,37,"[[0,0,0,0,0,1,0,0],[0,0,1,1],[0,0,1,0]]",2,0.08780218399432077
level2_receiver_side_info,37,"[[0,0,0,0,0,1,0,0],[0,0,1,1],[0,0,1,0]]",4,0.10415228924648534
level2_receiver_side_info,37,"[[0,0,0,0,0,1,0,0],[0,0,1,1],[0,0,1,0]]",8,0.12453241233105775
level2_receiver_side_info,37,"[[0,0,0,0,0,1,0,0],[0,0,1,1],[0,0,1,0]]",16,0.14385004263287593
level2_receiver_side_info,37,"[[0,0,0,0,0,1,0,0],[0,0,1,1],[0,0,1,0]]",32,0.15747949742783532
level2_receiver_side_info,38,"[[0,0,0,0,0,1,0,0],[0,1,0,0],[1,1,0,1]]",0,0.007042719241673989
level2_receiver_side_info,38,"[[0,0,0,0,0,1,0,0],[0,1,0,0],[1,1,0,1]]",1,0.043652143186217685
level2_receiver_side_info,38,"[[0,0,0,0,0,1,0,0],[0,1,0,0],[1,1,0,1]]",2,0.07195128098324621
level2_receiver_side_info,38,"[[0,0,0,0,0,1,0,0],[0,1,0,0],[1,1,0,1]]",4,0.11242296217865763
level2_receiver_side_info,38,"[[0,0,0,0,0,1,0,0],[0,1,0,0],[1,1,0,1]]",8,0.1585495660446091
level2_receiver_side_info,38,"[[0,0,0,0,0,1,0,0],[0,1,0,0],[1,1,0,1]]",16,0.19702626025256345
level2_receiver_side_info,38,"[[0,0,0,0,0,1,0,0],[0,1,0,0],[1,1,0,1]]",32,0.2196961455373196
level2_receiver_side_info,39,"[[0,0,0,0,0,1,0,0],[0,1,0,1],[1,1,0,1]]",0,0.06385320297074881
level2_receiver_side_info,39,"[[0,0,0,0,0,1,0,0],[0,1,0,1],[1,1,0,1]]",1,0.07704682264253407
level2_receiver_side_info,39,"[[0,0,0,0,0,1,0,0],[0,1,0,1],[1,1,0,1]]",2,0.08780218399432077
level2_receiver_side_info,39,"[[0,0,0,0,0,1,0,0],[0,1,0,1],[1,1,0,1]]",4,0.10415228924648534
level2_receiver_side_info,39,"[[0,0,0,0,0,1,0,0],[0,1,0,1],[1,1,0,1]]",8,0.12453241233105775
level2_receiver_side_info,39,"[[0,0,0,0,0,1,0,0],[0,1,0,1],[1,1,0,1]]",16,0.14385004263287587
level2_receiver_side_info,39,"[[0,0,0,0,0,1,0,0],[0,1,0,1],[1,1,0,1]]",32,0.15747949742783532
level2_receiver_side_info,40,"[[0,0,0,0,0,1,0,0],[0,1,1,0],[0,0,1,0]]",0,0.06385320297074881
level2_receiver_side_info,40,"[[0,0,0,0,0,1,0,0],[0,1,1,0],[0,0,1,0]]",1,0.07704682264253407
level2_receiver_side_info,40,"[[0,0,0,0,0,1,0,0],[0,1,1,0],[0,0,1,0]]",2,0.08780218399432077
level2_receiver_side_info,40,"[[0,0,0,0,0,1,0,0],[0,1,1,0],[0,0,1,0]]",4,0.10415228924648534
level2_receiver_side_info,40,"[[0,0,0,0,0,1,0,0],[0,1,1,0],[0,0,1,0]]",8,0.12453241233105775
level2_receiver_side_info,40,"[[0,0,0,0,0,1,0,0],[0,1,1,0],[0,0,1,0]]",16,0.14385004263287587
level2_receiver_side_info,40,"[[0,0,0,0,0,1,0,0],[0,1,1,0],[0,0,1,0]]",32,0.15747949742783532
level2_receiver_side_info,41,"[[0,0,0,0,0,1,0,0],[0,1,1,1],[0,0,1,0]]",0,0.007042719241674045
level2_receiver_side_info,41,"[[0,0,0,0,0,1,0,0],[0,1,1,1],[0,0,1,0]]",1,0.043652143186217685
level2_receiver_side_info,41,"[[0,0,0,0,0,1,0,0],[0,1,1,1],[0,0,1,0]]",2,0.07195128098324621
level2_receiver_side_info,41,"[[0,0,0,0,0,1,0,0],[0,1,1,1],[0,0,1,0]]",4,0.11242296217865763
level2_receiver_side_info,41,"[[0,0,0,0,0,1,0,0],[0,1,1,1],[0,0,1,0]]",8,0.1585495660446091
level2_receiver_side_info,41,"[[0,0,0,0,0,1,0,0],[0,1,1,1],[0,0,1,0]]",16,0.19702626025256345
level2_receiver_side_info,41,"[[0,0,0,0,0,1,0,0],[0,1,1,1],[0,0,1,0]]",32,0.2196961455373196
level2_receiver_side_info,42,"[[0,0,0,0,0,1,0,0],[0,1,1,1],[0,0,1,0]]",0,0.007042719241674045
level2_receiver_side_info,42,"[[0,0,0,0,0,1,0,0],[0,1,1,1],[0,0,1,0]]",1,0.043652143186217685
level2_receiver_side_info,42,"[[0,0,0,0,0,1,0,0],[0,1,1,1],[0,0,1,0]]",2,0.07195128098324621
level2_receiver_side_info,42,"[[0,0,0,0,0,1,0,0],[0,1,1,1],[0,0,1,0]]",4,0.11242296217865763
level2_receiver_side_info,42,"[[0,0,0,0,0,1,0,0],[0,1,1,1],[0,0,1,0]]",8,0.1585495660446091
level2_receiver_side_info,42,"[[0,0,0,0,0,1,0,0],[0,1,1,1],[0,0,1,0]]",16,0.19702626025256345
level2_receiver_side_info,42,"[[0,0,0,0,0,1,0,0],[0,1,1,1],[0,0,1,0]]",32,0.2196961455373196
level2_receiver_side_info,43,"[[0,0,0,0,0,1,0,0],[0,1,1,0],[0,0,1,0]]",0,0.06385320297074881
level2_receiver_side_info,43,"[[0,0,0,0,0,1,0,0],[0,1,1,0],[0,0,1,0]]",1,0.07704682264253407
level2_receiver_side_info,43,"[[0,0,0,0,0,1,0,0],[0,1,1,0],[0,0,1,0]]",2,0.08780218399432077
level2_receiver_side_info,43,"[[0,0,0,0,0,1,0,0],[0,1,1,0],[0,0,1,0]]",4,0.10415228924648534
level2_receiver_side_info,43,"[[0,0,0,0,0,1,0,0],[0,1,1,0],[0,0,1,0]]",8,0.12453241233105775
level2_receiver_side_info,43,"[[0,0,0,0,0,1,0,0],[0,1,1,0],[0,0,1,0]]",16,0.14385004263287587
level2_receiver_side_info,43,"[[0,0,0,0,0,1,0,0],[0,1,1,0],[0,0,1,0]]",32,0.15747949742783532
level2_receiver_side_info,44,"[[0,0,0,0,0,1,0,0],[0,1,0,1],[1,1,0,1]]",0,0.06385320297074881
level2_receiver_side_info,44,"[[0,0,0,0,0,1,0,0],[0,1,0,1],[1,1,0,1]]",1,0.07704682264253407
level2_receiver_side_info,44,"[[0,0,0,0,0,1,0,0],[0,1,0,1],[1,1,0,1]]",2,0.08780218399432077
level2_receiver_side_info,44,"[[0,0,0,0,0,1,0,0],[0,1,0,1],[1,1,0,1]]",4,0.10415228924648534
level2_receiver_side_info,44,"[[0,0,0,0,0,1,0,0],[0,1,0,1],[1,1,0,1]]",8,0.12453241233105775
level2_receiver_side_info,44,"[[0,0,0,0,0,1,0,0],[0,1,0,1],[1,1,0,1]]",16,0.14385004263287587
level2_receiver_side_info,44,"[[0,0,0,0,0,1,0,0],[0,1,0,1],[1,1,0,1]]",32,0.15747949742783532
level2_receiver_side_info,45,"[[0,0,0,0,0,1,0,0],[0,1,0,0],[1,1,0,1]]",0,0.007042719241673989
level2_receiver_side_info,45,"[[0,0,0,0,0,1,0,0],[0,1,0,0],[1,1,0,1]]",1,0.043652143186217685
level2_receiver_side_info,45,"[[0,0,0,0,0,1,0,0],[0,1,0,0],[1,1,0,1]]",2,0.07195128098324621
level2_receiver_side_info,45,"[[0,0,0,0,0,1,0,0],[0,1,0,0],[1,1,0,1]]",4,0.11242296217865763
level2_receiver_side_info,45,"[[0,0,0,0,0,1,0,0],[0,1,0,0],[1,1,0,1]]",8,0.1585495660446091
level2_receiver_side_info,45,"[[0,0,0,0,0,1,0,0],[0,1,0,0],[1,1,0,1]]",16,0.19702626025256345
level2_receiver_side_info,45,"[[0,0,0,0,0,1,0,0],[0,1,0,0],[1,1,0,1]]",32,0.2196961455373196
level2_receiver_side_info,46,"[[0,0,0,0,0,1,0,0],[0,0,1,1],[0,0,1,0]]",0,0.06385320297074881
level2_receiver_side_info,46,"[[0,0,0,0,0,1,0,0],[0,0,1,1],[0,0,1,0]]",1,0.07704682264253407
level2_receiver_side_info,46,"[[0,0,0,0,0,1,0,0],[0,0,1,1],[0,0,1,0]]",2,0.08780218399432077
level2_receiver_side_info,46,"[[0,0,0,0,0,1,0,0],[0,0,1,1],[0,0,1,0]]",4,0.10415228924648534
level2_receiver_side_info,46,"[[0,0,0,0,0,1,0,0],[0,0,1,1],[0,0,1,0]]",8,0.12453241233105775
level2_receiver_side_info,46,"[[0,0,0,0,0,1,0,0],[0,0,1,1],[0,0,1,0]]",16,0.14385004263287593
level2_receiver_side_info,46,"[[0,0,0,0,0,1,0,0],[0,0,1,1],[0,0,1,0]]",32,0.15747949742783532
level2_receiver_side_info,47,"[[0,0,0,0,0,1,0,0],[0,0,0,1],[1,1,0,1]]",0,0.007042719241674045
level2_receiver_side_info,47,"[[0,0,0,0,0,1,0,0],[0,0,0,1],[1,1,0,1]]",1,0.043652143186217685
level2_receiver_side_info,47,"[[0,0,0,0,0,1,0,0],[0,0,0,1],[1,1,0,1]]",2,0.07195128098324621
level2_receiver_side_info,47,"[[0,0,0,0,0,1,0,0],[0,0,0,1],[1,1,0,1]]",4,0.11242296217865763
level2_receiver_side_info,47,"[[0,0,0,0,0,1,0,0],[0,0,0,1],[1,1,0,1]]",8,0.1585495660446091
level2_receiver_side_info,47,"[[0,0,0,0,0,1,0,0],[0,0,0,1],[1,1,0,1]]",16,0.1970262602525634
level2_receiver_side_info,47,"[[0,0,0,0,0,1,0,0],[0,0,0,1],[1,1,0,1]]",32,0.2196961455373196
level2_receiver_side_info,48,"[[0,0,0,0,0,1,0,1],[0,1,0,1],[0,0,0,1]]",0,0.0
level2_receiver_side_info,48,"[[0,0,0,0,0,1,0,1],[0,1,0,1],[0,0,0,1]]",1,0.01621124580150446
level2_receiver_side_info,48,"[[0,0,0,0,0,1,0,1],[0,1,0,1],[0,0,0,1]]",2,0.028533198169706342
level2_receiver_side_info,48,"[[0,0,0,0,0,1,0,1],[0,1,0,1],[0,0,0,1]]",4,0.0456971587074495
level2_receiver_side_info,48,"[[0,0,0,0,0,1,0,1],[0,1,0,1],[0,0,0,1]]",8,0.0647237743260059
level2_receiver_side_info,48,"[[0,0,0,0,0,1,0,1],[0,1,0,1],[0,0,0,1]]",16,0.08128352549864837
level2_receiver_side_info,48,"[[0,0,0,0,0,1,0,1],[0,1,0,1],[0,0,0,1]]",32,0.09305028484361938
level2_receiver_side_info,49,"[[0,0,0,0,0,1,0,1],[0,1,0,1],[0,0,1,0]]",0,0.0
level2_receiver_side_info,49,"[[0,0,0,0,0,1,0,1],[0,1,0,1],[0,0,1,0]]",1,0.01621124580150446
level2_receiver_side_info,49,"[[0,0,0,0,0,1,0,1],[0,1,0,1],[0,0,1,0]]",2,0.028533198169706286
level2_receiver_side_info,49,"[[0,0,0,0,0,1,0,1],[0,1,0,1],[0,0,1,0]]",4,0.04569715870744956
level2_receiver_side_info,49,"[[0,0,0,0,0,1,0,1],[0,1,0,1],[0,0,1,0]]",8,0.0647237743260059
level2_receiver_side_info,49,"[[0,0,0,0,0,1,0,1],[0,1,0,1],[0,0,1,0]]",16,0.08128352549864842
level2_receiver_side_info,49,"[[0,0,0,0,0,1,0,1],[0,1,0,1],[0,0,1,0]]",32,0.09305028484361938
level2_receiver_side_info,50,"[[0,0,0,0,0,1,0,1],[0,1,0,1],[0,0,1,1]]",0,0.0
level2_receiver_side_info,50,"[[0,0,0,0,0,1,0,1],[0,1,0,1],[0,0,1,1]]",1,0.05860388034055081
level2_receiver_side_info,50,"[[0,0,0,0,0,1,0,1],[0,1,0,1],[0,0,1,1]]",2,0.10360963497554826
level2_receiver_side_info,50,"[[0,0,0,0,0,1,0,1],[0,1,0,1],[0,0,1,1]]",4,0.16586347534839643
level2_receiver_side_info,50,"[[0,0,0,0,0,1,0,1],[0,1,0,1],[0,0,1,1]]",8,0.23177388954021425
level2_receiver_side_info,50,"[[0,0,0,0,0,1,0,1],[0,1,0,1],[0,0,1,1]]",16,0.2829520729874759
level2_receiver_side_info,50,"[[0,0,0,0,0,1,0,1],[0,1,0,1],[0,0,1,1]]",32,0.3139496737296405
level2_receiver_side_info,51,"[[0,0,0,0,0,1,0,1],[0,1,0,1],[0,1,0,0]]",0,0.0
level2_receiver_side_info,51,"[[0,0,0,0,0,1,0,1],[0,1,0,1],[0,1,0,0]]",1,0.01621124580150446
level2_receiver_side_info,51,"[[0,0,0,0,0,1,0,1],[0,1,0,1],[0,1,0,0]]",2,0.028533198169706286
level2_receiver_side_info,51,"[[0,0,0,0,0,1,0,1],[0,1,0,1],[0,1,0,0]]",4,0.0456971587074495
level2_receiver_side_info,51,"[[0,0,0,0,0,1,0,1],[0,1,0,1],[0,1,0,0]]",8,0.0647237743260059
level2_receiver_side_info,51,"[[0,0,0,0,0,1,0,1],[0,1,0,1],[0,1,0,0]]",16,0.08128352549864842
level2_receiver_side_info,51,"[[0,0,0,0,0,1,0,1],[0,1,0,1],[0,1,0,0]]",32,0.09305028484361932
level2_receiver_side_info,52,"[[0,0,0,0,0,1,0,1],[0,1,0,1],[0,1,1,1]]",0,0.0
level2_receiver_side_info,52,"[[0,0,0,0,0,1,0,1],[0,1,0,1],[0,1,1,1]]",1,0.01621124580150446
level2_receiver_side_info,52,"[[0,0,0,0,0,1,0,1],[0,1,0,1],[0,1,1,1]]",2,0.028533198169706286
level2_receiver_side_info,52,"[[0,0,0,0,0,1,0,1],[0,1,0,1],[0,1,1,1]]",4,0.045697158707449614
level2_receiver_side_info,52,"[[0,0,0,0,0,1,0,1],[0,1,0,1],[0,1,1,1]]",8,0.0647237743260059
level2_receiver_side_info,52,"[[0,0,0,0,0,1,0,1],[0,1,0,1],[0,1,1,1]]",16,0.08128352549864842
level2_receiver_side_info,52,"[[0,0,0,0,0,1,0,1],[0,1,0,1],[0,1,1,1]]",32,0.09305028484361938
level2_receiver_side_info,53,"[[0,0,0,0,0,1,0,1],[0,1,1,0],[0,0,0,1]]",0,0.0
level2_receiver_side_info,53,"[[0,0,0,0,0,1,0,1],[0,1,1,0],[0,0,0,1]]",1,0.01621124580150446
level2_receiver_side_info,53,"[[0,0,0,0,0,1,0,1],[0,1,1,0],[0,0,0,1]]",2,0.028533198169706342
level2_receiver_side_info,53,"[[0,0,0,0,0,1,0,1],[0,1,1,0],[0,0,0,1]]",4,0.0456971587074495
level2_receiver_side_info,53,"[[0,0,0,0,0,1,0,1],[0,1,1,0],[0,0,0,1]]",8,0.0647237743260059
level2_receiver_side_info,53,"[[0,0,0,0,0,1,0,1],[0,1,1,0],[0,0,0,1]]",16,0.08128352549864837
level2_receiver_side_info,53,"[[0,0,0,0,0,1,0,1],[0,1,1,0],[0,0,0,1]]",32,0.09305028484361938
level2_receiver_side_info,54,"[[0,0,0,0,0,1,0,1],[0,1,1,0],[0,0,1,0]]",0,0.0
level2_receiver_side_info,54,"[[0,0,0,0,0,1,0,1],[0,1,1,0],[0,0,1,0]]",1,0.01621124580150446
level2_receiver_side_info,54,"[[0,0,0,0,0,1,0,1],[0,1,1,0],[0,0,1,0]]",2,0.028533198169706286
level2_receiver_side_info,54,"[[0,0,0,0,0,1,0,1],[0,1,1,0],[0,0,1,0]]",4,0.04569715870744956
level2_receiver_side_info,54,"[[0,0,0,0,0,1,0,1],[0,1,1,0],[0,0,1,0]]",8,0.0647237743260059
level2_receiver_side_info,54,"[[0,0,0,0,0,1,0,1],[0,1,1,0],[0,0,1,0]]",16,0.08128352549864842
level2_receiver_side_info,54,"[[0,0,0,0,0,1,0,1],[0,1,1,0],[0,0,1,0]]",32,0.09305028484361938
level2_receiver_side_info,55,"[[0,0,0,0,0,1,0,1],[0,1,1,0],[0,0,1,1]]",0,0.0
level2_receiver_side_info,55,"[[0,0,0,0,0,1,0,1],[0,1,1,0],[0,0,1,1]]",1,0.05860388034055081
level2_receiver_side_info,55,"[[0,0,0,0,0,1,0,1],[0,1,1,0],[0,0,1,1]]",2,0.10360963497554826
level2_receiver_side_info,55,"[[0,0,0,0,0,1,0,1],[0,1,1,0],[0,0,1,1]]",4,0.16586347534839643
level2_receiver_side_info,55,"[[0,0,0,0,0,1,0,1],[0,1,1,0],[0,0,1,1]]",8,0.23177388954021425
level2_receiver_side_info,55,"[[0,0,0,0,0,1,0,1],[0,1,1,0],[0,0,1,1]]",16,0.2829520729874759
level2_receiver_side_info,55,"[[0,0,0,0,0,1,0,1],[0,1,1,0],[0,0,1,1]]",32,0.3139496737296405
level2_receiver_side_info,56,"[[0,0,0,0,0,1,0,1],[0,1,1,0],[0,1,0,0]]",0,0.0
level2_receiver_side_info,56,"[[0,0,0,0,0,1,0,1],[0,1,1,0],[0,1,0,0]]",1,0.01621124580150446
level2_receiver_side_info,56,"[[0,0,0,0,0,1,0,1],[0,1,1,0],[0,1,0,0]]",2,0.028533198169706286
level2_receiver_side_info,56,"[[0,0,0,0,0,1,0,1],[0,1,1,0],[0,1,0,0]]",4,0.0456971587074495
level2_receiver_side_info,56,"[[0,0,0,0,0,1,0,1],[0,1,1,0],[0,1,0,0]]",8,0.0647237743260059
level2_receiver_side_info,56,"[[0,0,0,0,0,1,0,1],[0,1,1,0],[0,1,0,0]]",16,0.08128352549864842
level2_receiver_side_info,56,"[[0,0,0,0,0,1,0,1],[0,1,1,0],[0,1,0,0]]",32,0.09305028484361932
level2_receiver_side_info,57,"[[0,0,0,0,0,1,0,1],[0,1,1,0],[0,1,1,1]]",0,0.0
level2_receiver_side_info,57,"[[0,0,0,0,0,1,0,1],[0,1,1,0],[0,1,1,1]]",1,0.01621124580150446
level2_receiver_side_info,57,"[[0,0,0,0,0,1,0,1],[0,1,1,0],[0,1,1,1]]",2,0.028533198169706286
level2_receiver_side_info,57,"[[0,0,0,0,0,1,0,1],[0,1,1,0],[0,1,1,1]]",4,0.045697158707449614
level2_receiver_side_info,57,"[[0,0,0,0,0,1,0,1],[0,1,1,0],[0,1,1,1]]",8,0.0647237743260059
level2_receiver_side_info,57,"[[0,0,0,0,0,1,0,1],[0,1,1,0],[0,1,1,1]]",16,0.08128352549864842
level2_receiver_side_info,57,"[[0,0,0,0,0,1,0,1],[0,1,1,0],[0,1,1,1]]",32,0.09305028484361938
level2_receiver_side_info,58,"[[0,0,0,0,0,1,0,1],[0,1,1,0],[1,1,1,0]]",0,0.0
level2_receiver_side_info,58,"[[0,0,0,0,0,1,0,1],[0,1,1,0],[1,1,1,0]]",1,0.01621124580150446
level2_receiver_side_info,58,"[[0,0,0,0,0,1,0,1],[0,1,1,0],[1,1,1,0]]",2,0.028533198169706342
level2_receiver_side_info,58,"[[0,0,0,0,0,1,0,1],[0,1,1,0],[1,1,1,0]]",4,0.0456971587074495
level2_receiver_side_info,58,"[[0,0,0,0,0,1,0,1],[0,1,1,0],[1,1,1,0]]",8,0.0647237743260059
level2_receiver_side_info,58,"[[0,0,0,0,0,1,0,1],[0,1,1,0],[1,1,1,0]]",16,0.08128352549864837
level2_receiver_side_info,58,"[[0,0,0,0,0,1,0,1],[0,1,1,0],[1,1,1,0]]",32,0.09305028484361938
level2_receiver_side_info,59,"[[0,0,0,0,0,1,0,1],[0,1,1,0],[1,1,0,1]]",0,0.0
level2_receiver_side_info,59,"[[0,0,0,0,0,1,0,1],[0,1,1,0],[1,1,0,1]]",1,0.01621124580150446
level2_receiver_side_info,59,"[[0,0,0,0,0,1,0,1],[0,1,1,0],[1,1,0,1]]",2,0.028533198169706286
level2_receiver_side_info,59,"[[0,0,0,0,0,1,0,1],[0,1,1,0],[1,1,0,1]]",4,0.04569715870744956
level2_receiver_side_info,59,"[[0,0,0,0,0,1,0,1],[0,1,1,0],[1,1,0,1]]",8,0.0647237743260059
level2_receiver_side_info,59,"[[0,0,0,0,0,1,0,1],[0,1,1,0],[1,1,0,1]]",16,0.08128352549864842
level2_receiver_side_info,59,"[[0,0,0,0,0,1,0,1],[0,1,1,0],[1,1,0,1]]",32,0.09305028484361938
level2_receiver_side_info,60,"[[0,0,0,0,0,1,0,1],[0,1,1,0],[1,1,0,0]]",0,0.0
level2_receiver_side_info,60,"[[0,0,0,0,0,1,0,1],[0,1,1,0],[1,1,0,0]]",1,0.05860388034055081
level2_receiver_side_info,60,"[[0,0,0,0,0,1,0,1],[0,1,1,0],[1,1,0,0]]",2,0.10360963497554826
level2_receiver_side_info,60,"[[0,0,0,0,0,1,0,1],[0,1,1,0],[1,1,0,0]]",4,0.16586347534839643
level2_receiver_side_info,60,"[[0,0,0,0,0,1,0,1],[0,1,1,0],[1,1,0,0]]",8,0.23177388954021425
level2_receiver_side_info,60,"[[0,0,0,0,0,1,0,1],[0,1,1,0],[1,1,0,0]]",16,0.2829520729874759
level2_receiver_side_info,60,"[[0,0,0,0,0,1,0,1],[0,1,1,0],[1,1,0,0]]",32,0.3139496737296405
level2_receiver_side_info,61,"[[0,0,0,0,0,1,0,1],[0,1,1,0],[1,0,1,1]]",0,0.0
level2_receiver_side_info,61,"[[0,0,0,0,0,1,0,1],[0,1,1,0],[1,0,1,1]]",1,0.01621124580150446
level2_receiver_side_info,61,"[[0,0,0,0,0,1,0,1],[0,1,1,0],[1,0,1,1]]",2,0.028533198169706286
level2_receiver_side_info,61,"[[0,0,0,0,0,1,0,1],[0,1,1,0],[1,0,1,1]]",4,0.0456971587074495
level2_receiver_side_info,61,"[[0,0,0,0,0,1,0,1],[0,1,1,0],[1,0,1,1]]",8,0.0647237743260059
level2_receiver_side_info,61,"[[0,0,0,0,0,1,0,1],[0,1,1,0],[1,0,1,1]]",16,0.08128352549864842
level2_receiver_side_info,61,"[[0,0,0,0,0,1,0,1],[0,1,1,0],[1,0,1,1]]",32,0.09305028484361932
level2_receiver_side_info,62,"[[0,0,0,0,0,1,0,1],[0,1,1,0],[1,0,0,0]]",0,0.0
level2_receiver_side_info,62,"[[0,0,0,0,0,1,0,1],[0,1,1,0],[1,0,0,0]]",1,0.01621124580150446
level2_receiver_side_info,62,"[[0,0,0,0,0,1,0,1],[0,1,1,0],[1,0,0,0]]",2,0.028533198169706286
level2_receiver_side_info,62,"[[0,0,0,0,0,1,0,1],[0,1,1,0],[1,0,0,0]]",4,0.045697158707449614
level2_receiver_side_info,62,"[[0,0,0,0,0,1,0,1],[0,1,1,0],[1,0,0,0]]",8,0.0647237743260059
level2_receiver_side_info,62,"[[0,0,0,0,0,1,0,1],[0,1,1,0],[1,0,0,0]]",16,0.08128352549864842
level2_receiver_side_info,62,"[[0,0,0,0,0,1,0,1],[0,1,1,0],[1,0,0,0]]",32,0.09305028484361938
level2_receiver_side_info,63,"[[0,0,0,0,0,1,0,1],[0,1,0,1],[1,1,1,0]]",0,0.0
level2_receiver_side_info,63,"[[0,0,0,0,0,1,0,1],[0,1,0,1],[1,1,1,0]]",1,0.01621124580150446
level2_receiver_side_info,63,"[[0,0,0,0,0,1,0,1],[0,1,0,1],[1,1,1,0]]",2,0.028533198169706342
level2_receiver_side_info,63,"[[0,0,0,0,0,1,0,1],[0,1,0,1],[1,1,1,0]]",4,0.0456971587074495
level2_receiver_side_info,63,"[[0,0,0,0,0,1,0,1],[0,1,0,1],[1,1,1,0]]",8,0.0647237743260059
level2_receiver_side_info,63,"[[0,0,0,0,0,1,0,1],[0,1,0,1],[1,1,1,0]]",16,0.08128352549864837
level2_receiver_side_info,63,"[[0,0,0,0,0,1,0,1],[0,1,0,1],[1,1,1,0]]",32,0.09305028484361938
level2_receiver_side_info,64,"[[0,0,0,0,0,1,0,1],[0,1,0,1],[1,1,0,1]]",0,0.0
level2_receiver_side_info,64,"[[0,0,0,0,0,1,0,1],[0,1,0,1],[1,1,0,1]]",1,0.01621124580150446
level2_receiver_side_info,64,"[[0,0,0,0,0,1,0,1],[0,1,0,1],[1,1,0,1]]",2,0.028533198169706286
level2_receiver_side_info,64,"[[0,0,0,0,0,1,0,1],[0,1,0,1],[1,1,0,1]]",4,0.04569715870744956
level2_receiver_side_info,64,"[[0,0,0,0,0,1,0,1],[0,1,0,1],[1,1,0,1]]",8,0.0647237743260059
level2_receiver_side_info,64,"[[0,0,0,0,0,1,0,1],[0,1,0,1],[1,1,0,1]]",16,0.08128352549864842
level2_receiver_side_info,64,"[[0,0,0,0,0,1,0,1],[0,1,0,1],[1,1,0,1]]",32,0.09305028484361938
level2_receiver_side_info,65,"[[0,0,0,0,0,1,0,1],[0,1,0,1],[1,1,0,0]]",0,0.0
level2_receiver_side_info,65,"[[0,0,0,0,0,1,0,1],[0,1,0,1],[1,1,0,0]]",1,0.05860388034055081
level2_receiver_side_info,65,"[[0,0,0,0,0,1,0,1],[0,1,0,1],[1,1,0,0]]",2,0.10360963497554826
level2_receiver_side_info,65,"[[0,0,0,0,0,1,0,1],[0,1,0,1],[1,1,0,0]]",4,0.16586347534839643
level2_receiver_side_info,65,"[[0,0,0,0,0,1,0,1],[0,1,0,1],[1,1,0,0]]",8,0.23177388954021425
level2_receiver_side_info,65,"[[0,0,0,0,0,1,0,1],[0,1,0,1],[1,1,0,0]]",16,0.2829520729874759
level2_receiver_side_info,65,"[[0,0,0,0,0,1,0,1],[0,1,0,1],[1,1,0,0]]",32,0.3139496737296405
level2_receiver_side_info,66,"[[0,0,0,0,0,1,0,1],[0,1,0,1],[1,0,1,1]]",0,0.0
level2_receiver_side_info,66,"[[0,0,0,0,0,1,0,1],[0,1,0,1],[1,0,1,1]]",1,0.01621124580150446
level2_receiver_side_info,66,"[[0,0,0,0,0,1,0,1],[0,1,0,1],[1,0,1,1]]",2,0.028533198169706286
level2_receiver_side_info,66,"[[0,0,0,0,0,1,0,1],[0,1,0,1],[1,0,1,1]]",4,0.0456971587074495
level2_receiver_side_info,66,"[[0,0,0,0,0,1,0,1],[0,1,0,1],[1,0,1,1]]",8,0.0647237743260059
level2_receiver_side_info,66,"[[0,0,0,0,0,1,0,1],[0,1,0,1],[1,0,1,1]]",16,0.08128352549864842
level2_receiver_side_info,66,"[[0,0,0,0,0,1,0,1],[0,1,0,1],[1,0,1,1]]",32,0.09305028484361932
level2_receiver_side_info,67,"[[0,0,0,0,0,1,0,1],[0,1,0,1],[1,0,0,0]]",0,0.0
level2_receiver_side_info,67,"[[0,0,0,0,0,1,0,1],[0,1,0,1],[1,0,0,0]]",1,0.01621124580150446
level2_receiver_side_info,67,"[[0,0,0,0,0,1,0,1],[0,1,0,1],[1,0,0,0]]",2,0.028533198169706286
level2_receiver_side_info,67,"[[0,0,0,0,0,1,0,1],[0,1,0,1],[1,0,0,0]]",4,0.045697158707449614
level2_receiver_side_info,67,"[[0,0,0,0,0,1,0,1],[0,1,0,1],[1,0,0,0]]",8,0.0647237743260059
level2_receiver_side_info,67,"[[0,0,0,0,0,1,0,1],[0,1,0,1],[1,0,0,0]]",16,0.08128352549864842
level2_receiver_side_info,67,"[[0,0,0,0,0,1,0,1],[0,1,0,1],[1,0,0,0]]",32,0.09305028484361938
level2_receiver_side_info,68,"[[0,0,0,0,1,0,0,0],[0,0,0,1],[1,1,0,1]]",0,0.007042719241674045
level2_receiver_side_info,68,"[[0,0,0,0,1,0,0,0],[0,0,0,1],[1,1,0,1]]",1,0.043652143186217685
level2_receiver_side_info,68,"[[0,0,0,0,1,0,0,0],[0,0,0,1],[1,1,0,1]]",2,0.07195128098324627
level2_receiver_side_info,68,"[[0,0,0,0,1,0,0,0],[0,0,0,1],[1,1,0,1]]",4,0.11242296217865763
level2_receiver_side_info,68,"[[0,0,0,0,1,0,0,0],[0,0,0,1],[1,1,0,1]]",8,0.1585495660446091
level2_receiver_side_info,68,"[[0,0,0,0,1,0,0,0],[0,0,0,1],[1,1,0,1]]",16,0.19702626025256345
level2_receiver_side_info,68,"[[0,0,0,0,1,0,0,0],[0,0,0,1],[1,1,0,1]]",32,0.2196961455373196
level2_receiver_side_info,69,"[[0,0,0,0,1,0,0,0],[0,0,1,1],[0,0,1,0]]",0,0.06385320297074878
level2_receiver_side_info,69,"[[0,0,0,0,1,0,0,0],[0,0,1,1],[0,0,1,0]]",1,0.07704682264253407
level2_receiver_side_info,69,"[[0,0,0,0,1,0,0,0],[0,0,1,1],[0,0,1,0]]",2,0.08780218399432074
level2_receiver_side_info,69,"[[0,0,0,0,1,0,0,0],[0,0,1,1],[0,0,1,0]]",4,0.10415228924648534
level2_receiver_side_info,69,"[[0,0,0,0,1,0,0,0],[0,0,1,1],[0,0,1,0]]",8,0.12453241233105775
level2_receiver_side_info,69,"[[0,0,0,0,1,0,0,0],[0,0,1,1],[0,0,1,0]]",16,0.14385004263287587
level2_receiver_side_info,69,"[[0,0,0,0,1,0,0,0],[0,0,1,1],[0,0,1,0]]",32,0.15747949742783532
level2_receiver_side_info,70,"[[0,0,0,0,1,0,0,0],[0,1,0,0],[1,1,0,1]]",0,0.007042719241673989
level2_receiver_side_info,70,"[[0,0,0,0,1,0,0,0],[0,1,0,0],[1,1,0,1]]",1,0.04365214318621763
level2_receiver_side_info,70,"[[0,0,0,0,1,0,0,0],[0,1,0,0],[1,1,0,1]]",2,0.07195128098324627
level2_receiver_side_info,70,"[[0,0,0,0,1,0,0,0],[0,1,0,0],[1,1,0,1]]",4,0.11242296217865763
level2_receiver_side_info,70,"[[0,0,0,0,1,0,0,0],[0,1,0,0],[1,1,0,1]]",8,0.1585495660446091
level2_receiver_side_info,70,"[[0,0,0,0,1,0,0,0],[0,1,0,0],[1,1,0,1]]",16,0.1970262602525635
level2_receiver_side_info,70,"[[0,0,0,0,1,0,0,0],[0,1,0,0],[1,1,0,1]]",32,0.2196961455373196
level2_receiver_side_info,71,"[[0,0,0,0,1,0,0,0],[0,1,0,1],[1,1,0,1]]",0,0.06385320297074878
level2_receiver_side_info,71,"[[0,0,0,0,1,0,0,0],[0,1,0,1],[1,1,0,1]]",1,0.07704682264253407
level2_receiver_side_info,71,"[[0,0,0,0,1,0,0,0],[0,1,0,1],[1,1,0,1]]",2,0.08780218399432074
level2_receiver_side_info,71,"[[0,0,0,0,1,0,0,0],[0,1,0,1],[1,1,0,1]]",4,0.10415228924648534
level2_receiver_side_info,71,"[[0,0,0,0,1,0,0,0],[0,1,0,1],[1,1,0,1]]",8,0.12453241233105775
level2_receiver_side_info,71,"[[0,0,0,0,1,0,0,0],[0,1,0,1],[1,1,0,1]]",16,0.14385004263287587
level2_receiver_side_info,71,"[[0,0,0,0,1,0,0,0],[0,1,0,1],[1,1,0,1]]",32,0.15747949742783532
level2_receiver_side_info,72,"[[0,0,0,0,1,0,0,0],[0,1,1,0],[0,0,1,0]]",0,0.06385320297074878
level2_receiver_side_info,72,"[[0,0,0,0,1,0,0,0],[0,1,1,0],[0,0,1,0]]",1,0.07704682264253407
level2_receiver_side_info,72,"[[0,0,0,0,1,0,0,0],[0,1,1,0],[0,0,1,0]]",2,0.08780218399432074
level2_receiver_side_info,72,"[[0,0,0,0,1,0,0,0],[0,1,1,0],[0,0,1,0]]",4,0.1041522892464854
level2_receiver_side_info,72,"[[0,0,0,0,1,0,0,0],[0,1,1,0],[0,0,1,0]]",8,0.12453241233105775
level2_receiver_side_info,72,"[[0,0,0,0,1,0,0,0],[0,1,1,0],[0,0,1,0]]",16,0.14385004263287587
level2_receiver_side_info,72,"[[0,0,0,0,1,0,0,0],[0,1,1,0],[0,0,1,0]]",32,0.15747949742783532
level2_receiver_side_info,73,"[[0,0,0,0,1,0,0,0],[0,1,1,1],[0,0,1,0]]",0,0.007042719241674045
level2_receiver_side_info,73,"[[0,0,0,0,1,0,0,0],[0,1,1,1],[0,0,1,0]]",1,0.04365214318621763
level2_receiver_side_info,73,"[[0,0,0,0,1,0,0,0],[0,1,1,1],[0,0,1,0]]",2,0.07195128098324627
level2_receiver_side_info,73,"[[0,0,0,0,1,0,0,0],[0,1,1,1],[0,0,1,0]]",4,0.11242296217865763
level2_receiver_side_info,73,"[[0,0,0,0,1,0,0,0],[0,1,1,1],[0,0,1,0]]",8,0.1585495660446091
level2_receiver_side_info,73,"[[0,0,0,0,1,0,0,0],[0,1,1,1],[0,0,1,0]]",16,0.19702626025256345
level2_receiver_side_info,73,"[[0,0,0,0,1,0,0,0],[0,1,1,1],[0,0,1,0]]",32,0.2196961455373196
level2_receiver_side_info,74,"[[0,0,0,0,1,0,0,0],[0,1,1,1],[0,0,1,0]]",0,0.007042719241674045
level2_receiver_side_info,74,"[[0,0,0,0,1,0,0,0],[0,1,1,1],[0,0,1,0]]",1,0.04365214318621763
level2_receiver_side_info,74,"[[0,0,0,0,1,0,0,0],[0,1,1,1],[0,0,1,0]]",2,0.07195128098324627
level2_receiver_side_info,74,"[[0,0,0,0,1,0,0,0],[0,1,1,1],[0,0,1,0]]",4,0.11242296217865763
level2_receiver_side_info,74,"[[0,0,0,0,1,0,0,0],[0,1,1,1],[0,0,1,0]]",8,0.1585495660446091
level2_receiver_side_info,74,"[[0,0,0,0,1,0,0,0],[0,1,1,1],[0,0,1,0]]",16,0.19702626025256345
level2_receiver_side_info,74,"[[0,0,0,0,1,0,0,0],[0,1,1,1],[0,0,1,0]]",32,0.2196961455373196
level2_receiver_side_info,75,"[[0,0,0,0,1,0,0,0],[0,1,1,0],[0,0,1,0]]",0,0.06385320297074878
level2_receiver_side_info,75,"[[0,0,0,0,1,0,0,0],[0,1,1,0],[0,0,1,0]]",1,0.07704682264253407
level2_receiver_side_info,75,"[[0,0,0,0,1,0,0,0],[0,1,1,0],[0,0,1,0]]",2,0.08780218399432074
level2_receiver_side_info,75,"[[0,0,0,0,1,0,0,0],[0,1,1,0],[0,0,1,0]]",4,0.1041522892464854
level2_receiver_side_info,75,"[[0,0,0,0,1,0,0,0],[0,1,1,0],[0,0,1,0]]",8,0.12453241233105775
level2_receiver_side_info,75,"[[0,0,0,0,1,0,0,0],[0,1,1,0],[0,0,1,0]]",16,0.14385004263287587
level2_receiver_side_info,75,"[[0,0,0,0,1,0,0,0],[0,1,1,0],[0,0,1,0]]",32,0.15747949742783532
level2_receiver_side_info,76,"[[0,0,0,0,1,0,0,0],[0,1,0,1],[1,1,0,1]]",0,0.06385320297074878
level2_receiver_side_info,76,"[[0,0,0,0,1,0,0,0],[0,1,0,1],[1,1,0,1]]",1,0.07704682264253407
level2_receiver_side_info,76,"[[0,0,0,0,1,0,0,0],[0,1,0,1],[1,1,0,1]]",2,0.08780218399432074
level2_receiver_side_info,76,"[[0,0,0,0,1,0,0,0],[0,1,0,1],[1,1,0,1]]",4,0.10415228924648534
level2_receiver_side_info,76,"[[0,0,0,0,1,0,0,0],[0,1,0,1],[1,1,0,1]]",8,0.12453241233105775
level2_receiver_side_info,76,"[[0,0,0,0,1,0,0,0],[0,1,0,1],[1,1,0,1]]",16,0.14385004263287587
level2_receiver_side_info,76,"[[0,0,0,0,1,0,0,0],[0,1,0,1],[1,1,0,1]]",32,0.15747949742783532
level2_receiver_side_info,77,"[[0,0,0,0,1,0,0,0],[0,1,0,0],[1,1,0,1]]",0,0.007042719241673989
level2_receiver_side_info,77,"[[0,0,0,0,1,0,0,0],[0,1,0,0],[1,1,0,1]]",1,0.04365214318621763
level2_receiver_side_info,77,"[[0,0,0,0,1,0,0,0],[0,1,0,0],[1,1,0,1]]",2,0.07195128098324627
level2_receiver_side_info,77,"[[0,0,0,0,1,0,0,0],[0,1,0,0],[1,1,0,1]]",4,0.11242296217865763
level2_receiver_side_info,77,"[[0,0,0,0,1,0,0,0],[0,1,0,0],[1,1,0,1]]",8,0.1585495660446091
level2_receiver_side_info,77,"[[0,0,0,0,1,0,0,0],[0,1,0,0],[1,1,0,1]]",16,0.1970262602525635
level2_receiver_side_info,77,"[[0,0,0,0,1,0,0,0],[0,1,0,0],[1,1,0,1]]",32,0.2196961455373196
level2_receiver_side_info,78,"[[0,0,0,0,1,0,0,0],[0,0,1,1],[0,0,1,0]]",0,0.06385320297074878
level2_receiver_side_info,78,"[[0,0,0,0,1,0,0,0],[0,0,1,1],[0,0,1,0]]",1,0.07704682264253407
level2_receiver_side_info,78,"[[0,0,0,0,1,0,0,0],[0,0,1,1],[0,0,1,0]]",2,0.08780218399432074
level2_receiver_side_info,78,"[[0,0,0,0,1,0,0,0],[0,0,1,1],[0,0,1,0]]",4,0.10415228924648534
level2_receiver_side_info,78,"[[0,0,0,0,1,0,0,0],[0,0,1,1],[0,0,1,0]]",8,0.12453241233105775
level2_receiver_side_info,78,"[[0,0,0,0,1,0,0,0],[0,0,1,1],[0,0,1,0]]",16,0.14385004263287587
level2_receiver_side_info,78,"[[0,0,0,0,1,0,0,0],[0,0,1,1],[0,0,1,0]]",32,0.15747949742783532
level2_receiver_side_info,79,"[[0,0,0,0,1,0,0,0],[0,0,0,1],[1,1,0,1]]",0,0.007042719241674045
level2_receiver_side_info,79,"[[0,0,0,0,1,0,0,0],[0,0,0,1],[1,1,0,1]]",1,0.043652143186217685
level2_receiver_side_info,79,"[[0,0,0,0,1,0,0,0],[0,0,0,1],[1,1,0,1]]",2,0.07195128098324627
level2_receiver_side_info,79,"[[0,0,0,0,1,0,0,0],[0,0,0,1],[1,1,0,1]]",4,0.11242296217865763
level2_receiver_side_info,79,"[[0,0,0,0,1,0,0,0],[0,0,0,1],[1,1,0,1]]",8,0.1585495660446091
level2_receiver_side_info,79,"[[0,0,0,0,1,0,0,0],[0,0,0,1],[1,1,0,1]]",16,0.19702626025256345
level2_receiver_side_info,79,"[[0,0,0,0,1,0,0,0],[0,0,0,1],[1,1,0,1]]",32,0.2196961455373196
level2_receiver_side_info,80,"[[0,0,0,0,1,0,1,0],[0,1,0,1],[0,0,0,1]]",0,0.0
level2_receiver_side_info,80,"[[0,0,0,0,1,0,1,0],[0,1,0,1],[0,0,0,1]]",1,0.01621124580150446
level2_receiver_side_info,80,"[[0,0,0,0,1,0,1,0],[0,1,0,1],[0,0,0,1]]",2,0.028533198169706342
level2_receiver_side_info,80,"[[0,0,0,0,1,0,1,0],[0,1,0,1],[0,0,0,1]]",4,0.0456971587074495
level2_receiver_side_info,80,"[[0,0,0,0,1,0,1,0],[0,1,0,1],[0,0,0,1]]",8,0.0647237743260059
level2_receiver_side_info,80,"[[0,0,0,0,1,0,1,0],[0,1,0,1],[0,0,0,1]]",16,0.08128352549864837
level2_receiver_side_info,80,"[[0,0,0,0,1,0,1,0],[0,1,0,1],[0,0,0,1]]",32,0.09305028484361938
level2_receiver_side_info,81,"[[0,0,0,0,1,0,1,0],[0,1,0,1],[0,0,1,0]]",0,0.0
level2_receiver_side_info,81,"[[0,0,0,0,1,0,1,0],[0,1,0,1],[0,0,1,0]]",1,0.01621124580150446
level2_receiver_side_info,81,"[[0,0,0,0,1,0,1,0],[0,1,0,1],[0,0,1,0]]",2,0.028533198169706397
level2_receiver_side_info,81,"[[0,0,0,0,1,0,1,0],[0,1,0,1],[0,0,1,0]]",4,0.04569715870744956
level2_receiver_side_info,81,"[[0,0,0,0,1,0,1,0],[0,1,0,1],[0,0,1,0]]",8,0.0647237743260059
level2_receiver_side_info,81,"[[0,0,0,0,1,0,1,0],[0,1,0,1],[0,0,1,0]]",16,0.08128352549864842
level2_receiver_side_info,81,"[[0,0,0,0,1,0,1,0],[0,1,0,1],[0,0,1,0]]",32,0.09305028484361938
level2_receiver_side_info,82,"[[0,0,0,0,1,0,1,0],[0,1,0,1],[0,0,1,1]]",0,0.0
level2_receiver_side_info,82,"[[0,0,0,0,1,0,1,0],[0,1,0,1],[0,0,1,1]]",1,0.05860388034055081
level2_receiver_side_info,82,"[[0,0,0,0,1,0,1,0],[0,1,0,1],[0,0,1,1]]",2,0.10360963497554826
level2_receiver_side_info,82,"[[0,0,0,0,1,0,1,0],[0,1,0,1],[0,0,1,1]]",4,0.16586347534839643
level2_receiver_side_info,82,"[[0,0,0,0,1,0,1,0],[0,1,0,1],[0,0,1,1]]",8,0.23177388954021425
level2_receiver_side_info,82,"[[0,0,0,0,1,0,1,0],[0,1,0,1],[0,0,1,1]]",16,0.2829520729874759
level2_receiver_side_info,82,"[[0,0,0,0,1,0,1,0],[0,1,0,1],[0,0,1,1]]",32,0.3139496737296405
level2_receiver_side_info,83,"[[0,0,0,0,1,0,1,0],[0,1,0,1],[0,1,0,0]]",0,0.0
level2_receiver_side_info,83,"[[0,0,0,0,1,0,1,0],[0,1,0,1],[0,1,0,0]]",1,0.01621124580150446
level2_receiver_side_info,83,"[[0,0,0,0,1,0,1,0],[0,1,0,1],[0,1,0,0]]",2,0.028533198169706342
level2_receiver_side_info,83,"[[0,0,0,0,1,0,1,0],[0,1,0,1],[0,1,0,0]]",4,0.045697158707449614
level2_receiver_side_info,83,"[[0,0,0,0,1,0,1,0],[0,1,0,1],[0,1,0,0]]",8,0.0647237743260059
level2_receiver_side_info,83,"[[0,0,0,0,1,0,1,0],[0,1,0,1],[0,1,0,0]]",16,0.08128352549864842
level2_receiver_side_info,83,"[[0,0,0,0,1,0,1,0],[0,1,0,1],[0,1,0,0]]",32,0.09305028484361932
level2_receiver_side_info,84,"[[0,0,0,0,1,0,1,0],[0,1,0,1],[0,1,1,1]]",0,0.0
level2_receiver_side_info,84,"[[0,0,0,0,1,0,1,0],[0,1,0,1],[0,1,1,1]]",1,0.01621124580150446
level2_receiver_side_info,84,"[[0,0,0,0,1,0,1,0],[0,1,0,1],[0,1,1,1]]",2,0.028533198169706342
level2_receiver_side_info,84,"[[0,0,0,0,1,0,1,0],[0,1,0,1],[0,1,1,1]]",4,0.045697158707449614
level2_receiver_side_info,84,"[[0,0,0,0,1,0,1,0],[0,1,0,1],[0,1,1,1]]",8,0.0647237743260059
level2_receiver_side_info,84,"[[0,0,0,0,1,0,1,0],[0,1,0,1],[0,1,1,1]]",16,0.08128352549864842
level2_receiver_side_info,84,"[[0,0,0,0,1,0,1,0],[0,1,0,1],[0,1,1,1]]",32,0.09305028484361938
level2_receiver_side_info,85,"[[0,0,0,0,1,0,1,0],[0,1,1,0],[0,0,0,1]]",0,0.0
level2_receiver_side_info,85,"[[0,0,0,0,1,0,1,0],[0,1,1,0],[0,0,0,1]]",1,0.01621124580150446
level2_receiver_side_info,85,"[[0,0,0,0,1,0,1,0],[0,1,1,0],[0,0,0,1]]",2,0.028533198169706342
level2_receiver_side_info,85,"[[0,0,0,0,1,0,1,0],[0,1,1,0],[0,0,0,1]]",4,0.0456971587074495
level2_receiver_side_info,85,"[[0,0,0,0,1,0,1,0],[0,1,1,0],[0,0,0,1]]",8,0.0647237743260059
level2_receiver_side_info,85,"[[0,0,0,0,1,0,1,0],[0,1,1,0],[0,0,0,1]]",16,0.08128352549864837
level2_receiver_side_info,85,"[[0,0,0,0,1,0,1,0],[0,1,1,0],[0,0,0,1]]",32,0.09305028484361938
level2_receiver_side_info,86,"[[0,0,0,0,1,0,1,0],[0,1,1,0],[0,0,1,0]]",0,0.0
level2_receiver_side_info,86,"[[0,0,0,0,1,0,1,0],[0,1,1,0],[0,0,1,0]]",1,0.01621124580150446
level2_receiver_side_info,86,"[[0,0,0,0,1,0,1,0],[0,1,1,0],[0,0,1,0]]",2,0.028533198169706397
level2_receiver_side_info,86,"[[0,0,0,0,1,0,1,0],[0,1,1,0],[0,0,1,0]]",4,0.04569715870744956
level2_receiver_side_info,86,"[[0,0,0,0,1,0,1,0],[0,1,1,0],[0,0,1,0]]",8,0.0647237743260059
level2_receiver_side_info,86,"[[0,0,0,0,1,0,1,0],[0,1,1,0],[0,0,1,0]]",16,0.08128352549864842
level2_receiver_side_info,86,"[[0,0,0,0,1,0,1,0],[0,1,1,0],[0,0,1,0]]",32,0.09305028484361938
level2_receiver_side_info,87,"[[0,0,0,0,1,0,1,0],[0,1,1,0],[0,0,1,1]]",0,0.0
level2_receiver_side_info,87,"[[0,0,0,0,1,0,1,0],[0,1,1,0],[0,0,1,1]]",1,0.05860388034055081
level2_receiver_side_info,87,"[[0,0,0,0,1,0,1,0],[0,1,1,0],[0,0,1,1]]",2,0.10360963497554826
level2_receiver_side_info,87,"[[0,0,0,0,1,0,1,0],[0,1,1,0],[0,0,1,1]]",4,0.16586347534839643
level2_receiver_side_info,87,"[[0,0,0,0,1,0,1,0],[0,1,1,0],[0,0,1,1]]",8,0.23177388954021425
level2_receiver_side_info,87,"[[0,0,0,0,1,0,1,0],[0,1,1,0],[0,0,1,1]]",16,0.2829520729874759
level2_receiver_side_info,87,"[[0,0,0,0,1,0,1,0],[0,1,1,0],[0,0,1,1]]",32,0.3139496737296405
level2_receiver_side_info,88,"[[0,0,0,0,1,0,1,0],[0,1,1,0],[0,1,0,0]]",0,0.0
level2_receiver_side_info,88,"[[0,0,0,0,1,0,1,0],[0,1,1,0],[0,1,0,0]]",1,0.01621124580150446
level2_receiver_side_info,88,"[[0,0,0,0,1,0,1,0],[0,1,1,0],[0,1,0,0]]",2,0.028533198169706342
level2_receiver_side_info,88,"[[0,0,0,0,1,0,1,0],[0,1,1,0],[0,1,0,0]]",4,0.045697158707449614
level2_receiver_side_info,88,"[[0,0,0,0,1,0,1,0],[0,1,1,0],[0,1,0,0]]",8,0.0647237743260059
level2_receiver_side_info,88,"[[0,0,0,0,1,0,1,0],[0,1,1,0],[0,1,0,0]]",16,0.08128352549864842
level2_receiver_side_info,88,"[[0,0,0,0,1,0,1,0],[0,1,1,0],[0,1,0,0]]",32,0.09305028484361932
level2_receiver_side_info,89,"[[0,0,0,0,1,0,1,0],[0,1,1,0],[0,1,1,1]]",0,0.0
level2_receiver_side_info,89,"[[0,0,0,0,1,0,1,0],[0,1,1,0],[0,1,1,1]]",1,0.01621124580150446
level2_receiver_side_info,89,"[[0,0,0,0,1,0,1,0],[0,1,1,0],[0,1,1,1]]",2,0.028533198169706342
level2_receiver_side_info,89,"[[0,0,0,0,1,0,1,0],[0,1,1,0],[0,1,1,1]]",4,0.045697158707449614
level2_receiver_side_info,89,"[[0,0,0,0,1,0,1,0],[0,1,1,0],[0,1,1,1]]",8,0.0647237743260059
level2_receiver_side_info,89,"[[0,0,0,0,1,0,1,0],[0,1,1,0],[0,1,1,1]]",16,0.08128352549864842
level2_receiver_side_info,89,"[[0,0,0,0,1,0,1,0],[0,1,1,0],[0,1,1,1]]",32,0.09305028484361938
level2_receiver_side_info,90,"[[0,0,0,0,1,0,1,0],[0,1,1,0],[1,1,1,0]]",0,0.0
level2_receiver_side_info,90,"[[0,0,0,0,1,0,1,0],[0,1,1,0],[1,1,1,0]]",1,0.01621124580150446
level2_receiver_side_info,90,"[[0,0,0,0,1,0,1,0],[0,1,1,0],[1,1,1,0]]",2,0.028533198169706342
level2_receiver_side_info,90,"[[0,0,0,0,1,0,1,0],[0,1,1,0],[1,1,1,0]]",4,0.0456971587074495
level2_receiver_side_info,90,"[[0,0,0,0,1,0,1,0],[0,1,1,0],[1,1,1,0]]",8,0.0647237743260059
level2_receiver_side_info,90,"[[0,0,0,0,1,0,1,0],[0,1,1,0],[1,1,1,0]]",16,0.08128352549864837
level2_receiver_side_info,90,"[[0,0,0,0,1,0,1,0],[0,1,1,0],[1,1,1,0]]",32,0.09305028484361938
level2_receiver_side_info,91,"[[0,0,0,0,1,0,1,0],[0,1,1,0],[1,1,0,1]]",0,0.0
level2_receiver_side_info,91,"[[0,0,0,0,1,0,1,0],[0,1,1,0],[1,1,0,1]]",1,0.01621124580150446
level2_receiver_side_info,91,"[[0,0,0,0,1,0,1,0],[0,1,1,0],[1,1,0,1]]",2,0.028533198169706397
level2_receiver_side_info,91,"[[0,0,0,0,1,0,1,0],[0,1,1,0],[1,1,0,1]]",4,0.04569715870744956
level2_receiver_side_info,91,"[[0,0,0,0,1,0,1,0],[0,1,1,0],[1,1,0,1]]",8,0.0647237743260059
level2_receiver_side_info,91,"[[0,0,0,0,1,0,1,0],[0,1,1,0],[1,1,0,1]]",16,0.08128352549864842
level2_receiver_side_info,91,"[[0,0,0,0,1,0,1,0],[0,1,1,0],[1,1,0,1]]",32,0.09305028484361938
level2_receiver_side_info,92,"[[0,0,0,0,1,0,1,0],[0,1,1,0],[1,1,0,0]]",0,0.0
level2_receiver_side_info,92,"[[0,0,0,0,1,0,1,0],[0,1,1,0],[1,1,0,0]]",1,0.05860388034055081
level2_receiver_side_info,92,"[[0,0,0,0,1,0,1,0],[0,1,1,0],[1,1,0,0]]",2,0.10360963497554826
level2_receiver_side_info,92,"[[0,0,0,0,1,0,1,0],[0,1,1,0],[1,1,0,0]]",4,0.16586347534839643
level2_receiver_side_info,92,"[[0,0,0,0,1,0,1,0],[0,1,1,0],[1,1,0,0]]",8,0.23177388954021425
level2_receiver_side_info,92,"[[0,0,0,0,1,0,1,0],[0,1,1,0],[1,1,0,0]]",16,0.2829520729874759
level2_receiver_side_info,92,"[[0,0,0,0,1,0,1,0],[0,1,1,0],[1,1,0,0]]",32,0.3139496737296405
level2_receiver_side_info,93,"[[0,0,0,0,1,0,1,0],[0,1,1,0],[1,0,1,1]]",0,0.0
level2_receiver_side_info,93,"[[0,0,0,0,1,0,1,0],[0,1,1,0],[1,0,1,1]]",1,0.01621124580150446
level2_receiver_side_info,93,"[[0,0,0,0,1,0,1,0],[0,1,1,0],[1,0,1,1]]",2,0.028533198169706342
level2_receiver_side_info,93,"[[0,0,0,0,1,0,1,0],[0,1,1,0],[1,0,1,1]]",4,0.045697158707449614
level2_receiver_side_info,93,"[[0,0,0,0,1,0,1,0],[0,1,1,0],[1,0,1,1]]",8,0.0647237743260059
level2_receiver_side_info,93,"[[0,0,0,0,1,0,1,0],[0,1,1,0],[1,0,1,1]]",16,0.08128352549864842
level2_receiver_side_info,93,"[[0,0,0,0,1,0,1,0],[0,1,1,0],[1,0,1,1]]",32,0.09305028484361932
level2_receiver_side_info,94,"[[0,0,0,0,1,0,1,0],[0,1,1,0],[1,0,0,0]]",0,0.0
level2_receiver_side_info,94,"[[0,0,0,0,1,0,1,0],[0,1,1,0],[1,0,0,0]]",1,0.01621124580150446
level2_receiver_side_info,94,"[[0,0,0,0,1,0,1,0],[0,1,1,0],[1,0,0,0]]",2,0.028533198169706342
level2_receiver_side_info,94,"[[0,0,0,0,1,0,1,0],[0,1,1,0],[1,0,0,0]]",4,0.045697158707449614
level2_receiver_side_info,94,"[[0,0,0,0,1,0,1,0],[0,1,1,0],[1,0,0,0]]",8,0.0647237743260059
level2_receiver_side_info,94,"[[0,0,0,0,1,0,1,0],[0,1,1,0],[1,0,0,0]]",16,0.08128352549864842
level2_receiver_side_info,94,"[[0,0,0,0,1,0,1,0],[0,1,1,0],[1,0,0,0]]",32,0.09305028484361938
level2_receiver_side_info,95,"[[0,0,0,0,1,0,1,0],[0,1,0,1],[1,1,1,0]]",0,0.0
level2_receiver_side_info,95,"[[0,0,0,0,1,0,1,0],[0,1,0,1],[1,1,1,0]]",1,0.01621124580150446
level2_receiver_side_info,95,"[[0,0,0,0,1,0,1,0],[0,1,0,1],[1,1,1,0]]",2,0.028533198169706342
level2_receiver_side_info,95,"[[0,0,0,0,1,0,1,0],[0,1,0,1],[1,1,1,0]]",4,0.0456971587074495
level2_receiver_side_info,95,"[[0,0,0,0,1,0,1,0],[0,1,0,1],[1,1,1,0]]",8,0.0647237743260059
level2_receiver_side_info,95,"[[0,0,0,0,1,0,1,0],[0,1,0,1],[1,1,1,0]]",16,0.08128352549864837
level2_receiver_side_info,95,"[[0,0,0,0,1,0,1,0],[0,1,0,1],[1,1,1,0]]",32,0.09305028484361938
level2_receiver_side_info,96,"[[0,0,0,0,1,0,1,0],[0,1,0,1],[1,1,0,1]]",0,0.0
level2_receiver_side_info,96,"[[0,0,0,0,1,0,1,0],[0,1,0,1],[1,1,0,1]]",1,0.01621124580150446
level2_receiver_side_info,96,"[[0,0,0,0,1,0,1,0],[0,1,0,1],[1,1,0,1]]",2,0.028533198169706397
level2_receiver_side_info,96,"[[0,0,0,0,1,0,1,0],[0,1,0,1],[1,1,0,1]]",4,0.04569715870744956
level2_receiver_side_info,96,"[[0,0,0,0,1,0,1,0],[0,1,0,1],[1,1,0,1]]",8,0.0647237743260059
level2_receiver_side_info,96,"[[0,0,0,0,1,0,1,0],[0,1,0,1],[1,1,0,1]]",16,0.08128352549864842
level2_receiver_side_info,96,"[[0,0,0,0,1,0,1,0],[0,1,0,1],[1,1,0,1]]",32,0.09305028484361938
level2_receiver_side_info,97,"[[0,0,0,0,1,0,1,0],[0,1,0,1],[1,1,0,0]]",0,0.0
level2_receiver_side_info,97,"[[0,0,0,0,1,0,1,0],[0,1,0,1],[1,1,0,0]]",1,0.05860388034055081
level2_receiver_side_info,97,"[[0,0,0,0,1,0,1,0],[0,1,0,1],[1,1,0,0]]",2,0.10360963497554826
level2_receiver_side_info,97,"[[0,0,0,0,1,0,1,0],[0,1,0,1],[1,1,0,0]]",4,0.16586347534839643
level2_receiver_side_info,97,"[[0,0,0,0,1,0,1,0],[0,1,0,1],[1,1,0,0]]",8,0.23177388954021425
level2_receiver_side_info,97,"[[0,0,0,0,1,0,1,0],[0,1,0,1],[1,1,0,0]]",16,0.2829520729874759
level2_receiver_side_info,97,"[[0,0,0,0,1,0,1,0],[0,1,0,1],[1,1,0,0]]",32,0.3139496737296405
level2_receiver_side_info,98,"[[0,0,0,0,1,0,1,0],[0,1,0,1],[1,0,1,1]]",0,0.0
level2_receiver_side_info,98,"[[0,0,0,0,1,0,1,0],[0,1,0,1],[1,0,1,1]]",1,0.01621124580150446
level2_receiver_side_info,98,"[[0,0,0,0,1,0,1,0],[0,1,0,1],[1,0,1,1]]",2,0.028533198169706342
level2_receiver_side_info,98,"[[0,0,0,0,1,0,1,0],[0,1,0,1],[1,0,1,1]]",4,0.045697158707449614
level2_receiver_side_info,98,"[[0,0,0,0,1,0,1,0],[0,1,0,1],[1,0,1,1]]",8,0.0647237743260059
level2_receiver_side_info,98,"[[0,0,0,0,1,0,1,0],[0,1,0,1],[1,0,1,1]]",16,0.08128352549864842
level2_receiver_side_info,98,"[[0,0,0,0,1,0,1,0],[0,1,0,1],[1,0,1,1]]",32,0.09305028484361932
level2_receiver_side_info,99,"[[0,0,0,0,1,0,1,0],[0,1,0,1],[1,0,0,0]]",0,0.0
level2_receiver_side_info,99,"[[0,0,0,0,1,0,1,0],[0,1,0,1],[1,0,0,0]]",1,0.01621124580150446
level2_receiver_side_info,99,"[[0,0,0,0,1,0,1,0],[0,1,0,1],[1,0,0,0]]",2,0.028533198169706342
level2_receiver_side_info,99,"[[0,0,0,0,1,0,1,0],[0,1,0,1],[1,0,0,0]]",4,0.045697158707449614
level2_receiver_side_info,99,"[[0,0,0,0,1,0,1,0],[0,1,0,1],[1,0,0,0]]",8,0.0647237743260059
level2_receiver_side_info,99,"[[0,0,0,0,1,0,1,0],[0,1,0,1],[1,0,0,0]]",16,0.08128352549864842
level2_receiver_side_info,99,"[[0,0,0,0,1,0,1,0],[0,1,0,1],[1,0,0,0]]",32,0.09305028484361938
level2_receiver_side_info,100,"[[0,0,0,0,1,1,0,0],[0,0,0,1],[1,1,0,1]]",0,0.09116077839697723
level2_receiver_side_info,100,"[[0,0,0,0,1,1,0,0],[0,0,0,1],[1,1,0,1]]",1,0.1429065834305655
level2_receiver_side_info,100,"[[0,0,0,0,1,1,0,0],[0,0,0,1],[1,1,0,1]]",2,0.18449810329733946
level2_receiver_side_info,100,"[[0,0,0,0,1,1,0,0],[0,0,0,1],[1,1,0,1]]",4,0.246861694803569
level2_receiver_side_info,100,"[[0,0,0,0,1,1,0,0],[0,0,0,1],[1,1,0,1]]",8,0.32298029056872957
level2_receiver_side_info,100,"[[0,0,0,0,1,1,0,0],[0,0,0,1],[1,1,0,1]]",16,0.39196225193885564
level2_receiver_side_info,100,"[[0,0,0,0,1,1,0,0],[0,0,0,1],[1,1,0,1]]",32,0.43644344248314626
level2_receiver_side_info,101,"[[0,0,0,0,1,1,0,0],[0,0,1,1],[0,0,1,0]]",0,0.12770640594149774
level2_receiver_side_info,101,"[[0,0,0,0,1,1,0,0],[0,0,1,1],[0,0,1,0]]",1,0.15096929892483568
level2_receiver_side_info,101,"[[0,0,0,0,1,1,0,0],[0,0,1,1],[0,0,1,0]]",2,0.17050487482649546
level2_receiver_side_info,101,"[[0,0,0,0,1,1,0,0],[0,0,1,1],[0,0,1,0]]",4,0.20126976453018763
level2_receiver_side_info,101,"[[0,0,0,0,1,1,0,0],[0,0,1,1],[0,0,1,0]]",8,0.2416037811712054
level2_receiver_side_info,101,"[[0,0,0,0,1,1,0,0],[0,0,1,1],[0,0,1,0]]",16,0.28212774266557344
level2_receiver_side_info,101,"[[0,0,0,0,1,1,0,0],[0,0,1,1],[0,0,1,0]]",32,0.3121232354594785
level2_receiver_side_info,102,"[[0,0,0,0,1,1,0,0],[0,1,0,0],[1,1,0,1]]",0,0.09116077839697723
level2_receiver_side_info,102,"[[0,0,0,0,1,1,0,0],[0,1,0,0],[1,1,0,1]]",1,0.1429065834305654
level2_receiver_side_info,102,"[[0,0,0,0,1,1,0,0],[0,1,0,0],[1,1,0,1]]",2,0.18449810329733946
level2_receiver_side_info,102,"[[0,0,0,0,1,1,0,0],[0,1,0,0],[1,1,0,1]]",4,0.246861694803569
level2_receiver_side_info,102,"[[0,0,0,0,1,1,0,0],[0,1,0,0],[1,1,0,1]]",8,0.32298029056872957
level2_receiver_side_info,102,"[[0,0,0,0,1,1,0,0],[0,1,0,0],[1,1,0,1]]",16,0.39196225193885564
level2_receiver_side_info,102,"[[0,0,0,0,1,1,0,0],[0,1,0,0],[1,1,0,1]]",32,0.43644344248314626
level2_receiver_side_info,103,"[[0,0,0,0,1,1,0,0],[0,1,0,1],[1,1,0,1]]",0,0.12770640594149768
level2_receiver_side_info,103,"[[0,0,0,0,1,1,0,0],[0,1,0,1],[1,1,0,1]]",1,0.15096929892483568
level2_receiver_side_info,103,"[[0,0,0,0,1,1,0,0],[0,1,0,1],[1,1,0,1]]",2,0.17050487482649546
level2_receiver_side_info,103,"[[0,0,0,0,1,1,0,0],[0,1,0,1],[1,1,0,1]]",4,0.20126976453018758
level2_receiver_side_info,103,"[[0,0,0,0,1,1,0,0],[0,1,0,1],[1,1,0,1]]",8,0.2416037811712054
level2_receiver_side_info,103,"[[0,0,0,0,1,1,0,0],[0,1,0,1],[1,1,0,1]]",16,0.2821277426655734
level2_receiver_side_info,103,"[[0,0,0,0,1,1,0,0],[0,1,0,1],[1,1,0,1]]",32,0.3121232354594785
level2_receiver_side_info,104,"[[0,0,0,0,1,1,0,0],[0,1,1,0],[0,0,1,0]]",0,0.12770640594149768
level2_receiver_side_info,104,"[[0,0,0,0,1,1,0,0],[0,1,1,0],[0,0,1,0]]",1,0.15096929892483568
level2_receiver_side_info,104,"[[0,0,0,0,1,1,0,0],[0,1,1,0],[0,0,1,0]]",2,0.17050487482649546
level2_receiver_side_info,104,"[[0,0,0,0,1,1,0,0],[0,1,1,0],[0,0,1,0]]",4,0.20126976453018758
level2_receiver_side_info,104,"[[0,0,0,0,1,1,0,0],[0,1,1,0],[0,0,1,0]]",8,0.24160378117120546
level2_receiver_side_info,104,"[[0,0,0,0,1,1,0,0],[0,1,1,0],[0,0,1,0]]",16,0.28212774266557344
level2_receiver_side_info,104,"[[0,0,0,0,1,1,0,0],[0,1,1,0],[0,0,1,0]]",32,0.3121232354594785
level2_receiver_side_info,105,"[[0,0,0,0,1,1,0,0],[0,1,1,1],[0,0,1,0]]",0,0.09116077839697723
level2_receiver_side_info,105,"[[0,0,0,0,1,1,0,0],[0,1,1,1],[0,0,1,0]]",1,0.1429065834305654
level2_receiver_side_info,105,"[[0,0,0,0,1,1,0,0],[0,1,1,1],[0,0,1,0]]",2,0.18449810329733946
level2_receiver_side_info,105,"[[0,0,0,0,1,1,0,0],[0,1,1,1],[0,0,1,0]]",4,0.246861694803569
level2_receiver_side_info,105,"[[0,0,0,0,1,1,0,0],[0,1,1,1],[0,0,1,0]]",8,0.32298029056872957
level2_receiver_side_info,105,"[[0,0,0,0,1,1,0,0],[0,1,1,1],[0,0,1,0]]",16,0.39196225193885564
level2_receiver_side_info,105,"[[0,0,0,0,1,1,0,0],[0,1,1,1],[0,0,1,0]]",32,0.43644344248314626
level2_receiver_side_info,106,"[[0,0,0,0,1,1,0,0],[0,1,1,1],[0,0,1,0]]",0,0.09116077839697723
level2_receiver_side_info,106,"[[0,0,0,0,1,1,0,0],[0,1,1,1],[0,0,1,0]]",1,0.1429065834305654
level2_receiver_side_info,106,"[[0,0,0,0,1,1,0,0],[0,1,1,1],[0,0,1,0]]",2,0.18449810329733946
level2_receiver_side_info,106,"[[0,0,0,0,1,1,0,0],[0,1,1,1],[0,0,1,0]]",4,0.246861694803569
level2_receiver_side_info,106,"[[0,0,0,0,1,1,0,0],[0,1,1,1],[0,0,1,0]]",8,0.32298029056872957
level2_receiver_side_info,106,"[[0,0,0,0,1,1,0,0],[0,1,1,1],[0,0,1,0]]",16,0.39196225193885564
level2_receiver_side_info,106,"[[0,0,0,0,1,1,0,0],[0,1,1,1],[0,0,1,0]]",32,0.43644344248314626
level2_receiver_side_info,107,"[[0,0,0,0,1,1,0,0],[0,1,1,0],[0,0,1,0]]",0,0.12770640594149768
level2_receiver_side_info,107,"[[0,0,0,0,1,1,0,0],[0,1,1,0],[0,0,1,0]]",1,0.15096929892483568
level2_receiver_side_info,107,"[[0,0,0,0,1,1,0,0],[0,1,1,0],[0,0,1,0]]",2,0.17050487482649546
level2_receiver_side_info,107,"[[0,0,0,0,1,1,0,0],[0,1,1,0],[0,0,1,0]]",4,0.20126976453018758
level2_receiver_side_info,107,"[[0,0,0,0,1,1,0,0],[0,1,1,0],[0,0,1,0]]",8,0.24160378117120546
level2_receiver_side_info,107,"[[0,0,0,0,1,1,0,0],[0,1,1,0],[0,0,1,0]]",16,0.28212774266557344
level2_receiver_side_info,107,"[[0,0,0,0,1,1,0,0],[0,1,1,0],[0,0,1,0]]",32,0.3121232354594785
level2_receiver_side_info,108,"[[0,0,0,0,1,1,0,0],[0,1,0,1],[1,1,0,1]]",0,0.12770640594149768
level2_receiver_side_info,108,"[[0,0,0,0,1,1,0,0],[0,1,0,1],[1,1,0,1]]",1,0.15096929892483568
level2_receiver_side_info,108,"[[0,0,0,0,1,1,0,0],[0,1,0,1],[1,1,0,1]]",2,0.17050487482649546
level2_receiver_side_info,108,"[[0,0,0,0,1,1,0,0],[0,1,0,1],[1,1,0,1]]",4,0.20126976453018758
level2_receiver_side_info,108,"[[0,0,0,0,1,1,0,0],[0,1,0,1],[1,1,0,1]]",8,0.2416037811712054
level2_receiver_side_info,108,"[[0,0,0,0,1,1,0,0],[0,1,0,1],[1,1,0,1]]",16,0.2821277426655734
level2_receiver_side_info,108,"[[0,0,0,0,1,1,0,0],[0,1,0,1],[1,1,0,1]]",32,0.3121232354594785
level2_receiver_side_info,109,"[[0,0,0,0,1,1,0,0],[0,1,0,0],[1,1,0,1]]",0,0.09116077839697723
level2_receiver_side_info,109,"[[0,0,0,0,1,1,0,0],[0,1,0,0],[1,1,0,1]]",1,0.1429065834305654
level2_receiver_side_info,109,"[[0,0,0,0,1,1,0,0],[0,1,0,0],[1,1,0,1]]",2,0.18449810329733946
level2_receiver_side_info,109,"[[0,0,0,0,1,1,0,0],[0,1,0,0],[1,1,0,1]]",4,0.246861694803569
level2_receiver_side_info,109,"[[0,0,0,0,1,1,0,0],[0,1,0,0],[1,1,0,1]]",8,0.32298029056872957
level2_receiver_side_info,109,"[[0,0,0,0,1,1,0,0],[0,1,0,0],[1,1,0,1]]",16,0.39196225193885564
level2_receiver_side_info,109,"[[0,0,0,0,1,1,0,0],[0,1,0,0],[1,1,0,1]]",32,0.43644344248314626
level2_receiver_side_info,110,"[[0,0,0,0,1,1,0,0],[0,0,1,1],[0,0,1,0]]",0,0.12770640594149774
level2_receiver_side_info,110,"[[0,0,0,0,1,1,0,0],[0,0,1,1],[0,0,1,0]]",1,0.15096929892483568
level2_receiver_side_info,110,"[[0,0,0,0,1,1,0,0],[0,0,1,1],[0,0,1,0]]",2,0.17050487482649546
level2_receiver_side_info,110,"[[0,0,0,0,1,1,0,0],[0,0,1,1],[0,0,1,0]]",4,0.20126976453018763
level2_receiver_side_info,110,"[[0,0,0,0,1,1,0,0],[0,0,1,1],[0,0,1,0]]",8,0.2416037811712054
level2_receiver_side_info,110,"[[0,0,0,0,1,1,0,0],[0,0,1,1],[0,0,1,0]]",16,0.28212774266557344
level2_receiver_side_info,110,"[[0,0,0,0,1,1,0,0],[0,0,1,1],[0,0,1,0]]",32,0.3121232354594785
level2_receiver_side_info,111,"[[0,0,0,0,1,1,0,0],[0,0,0,1],[1,1,0,1]]",0,0.09116077839697723
level2_receiver_side_info,111,"[[0,0,0,0,1,1,0,0],[0,0,0,1],[1,1,0,1]]",1,0.1429065834305655
level2_receiver_side_info,111,"[[0,0,0,0,1,1,0,0],[0,0,0,1],[1,1,0,1]]",2,0.18449810329733946
level2_receiver_side_info,111,"[[0,0,0,0,1,1,0,0],[0,0,0,1],[1,1,0,1]]",4,0.246861694803569
level2_receiver_side_info,111,"[[0,0,0,0,1,1,0,0],[0,0,0,1],[1,1,0,1]]",8,0.32298029056872957
level2_receiver_side_info,111,"[[0,0,0,0,1,1,0,0],[0,0,0,1],[1,1,0,1]]",16,0.39196225193885564
level2_receiver_side_info,111,"[[0,0,0,0,1,1,0,0],[0,0,0,1],[1,1,0,1]]",32,0.43644344248314626
level2_receiver_side_info,112,"[[0,0,0,0,1,1,1,1],[0,1,0,1],[0,0,0,1]]",0,0.0
level2_receiver_side_info,112,"[[0,0,0,0,1,1,1,1],[0,1,0,1],[0,0,0,1]]",1,0.029298145242776408
level2_receiver_side_info,112,"[[0,0,0,0,1,1,1,1],[0,1,0,1],[0,0,0,1]]",2,0.05196690317726649
level2_receiver_side_info,112,"[[0,0,0,0,1,1,1,1],[0,1,0,1],[0,0,0,1]]",4,0.08435950345211596
level2_receiver_side_info,112,"[[0,0,0,0,1,1,1,1],[0,1,0,1],[0,0,0,1]]",8,0.12198650516110154
level2_receiver_side_info,112,"[[0,0,0,0,1,1,1,1],[0,1,0,1],[0,0,0,1]]",16,0.1569947083971185
level2_receiver_side_info,112,"[[0,0,0,0,1,1,1,1],[0,1,0,1],[0,0,0,1]]",32,0.1832648102910467
level2_receiver_side_info,113,"[[0,0,0,0,1,1,1,1],[0,1,0,1],[0,0,1,0]]",0,0.0
level2_receiver_side_info,113,"[[0,0,0,0,1,1,1,1],[0,1,0,1],[0,0,1,0]]",1,0.029298145242776297
level2_receiver_side_info,113,"[[0,0,0,0,1,1,1,1],[0,1,0,1],[0,0,1,0]]",2,0.05196690317726649
level2_receiver_side_info,113,"[[0,0,0,0,1,1,1,1],[0,1,0,1],[0,0,1,0]]",4,0.08435950345211596
level2_receiver_side_info,113,"[[0,0,0,0,1,1,1,1],[0,1,0,1],[0,0,1,0]]",8,0.12198650516110165
level2_receiver_side_info,113,"[[0,0,0,0,1,1,1,1],[0,1,0,1],[0,0,1,0]]",16,0.1569947083971185
level2_receiver_side_info,113,"[[0,0,0,0,1,1,1,1],[0,1,0,1],[0,0,1,0]]",32,0.18326481029104658
level2_receiver_side_info,114,"[[0,0,0,0,1,1,1,1],[0,1,0,1],[0,0,1,1]]",0,0.0
level2_receiver_side_info,114,"[[0,0,0,0,1,1,1,1],[0,1,0,1],[0,0,1,1]]",1,0.11720776068110161
level2_receiver_side_info,114,"[[0,0,0,0,1,1,1,1],[0,1,0,1],[0,0,1,1]]",2,0.2072192699510964
level2_receiver_side_info,114,"[[0,0,0,0,1,1,1,1],[0,1,0,1],[0,0,1,1]]",4,0.3317269506967929
level2_receiver_side_info,114,"[[0,0,0,0,1,1,1,1],[0,1,0,1],[0,0,1,1]]",8,0.46354777908042843
level2_receiver_side_info,114,"[[0,0,0,0,1,1,1,1],[0,1,0,1],[0,0,1,1]]",16,0.5659041459749518
level2_receiver_side_info,114,"[[0,0,0,0,1,1,1,1],[0,1,0,1],[0,0,1,1]]",32,0.627899347459281
level2_receiver_side_info,115,"[[0,0,0,0,1,1,1,1],[0,1,0,1],[0,1,0,0]]",0,0.0
level2_receiver_side_info,115,"[[0,0,0,0,1,1,1,1],[0,1,0,1],[0,1,0,0]]",1,0.029298145242776408
level2_receiver_side_info,115,"[[0,0,0,0,1,1,1,1],[0,1,0,1],[0,1,0,0]]",2,0.05196690317726649
level2_receiver_side_info,115,"[[0,0,0,0,1,1,1,1],[0,1,0,1],[0,1,0,0]]",4,0.08435950345211607
level2_receiver_side_info,115,"[[0,0,0,0,1,1,1,1],[0,1,0,1],[0,1,0,0]]",8,0.12198650516110165
level2_receiver_side_info,115,"[[0,0,0,0,1,1,1,1],[0,1,0,1],[0,1,0,0]]",16,0.15699470839711838
level2_receiver_side_info,115,"[[0,0,0,0,1,1,1,1],[0,1,0,1],[0,1,0,0]]",32,0.1832648102910467
level2_receiver_side_info,116,"[[0,0,0,0,1,1,1,1],[0,1,0,1],[0,1,1,1]]",0,0.0
level2_receiver_side_info,116,"[[0,0,0,0,1,1,1,1],[0,1,0,1],[0,1,1,1]]",1,0.029298145242776408
level2_receiver_side_info,116,"[[0,0,0,0,1,1,1,1],[0,1,0,1],[0,1,1,1]]",2,0.05196690317726649
level2_receiver_side_info,116,"[[0,0,0,0,1,1,1,1],[0,1,0,1],[0,1,1,1]]",4,0.08435950345211607
level2_receiver_side_info,116,"[[0,0,0,0,1,1,1,1],[0,1,0,1],[0,1,1,1]]",8,0.12198650516110165
level2_receiver_side_info,116,"[[0,0,0,0,1,1,1,1],[0,1,0,1],[0,1,1,1]]",16,0.15699470839711838
level2_receiver_side_info,116,"[[0,0,0,0,1,1,1,1],[0,1,0,1],[0,1,1,1]]",32,0.1832648102910467
level2_receiver_side_info,117,"[[0,0,0,0,1,1,1,1],[0,1,1,0],[0,0,0,1]]",0,0.0
level2_receiver_side_info,117,"[[0,0,0,0,1,1,1,1],[0,1,1,0],[0,0,0,1]]",1,0.029298145242776408
level2_receiver_side_info,117,"[[0,0,0,0,1,1,1,1],[0,1,1,0],[0,0,0,1]]",2,0.05196690317726649
level2_receiver_side_info,117,"[[0,0,0,0,1,1,1,1],[0,1,1,0],[0,0,0,1]]",4,0.08435950345211596
level2_receiver_side_info,117,"[[0,0,0,0,1,1,1,1],[0,1,1,0],[0,0,0,1]]",8,0.12198650516110154
level2_receiver_side_info,117,"[[0,0,0,0,1,1,1,1],[0,1,1,0],[0,0,0,1]]",16,0.1569947083971185
level2_receiver_side_info,117,"[[0,0,0,0,1,1,1,1],[0,1,1,0],[0,0,0,1]]",32,0.1832648102910467
level2_receiver_side_info,118,"[[0,0,0,0,1,1,1,1],[0,1,1,0],[0,0,1,0]]",0,0.0
level2_receiver_side_info,118,"[[0,0,0,0,1,1,1,1],[0,1,1,0],[0,0,1,0]]",1,0.029298145242776297
level2_receiver_side_info,118,"[[0,0,0,0,1,1,1,1],[0,1,1,0],[0,0,1,0]]",2,0.05196690317726649
level2_receiver_side_info,118,"[[0,0,0,0,1,1,1,1],[0,1,1,0],[0,0,1,0]]",4,0.08435950345211596
level2_receiver_side_info,118,"[[0,0,0,0,1,1,1,1],[0,1,1,0],[0,0,1,0]]",8,0.12198650516110165
level2_receiver_side_info,118,"[[0,0,0,0,1,1,1,1],[0,1,1,0],[0,0,1,0]]",16,0.1569947083971185
level2_receiver_side_info,118,"[[0,0,0,0,1,1,1,1],[0,1,1,0],[0,0,1,0]]",32,0.18326481029104658
level2_receiver_side_info,119,"[[0,0,0,0,1,1,1,1],[0,1,1,0],[0,0,1,1]]",0,0.0
level2_receiver_side_info,119,"[[0,0,0,0,1,1,1,1],[0,1,1,0],[0,0,1,1]]",1,0.11720776068110161
level2_receiver_side_info,119,"[[0,0,0,0,1,1,1,1],[0,1,1,0],[0,0,1,1]]",2,0.2072192699510964
level2_receiver_side_info,119,"[[0,0,0,0,1,1,1,1],[0,1,1,0],[0,0,1,1]]",4,0.3317269506967929
level2_receiver_side_info,119,"[[0,0,0,0,1,1,1,1],[0,1,1,0],[0,0,1,1]]",8,0.46354777908042843
level2_receiver_side_info,119,"[[0,0,0,0,1,1,1,1],[0,1,1,0],[0,0,1,1]]",16,0.5659041459749518
level2_receiver_side_info,119,"[[0,0,0,0,1,1,1,1],[0,1,1,0],[0,0,1,1]]",32,0.627899347459281
level2_receiver_side_info,120,"[[0,0,0,0,1,1,1,1],[0,1,1,0],[0,1,0,0]]",0,0.0
level2_receiver_side_info,120,"[[0,0,0,0,1,1,1,1],[0,1,1,0],[0,1,0,0]]",1,0.029298145242776408
level2_receiver_side_info,120,"[[0,0,0,0,1,1,1,1],[0,1,1,0],[0,1,0,0]]",2,0.05196690317726649
level2_receiver_side_info,120,"[[0,0,0,0,1,1,1,1],[0,1,1,0],[0,1,0,0]]",4,0.08435950345211607
level2_receiver_side_info,120,"[[0,0,0,0,1,1,1,1],[0,1,1,0],[0,1,0,0]]",8,0.12198650516110165
level2_receiver_side_info,120,"[[0,0,0,0,1,1,1,1],[0,1,1,0],[0,1,0,0]]",16,0.15699470839711838
level2_receiver_side_info,120,"[[0,0,0,0,1,1,1,1],[0,1,1,0],[0,1,0,0]]",32,0.1832648102910467
level2_receiver_side_info,121,"[[0,0,0,0,1,1,1,1],[0,1,1,0],[0,1,1,1]]",0,0.0
level2_receiver_side_info,121,"[[0,0,0,0,1,1,1,1],[0,1,1,0],[0,1,1,1]]",1,0.029298145242776408
level2_receiver_side_info,121,"[[0,0,0,0,1,1,1,1],[0,1,1,0],[0,1,1,1]]",2,0.05196690317726649
level2_receiver_side_info,121,"[[0,0,0,0,1,1,1,1],[0,1,1,0],[0,1,1,1]]",4,0.08435950345211607
level2_receiver_side_info,121,"[[0,0,0,0,1,1,1,1],[0,1,1,0],[0,1,1,1]]",8,0.12198650516110165
level2_receiver_side_info,121,"[[0,0,0,0,1,1,1,1],[0,1,1,0],[0,1,1,1]]",16,0.15699470839711838
level2_receiver_side_info,121,"[[0,0,0,0,1,1,1,1],[0,1,1,0],[0,1,1,1]]",32,0.1832648102910467
level2_receiver_side_info,122,"[[0,0,0,0,1,1,1,1],[0,1,1,0],[1,1,1,0]]",0,0.0
level2_receiver_side_info,122,"[[0,0,0,0,1,1,1,1],[0,1,1,0],[1,1,1,0]]",1,0.029298145242776408
level2_receiver_side_info,122,"[[0,0,0,0,1,1,1,1],[0,1,1,0],[1,1,1,0]]",2,0.05196690317726649
level2_receiver_side_info,122,"[[0,0,0,0,1,1,1,1],[0,1,1,0],[1,1,1,0]]",4,0.08435950345211596
level2_receiver_side_info,122,"[[0,0,0,0,1,1,1,1],[0,1,1,0],[1,1,1,0]]",8,0.12198650516110154
level2_receiver_side_info,122,"[[0,0,0,0,1,1,1,1],[0,1,1,0],[1,1,1,0]]",16,0.1569947083971185
level2_receiver_side_info,122,"[[0,0,0,0,1,1,1,1],[0,1,1,0],[1,1,1,0]]",32,0.1832648102910467
level2_receiver_side_info,123,"[[0,0,0,0,1,1,1,1],[0,1,1,0],[1,1,0,1]]",0,0.0
level2_receiver_side_info,123,"[[0,0,0,0,1,1,1,1],[0,1,1,0],[1,1,0,1]]",1,0.029298145242776297
level2_receiver_side_info,123,"[[0,0,0,0,1,1,1,1],[0,1,1,0],[1,1,0,1]]",2,0.05196690317726649
level2_receiver_side_info,123,"[[0,0,0,0,1,1,1,1],[0,1,1,0],[1,1,0,1]]",4,0.08435950345211596
level2_receiver_side_info,123,"[[0,0,0,0,1,1,1,1],[0,1,1,0],[1,1,0,1]]",8,0.12198650516110165
level2_receiver_side_info,123,"[[0,0,0,0,1,1,1,1],[0,1,1,0],[1,1,0,1]]",16,0.1569947083971185
level2_receiver_side_info,123,"[[0,0,0,0,1,1,1,1],[0,1,1,0],[1,1,0,1]]",32,0.18326481029104658
level2_receiver_side_info,124,"[[0,0,0,0,1,1,1,1],[0,1,1,0],[1,1,0,0]]",0,0.0
level2_receiver_side_info,124,"[[0,0,0,0,1,1,1,1],[0,1,1,0],[1,1,0,0]]",1,0.11720776068110161
level2_receiver_side_info,124,"[[0,0,0,0,1,1,1,1],[0,1,1,0],[1,1,0,0]]",2,0.2072192699510964
level2_receiver_side_info,124,"[[0,0,0,0,1,1,1,1],[0,1,1,0],[1,1,0,0]]",4,0.3317269506967929
level2_receiver_side_info,124,"[[0,0,0,0,1,1,1,1],[0,1,1,0],[1,1,0,0]]",8,0.46354777908042843
level2_receiver_side_info,124,"[[0,0,0,0,1,1,1,1],[0,1,1,0],[1,1,0,0]]",16,0.5659041459749518
level2_receiver_side_info,124,"[[0,0,0,0,1,1,1,1],[0,1,1,0],[1,1,0,0]]",32,0.627899347459281
level2_receiver_side_info,125,"[[0,0,0,0,1,1,1,1],[0,1,1,0],[1,0,1,1]]",0,0.0
level2_receiver_side_info,125,"[[0,0,0,0,1,1,1,1],[0,1,1,0],[1,0,1,1]]",1,0.029298145242776408
level2_receiver_side_info,125,"[[0,0,0,0,1,1,1,1],[0,1,1,0],[1,0,1,1]]",2,0.05196690317726649
level2_receiver_side_info,125,"[[0,0,0,0,1,1,1,1],[0,1,1,0],[1,0,1,1]]",4,0.08435950345211607
level2_receiver_side_info,125,"[[0,0,0,0,1,1,1,1],[0,1,1,0],[1,0,1,1]]",8,0.12198650516110165
level2_receiver_side_info,125,"[[0,0,0,0,1,1,1,1],[0,1,1,0],[1,0,1,1]]",16,0.15699470839711838
level2_receiver_side_info,125,"[[0,0,0,0,1,1,1,1],[0,1,1,0],[1,0,1,1]]",32,0.1832648102910467
level2_receiver_side_info,126,"[[0,0,0,0,1,1,1,1],[0,1,1,0],[1,0,0,0]]",0,0.0
level2_receiver_side_info,126,"[[0,0,0,0,1,1,1,1],[0,1,1,0],[1,0,0,0]]",1,0.029298145242776408
level2_receiver_side_info,126,"[[0,0,0,0,1,1,1,1],[0,1,1,0],[1,0,0,0]]",2,0.05196690317726649
level2_receiver_side_info,126,"[[0,0,0,0,1,1,1,1],[0,1,1,0],[1,0,0,0]]",4,0.08435950345211607
level2_receiver_side_info,126,"[[0,0,0,0,1,1,1,1],[0,1,1,0],[1,0,0,0]]",8,0.12198650516110165
level2_receiver_side_info,126,"[[0,0,0,0,1,1,1,1],[0,1,1,0],[1,0,0,0]]",16,0.15699470839711838
level2_receiver_side_info,126,"[[0,0,0,0,1,1,1,1],[0,1,1,0],[1,0,0,0]]",32,0.1832648102910467
level2_receiver_side_info,127,"[[0,0,0,0,1,1,1,1],[0,1,0,1],[1,1,1,0]]",0,0.0
level2_receiver_side_info,127,"[[0,0,0,0,1,1,1,1],[0,1,0,1],[1,1,1,0]]",1,0.029298145242776408
level2_receiver_side_info,127,"[[0,0,0,0,1,1,1,1],[0,1,0,1],[1,1,1,0]]",2,0.05196690317726649
level2_receiver_side_info,127,"[[0,0,0,0,1,1,1,1],[0,1,0,1],[1,1,1,0]]",4,0.08435950345211596
level2_receiver_side_info,127,"[[0,0,0,0,1,1,1,1],[0,1,0,1],[1,1,1,0]]",8,0.12198650516110154
level2_receiver_side_info,127,"[[0,0,0,0,1,1,1,1],[0,1,0,1],[1,1,1,0]]",16,0.1569947083971185
level2_receiver_side_info,127,"[[0,0,0,0,1,1,1,1],[0,1,0,1],[1,1,1,0]]",32,0.1832648102910467
level2_receiver_side_info,128,"[[0,0,0,0,1,1,1,1],[0,1,0,1],[1,1,0,1]]",0,0.0
level2_receiver_side_info,128,"[[0,0,0,0,1,1,1,1],[0,1,0,1],[1,1,0,1]]",1,0.029298145242776297
level2_receiver_side_info,128,"[[0,0,0,0,1,1,1,1],[0,1,0,1],[1,1,0,1]]",2,0.05196690317726649
level2_receiver_side_info,128,"[[0,0,0,0,1,1,1,1],[0,1,0,1],[1,1,0,1]]",4,0.08435950345211596
level2_receiver_side_info,128,"[[0,0,0,0,1,1,1,1],[0,1,0,1],[1,1,0,1]]",8,0.12198650516110165
level2_receiver_side_info,128,"[[0,0,0,0,1,1,1,1],[0,1,0,1],[1,1,0,1]]",16,0.1569947083971185
level2_receiver_side_info,128,"[[0,0,0,0,1,1,1,1],[0,1,0,1],[1,1,0,1]]",32,0.18326481029104658
level2_receiver_side_info,129,"[[0,0,0,0,1,1,1,1],[0,1,0,1],[1,1,0,0]]",0,0.0
level2_receiver_side_info,129,"[[0,0,0,0,1,1,1,1],[0,1,0,1],[1,1,0,0]]",1,0.11720776068110161
level2_receiver_side_info,129,"[[0,0,0,0,1,1,1,1],[0,1,0,1],[1,1,0,0]]",2,0.2072192699510964
level2_receiver_side_info,129,"[[0,0,0,0,1,1,1,1],[0,1,0,1],[1,1,0,0]]",4,0.3317269506967929
level2_receiver_side_info,129,"[[0,0,0,0,1,1,1,1],[0,1,0,1],[1,1,0,0]]",8,0.46354777908042843
level2_receiver_side_info,129,"[[0,0,0,0,1,1,1,1],[0,1,0,1],[1,1,0,0]]",16,0.5659041459749518
level2_receiver_side_info,129,"[[0,0,0,0,1,1,1,1],[0,1,0,1],[1,1,0,0]]",32,0.627899347459281
level2_receiver_side_info,130,"[[0,0,0,0,1,1,1,1],[0,1,0,1],[1,0,1,1]]",0,0.0
level2_receiver_side_info,130,"[[0,0,0,0,1,1,1,1],[0,1,0,1],[1,0,1,1]]",1,0.029298145242776408
level2_receiver_side_info,130,"[[0,0,0,0,1,1,1,1],[0,1,0,1],[1,0,1,1]]",2,0.05196690317726649
level2_receiver_side_info,130,"[[0,0,0,0,1,1,1,1],[0,1,0,1],[1,0,1,1]]",4,0.08435950345211607
level2_receiver_side_info,130,"[[0,0,0,0,1,1,1,1],[0,1,0,1],[1,0,1,1]]",8,0.12198650516110165
level2_receiver_side_info,130,"[[0,0,0,0,1,1,1,1],[0,1,0,1],[1,0,1,1]]",16,0.15699470839711838
level2_receiver_side_info,130,"[[0,0,0,0,1,1,1,1],[0,1,0,1],[1,0,1,1]]",32,0.1832648102910467
level2_receiver_side_info,131,"[[0,0,0,0,1,1,1,1],[0,1,0,1],[1,0,0,0]]",0,0.0
level2_receiver_side_info,131,"[[0,0,0,0,1,1,1,1],[0,1,0,1],[1,0,0,0]]",1,0.029298145242776408
level2_receiver_side_info,131,"[[0,0,0,0,1,1,1,1],[0,1,0,1],[1,0,0,0]]",2,0.05196690317726649
level2_receiver_side_info,131,"[[0,0,0,0,1,1,1,1],[0,1,0,1],[1,0,0,0]]",4,0.08435950345211607
level2_receiver_side_info,131,"[[0,0,0,0,1,1,1,1],[0,1,0,1],[1,0,0,0]]",8,0.12198650516110165
level2_receiver_side_info,131,"[[0,0,0,0,1,1,1,1],[0,1,0,1],[1,0,0,0]]",16,0.15699470839711838
level2_receiver_side_info,131,"[[0,0,0,0,1,1,1,1],[0,1,0,1],[1,0,0,0]]",32,0.1832648102910467
level2_receiver_side_info,132,"[[0,0,0,1,0,0,0,0],[0,0,0,1],[1,0,1,1]]",0,0.007042719241674045
level2_receiver_side_info,132,"[[0,0,0,1,0,0,0,0],[0,0,0,1],[1,0,1,1]]",1,0.043652143186217685
level2_receiver_side_info,132,"[[0,0,0,1,0,0,0,0],[0,0,0,1],[1,0,1,1]]",2,0.07195128098324621
level2_receiver_side_info,132,"[[0,0,0,1,0,0,0,0],[0,0,0,1],[1,0,1,1]]",4,0.11242296217865766
level2_receiver_side_info,132,"[[0,0,0,1,0,0,0,0],[0,0,0,1],[1,0,1,1]]",8,0.15854956604460907
level2_receiver_side_info,132,"[[0,0,0,1,0,0,0,0],[0,0,0,1],[1,0,1,1]]",16,0.19702626025256342
level2_receiver_side_info,132,"[[0,0,0,1,0,0,0,0],[0,0,0,1],[1,0,1,1]]",32,0.2196961455373196
level2_receiver_side_info,133,"[[0,0,0,1,0,0,0,0],[0,0,1,0],[1,0,1,1]]",0,0.007042719241674045
level2_receiver_side_info,133,"[[0,0,0,1,0,0,0,0],[0,0,1,0],[1,0,1,1]]",1,0.043652143186217685
level2_receiver_side_info,133,"[[0,0,0,1,0,0,0,0],[0,0,1,0],[1,0,1,1]]",2,0.07195128098324621
level2_receiver_side_info,133,"[[0,0,0,1,0,0,0,0],[0,0,1,0],[1,0,1,1]]",4,0.11242296217865766
level2_receiver_side_info,133,"[[0,0,0,1,0,0,0,0],[0,0,1,0],[1,0,1,1]]",8,0.15854956604460907
level2_receiver_side_info,133,"[[0,0,0,1,0,0,0,0],[0,0,1,0],[1,0,1,1]]",16,0.19702626025256348
level2_receiver_side_info,133,"[[0,0,0,1,0,0,0,0],[0,0,1,0],[1,0,1,1]]",32,0.2196961455373196
level2_receiver_side_info,134,"[[0,0,0,1,0,0,0,0],[0,0,1,1],[1,0,1,1]]",0,0.06385320297074876
level2_receiver_side_info,134,"[[0,0,0,1,0,0,0,0],[0,0,1,1],[1,0,1,1]]",1,0.07704682264253404
level2_receiver_side_info,134,"[[0,0,0,1,0,0,0,0],[0,0,1,1],[1,0,1,1]]",2,0.08780218399432077
level2_receiver_side_info,134,"[[0,0,0,1,0,0,0,0],[0,0,1,1],[1,0,1,1]]",4,0.10415228924648534
level2_receiver_side_info,134,"[[0,0,0,1,0,0,0,0],[0,0,1,1],[1,0,1,1]]",8,0.12453241233105772
level2_receiver_side_info,134,"[[0,0,0,1,0,0,0,0],[0,0,1,1],[1,0,1,1]]",16,0.14385004263287587
level2_receiver_side_info,134,"[[0,0,0,1,0,0,0,0],[0,0,1,1],[1,0,1,1]]",32,0.15747949742783532
level2_receiver_side_info,135,"[[0,0,0,1,0,0,0,0],[0,1,0,1],[0,1,0,0]]",0,0.06385320297074881
level2_receiver_side_info,135,"[[0,0,0,1,0,0,0,0],[0,1,0,1],[0,1,0,0]]",1,0.07704682264253404
level2_receiver_side_info,135,"[[0,0,0,1,0,0,0,0],[0,1,0,1],[0,1,0,0]]",2,0.08780218399432077
level2_receiver_side_info,135,"[[0,0,0,1,0,0,0,0],[0,1,0,1],[0,1,0,0]]",4,0.1041522892464854
level2_receiver_side_info,135,"[[0,0,0,1,0,0,0,0],[0,1,0,1],[0,1,0,0]]",8,0.12453241233105772
level2_receiver_side_info,135,"[[0,0,0,1,0,0,0,0],[0,1,0,1],[0,1,0,0]]",16,0.14385004263287587
level2_receiver_side_info,135,"[[0,0,0,1,0,0,0,0],[0,1,0,1],[0,1,0,0]]",32,0.15747949742783532
level2_receiver_side_info,136,"[[0,0,0,1,0,0,0,0],[0,1,1,0],[0,1,0,0]]",0,0.06385320297074876
level2_receiver_side_info,136,"[[0,0,0,1,0,0,0,0],[0,1,1,0],[0,1,0,0]]",1,0.07704682264253404
level2_receiver_side_info,136,"[[0,0,0,1,0,0,0,0],[0,1,1,0],[0,1,0,0]]",2,0.08780218399432077
level2_receiver_side_info,136,"[[0,0,0,1,0,0,0,0],[0,1,1,0],[0,1,0,0]]",4,0.10415228924648534
level2_receiver_side_info,136,"[[0,0,0,1,0,0,0,0],[0,1,1,0],[0,1,0,0]]",8,0.12453241233105772
level2_receiver_side_info,136,"[[0,0,0,1,0,0,0,0],[0,1,1,0],[0,1,0,0]]",16,0.14385004263287587
level2_receiver_side_info,136,"[[0,0,0,1,0,0,0,0],[0,1,1,0],[0,1,0,0]]",32,0.15747949742783532
level2_receiver_side_info,137,"[[0,0,0,1,0,0,0,0],[0,1,1,1],[0,1,0,0]]",0,0.007042719241674045
level2_receiver_side_info,137,"[[0,0,0,1,0,0,0,0],[0,1,1,1],[0,1,0,0]]",1,0.043652143186217685
level2_receiver_side_info,137,"[[0,0,0,1,0,0,0,0],[0,1,1,1],[0,1,0,0]]",2,0.07195128098324621
level2_receiver_side_info,137,"[[0,0,0,1,0,0,0,0],[0,1,1,1],[0,1,0,0]]",4,0.11242296217865766
level2_receiver_side_info,137,"[[0,0,0,1,0,0,0,0],[0,1,1,1],[0,1,0,0]]",8,0.15854956604460907
level2_receiver_side_info,137,"[[0,0,0,1,0,0,0,0],[0,1,1,1],[0,1,0,0]]",16,0.19702626025256342
level2_receiver_side_info,137,"[[0,0,0,1,0,0,0,0],[0,1,1,1],[0,1,0,0]]",32,0.2196961455373196
level2_receiver_side_info,138,"[[0,0,0,1,0,0,0,0],[0,1,1,1],[0,1,0,0]]",0,0.007042719241674045
level2_receiver_side_info,138,"[[0,0,0,1,0,0,0,0],[0,1,1,1],[0,1,0,0]]",1,0.043652143186217685
level2_receiver_side_info,138,"[[0,0,0,1,0,0,0,0],[0,1,1,1],[0,1,0,0]]",2,0.07195128098324621
level2_receiver_side_info,138,"[[0,0,0,1,0,0,0,0],[0,1,1,1],[0,1,0,0]]",4,0.11242296217865766
level2_receiver_side_info,138,"[[0,0,0,1,0,0,0,0],[0,1,1,1],[0,1,0,0]]",8,0.15854956604460907
level2_receiver_side_info,138,"[[0,0,0,1,0,0,0,0],[0,1,1,1],[0,1,0,0]]",16,0.19702626025256342
level2_receiver_side_info,138,"[[0,0,0,1,0,0,0,0],[0,1,1,1],[0,1,0,0]]",32,0.2196961455373196
level2_receiver_side_info,139,"[[0,0,0,1,0,0,0,0],[0,1,1,0],[0,1,0,0]]",0,0.06385320297074876
level2_receiver_side_info,139,"[[0,0,0,1,0,0,0,0],[0,1,1,0],[0,1,0,0]]",1,0.07704682264253404
level2_receiver_side_info,139,"[[0,0,0,1,0,0,0,0],[0,1,1,0],[0,1,0,0]]",2,0.08780218399432077
level2_receiver_side_info,139,"[[0,0,0,1,0,0,0,0],[0,1,1,0],[0,1,0,0]]",4,0.10415228924648534
level2_receiver_side_info,139,"[[0,0,0,1,0,0,0,0],[0,1,1,0],[0,1,0,0]]",8,0.12453241233105772
level2_receiver_side_info,139,"[[0,0,0,1,0,0,0,0],[0,1,1,0],[0,1,0,0]]",16,0.14385004263287587
level2_receiver_side_info,139,"[[0,0,0,1,0,0,0,0],[0,1,1,0],[0,1,0,0]]",32,0.15747949742783532
level2_receiver_side_info,140,"[[0,0,0,1,0,0,0,0],[0,1,0,1],[0,1,0,0]]",0,0.06385320297074881
level2_receiver_side_info,140,"[[0,0,0,1,0,0,0,0],[0,1,0,1],[0,1,0,0]]",1,0.07704682264253404
level2_receiver_side_info,140,"[[0,0,0,1,0,0,0,0],[0,1,0,1],[0,1,0,0]]",2,0.08780218399432077
level2_receiver_side_info,140,"[[0,0,0,1,0,0,0,0],[0,1,0,1],[0,1,0,0]]",4,0.1041522892464854
level2_receiver_side_info,140,"[[0,0,0,1,0,0,0,0],[0,1,0,1],[0,1,0,0]]",8,0.12453241233105772
level2_receiver_side_info,140,"[[0,0,0,1,0,0,0,0],[0,1,0,1],[0,1,0,0]]",16,0.14385004263287587
level2_receiver_side_info,140,"[[0,0,0,1,0,0,0,0],[0,1,0,1],[0,1,0,0]]",32,0.15747949742783532
level2_receiver_side_info,141,"[[0,0,0,1,0,0,0,0],[0,0,1,1],[1,0,1,1]]",0,0.06385320297074876
level2_receiver_side_info,141,"[[0,0,0,1,0,0,0,0],[0,0,1,1],[1,0,1,1]]",1,0.07704682264253404
level2_receiver_side_info,141,"[[0,0,0,1,0,0,0,0],[0,0,1,1],[1,0,1,1]]",2,0.08780218399432077
level2_receiver_side_info,141,"[[0,0,0,1,0,0,0,0],[0,0,1,1],[1,0,1,1]]",4,0.10415228924648534
level2_receiver_side_info,141,"[[0,0,0,1,0,0,0,0],[0,0,1,1],[1,0,1,1]]",8,0.12453241233105772
level2_receiver_side_info,141,"[[0,0,0,1,0,0,0,0],[0,0,1,1],[1,0,1,1]]",16,0.14385004263287587
level2_receiver_side_info,141,"[[0,0,0,1,0,0,0,0],[0,0,1,1],[1,0,1,1]]",32,0.15747949742783532
level2_receiver_side_info,142,"[[0,0,0,1,0,0,0,0],[0,0,1,0],[1,0,1,1]]",0,0.007042719241674045
level2_receiver_side_info,142,"[[0,0,0,1,0,0,0,0],[0,0,1,0],[1,0,1,1]]",1,0.043652143186217685
level2_receiver_side_info,142,"[[0,0,0,1,0,0,0,0],[0,0,1,0],[1,0,1,1]]",2,0.07195128098324621
level2_receiver_side_info,142,"[[0,0,0,1,0,0,0,0],[0,0,1,0],[1,0,1,1]]",4,0.11242296217865766
level2_receiver_side_info,142,"[[0,0,0,1,0,0,0,0],[0,0,1,0],[1,0,1,1]]",8,0.15854956604460907
level2_receiver_side_info,142,"[[0,0,0,1,0,0,0,0],[0,0,1,0],[1,0,1,1]]",16,0.19702626025256348
level2_receiver_side_info,142,"[[0,0,0,1,0,0,0,0],[0,0,1,0],[1,0,1,1]]",32,0.2196961455373196
level2_receiver_side_info,143,"[[0,0,0,1,0,0,0,0],[0,0,0,1],[1,0,1,1]]",0,0.007042719241674045
level2_receiver_side_info,143,"[[0,0,0,1,0,0,0,0],[0,0,0,1],[1,0,1,1]]",1,0.043652143186217685
level2_receiver_side_info,143,"[[0,0,0,1,0,0,0,0],[0,0,0,1],[1,0,1,1]]",2,0.07195128098324621
level2_receiver_side_info,143,"[[0,0,0,1,0,0,0,0],[0,0,0,1],[1,0,1,1]]",4,0.11242296217865766
level2_receiver_side_info,143,"[[0,0,0,1,0,0,0,0],[0,0,0,1],[1,0,1,1]]",8,0.15854956604460907
level2_receiver_side_info,143,"[[0,0,0,1,0,0,0,0],[0,0,0,1],[1,0,1,1]]",16,0.19702626025256342
level2_receiver_side_info,143,"[[0,0,0,1,0,0,0,0],[0,0,0,1],[1,0,1,1]]",32,0.2196961455373196
level2_receiver_side_info,144,"[[0,0,0,1,0,0,0,1],[0,0,1,1],[0,0,0,1]]",0,0.0
level2_receiver_side_info,144,"[[0,0,0,1,0,0,0,1],[0,0,1,1],[0,0,0,1]]",1,0.01621124580150446
level2_receiver_side_info,144,"[[0,0,0,1,0,0,0,1],[0,0,1,1],[0,0,0,1]]",2,0.028533198169706342
level2_receiver_side_info,144,"[[0,0,0,1,0,0,0,1],[0,0,1,1],[0,0,0,1]]",4,0.0456971587074495
level2_receiver_side_info,144,"[[0,0,0,1,0,0,0,1],[0,0,1,1],[0,0,0,1]]",8,0.0647237743260059
level2_receiver_side_info,144,"[[0,0,0,1,0,0,0,1],[0,0,1,1],[0,0,0,1]]",16,0.08128352549864837
level2_receiver_side_info,144,"[[0,0,0,1,0,0,0,1],[0,0,1,1],[0,0,0,1]]",32,0.09305028484361938
level2_receiver_side_info,145,"[[0,0,0,1,0,0,0,1],[0,0,1,1],[0,0,1,0]]",0,0.0
level2_receiver_side_info,145,"[[0,0,0,1,0,0,0,1],[0,0,1,1],[0,0,1,0]]",1,0.01621124580150446
level2_receiver_side_info,145,"[[0,0,0,1,0,0,0,1],[0,0,1,1],[0,0,1,0]]",2,0.028533198169706342
level2_receiver_side_info,145,"[[0,0,0,1,0,0,0,1],[0,0,1,1],[0,0,1,0]]",4,0.045697158707449614
level2_receiver_side_info,145,"[[0,0,0,1,0,0,0,1],[0,0,1,1],[0,0,1,0]]",8,0.0647237743260059
level2_receiver_side_info,145,"[[0,0,0,1,0,0,0,1],[0,0,1,1],[0,0,1,0]]",16,0.08128352549864842
level2_receiver_side_info,145,"[[0,0,0,1,0,0,0,1],[0,0,1,1],[0,0,1,0]]",32,0.09305028484361932
level2_receiver_side_info,146,"[[0,0,0,1,0,0,0,1],[0,0,1,1],[0,1,0,0]]",0,0.0
level2_receiver_side_info,146,"[[0,0,0,1,0,0,0,1],[0,0,1,1],[0,1,0,0]]",1,0.01621124580150446
level2_receiver_side_info,146,"[[0,0,0,1,0,0,0,1],[0,0,1,1],[0,1,0,0]]",2,0.028533198169706286
level2_receiver_side_info,146,"[[0,0,0,1,0,0,0,1],[0,0,1,1],[0,1,0,0]]",4,0.04569715870744956
level2_receiver_side_info,146,"[[0,0,0,1,0,0,0,1],[0,0,1,1],[0,1,0,0]]",8,0.0647237743260059
level2_receiver_side_info,146,"[[0,0,0,1,0,0,0,1],[0,0,1,1],[0,1,0,0]]",16,0.08128352549864842
level2_receiver_side_info,146,"[[0,0,0,1,0,0,0,1],[0,0,1,1],[0,1,0,0]]",32,0.09305028484361938
level2_receiver_side_info,147,"[[0,0,0,1,0,0,0,1],[0,0,1,1],[0,1,0,1]]",0,0.0
level2_receiver_side_info,147,"[[0,0,0,1,0,0,0,1],[0,0,1,1],[0,1,0,1]]",1,0.05860388034055081
level2_receiver_side_info,147,"[[0,0,0,1,0,0,0,1],[0,0,1,1],[0,1,0,1]]",2,0.10360963497554826
level2_receiver_side_info,147,"[[0,0,0,1,0,0,0,1],[0,0,1,1],[0,1,0,1]]",4,0.16586347534839643
level2_receiver_side_info,147,"[[0,0,0,1,0,0,0,1],[0,0,1,1],[0,1,0,1]]",8,0.23177388954021425
level2_receiver_side_info,147,"[[0,0,0,1,0,0,0,1],[0,0,1,1],[0,1,0,1]]",16,0.2829520729874759
level2_receiver_side_info,147,"[[0,0,0,1,0,0,0,1],[0,0,1,1],[0,1,0,1]]",32,0.3139496737296405
level2_receiver_side_info,148,"[[0,0,0,1,0,0,0,1],[0,0,1,1],[0,1,1,1]]",0,0.0
level2_receiver_side_info,148,"[[0,0,0,1,0,0,0,1],[0,0,1,1],[0,1,1,1]]",1,0.01621124580150446
level2_receiver_side_info,148,"[[0,0,0,1,0,0,0,1],[0,0,1,1],[0,1,1,1]]",2,0.028533198169706286
level2_receiver_side_info,148,"[[0,0,0,1,0,0,0,1],[0,0,1,1],[0,1,1,1]]",4,0.0456971587074495
level2_receiver_side_info,148,"[[0,0,0,1,0,0,0,1],[0,0,1,1],[0,1,1,1]]",8,0.0647237743260059
level2_receiver_side_info,148,"[[0,0,0,1,0,0,0,1],[0,0,1,1],[0,1,1,1]]",16,0.08128352549864842
level2_receiver_side_info,148,"[[0,0,0,1,0,0,0,1],[0,0,1,1],[0,1,1,1]]",32,0.09305028484361938
level2_receiver_side_info,149,"[[0,0,0,1,0,0,0,1],[0,1,1,0],[0,0,0,1]]",0,0.0
level2_receiver_side_info,149,"[[0,0,0,1,0,0,0,1],[0,1,1,0],[0,0,0,1]]",1,0.01621124580150446
level2_receiver_side_info,149,"[[0,0,0,1,0,0,0,1],[0,1,1,0],[0,0,0,1]]",2,0.028533198169706342
level2_receiver_side_info,149,"[[0,0,0,1,0,0,0,1],[0,1,1,0],[0,0,0,1]]",4,0.0456971587074495
level2_receiver_side_info,149,"[[0,0,0,1,0,0,0,1],[0,1,1,0],[0,0,0,1]]",8,0.0647237743260059
level2_receiver_side_info,149,"[[0,0,0,1,0,0,0,1],[0,1,1,0],[0,0,0,1]]",16,0.08128352549864837
level2_receiver_side_info,149,"[[0,0,0,1,0,0,0,1],[0,1,1,0],[0,0,0,1]]",32,0.09305028484361938
level2_receiver_side_info,150,"[[0,0,0,1,0,0,0,1],[0,1,1,0],[0,0,1,0]]",0,0.0
level2_receiver_side_info,150,"[[0,0,0,1,0,0,0,1],[0,1,1,0],[0,0,1,0]]",1,0.01621124580150446
level2_receiver_side_info,150,"[[0,0,0,1,0,0,0,1],[0,1,1,0],[0,0,1,0]]",2,0.028533198169706342
level2_receiver_side_info,150,"[[0,0,0,1,0,0,0,1],[0,1,1,0],[0,0,1,0]]",4,0.045697158707449614
level2_receiver_side_info,150,"[[0,0,0,1,0,0,0,1],[0,1,1,0],[0,0,1,0]]",8,0.0647237743260059
level2_receiver_side_info,150,"[[0,0,0,1,0,0,0,1],[0,1,1,0],[0,0,1,0]]",16,0.08128352549864842
level2_receiver_side_info,150,"[[0,0,0,1,0,0,0,1],[0,1,1,0],[0,0,1,0]]",32,0.09305028484361932
level2_receiver_side_info,151,"[[0,0,0,1,0,0,0,1],[0,1,1,0],[0,1,0,0]]",0,0.0
level2_receiver_side_info,151,"[[0,0,0,1,0,0,0,1],[0,1,1,0],[0,1,0,0]]",1,0.01621124580150446
level2_receiver_side_info,151,"[[0,0,0,1,0,0,0,1],[0,1,1,0],[0,1,0,0]]",2,0.028533198169706286
level2_receiver_side_info,151,"[[0,0,0,1,0,0,0,1],[0,1,1,0],[0,1,0,0]]",4,0.04569715870744956
level2_receiver_side_info,151,"[[0,0,0,1,0,0,0,1],[0,1,1,0],[0,1,0,0]]",8,0.0647237743260059
level2_receiver_side_info,151,"[[0,0,0,1,0,0,0,1],[0,1,1,0],[0,1,0,0]]",16,0.08128352549864842
level2_receiver_side_info,151,"[[0,0,0,1,0,0,0,1],[0,1,1,0],[0,1,0,0]]",32,0.09305028484361938
level2_receiver_side_info,152,"[[0,0,0,1,0,0,0,1],[0,1,1,0],[0,1,0,1]]",0,0.0
level2_receiver_side_info,152,"[[0,0,0,1,0,0,0,1],[0,1,1,0],[0,1,0,1]]",1,0.05860388034055081
level2_receiver_side_info,152,"[[0,0,0,1,0,0,0,1],[0,1,1,0],[0,1,0,1]]",2,0.10360963497554826
level2_receiver_side_info,152,"[[0,0,0,1,0,0,0,1],[0,1,1,0],[0,1,0,1]]",4,0.16586347534839643
level2_receiver_side_info,152,"[[0,0,0,1,0,0,0,1],[0,1,1,0],[0,1,0,1]]",8,0.23177388954021425
level2_receiver_side_info,152,"[[0,0,0,1,0,0,0,1],[0,1,1,0],[0,1,0,1]]",16,0.2829520729874759
level2_receiver_side_info,152,"[[0,0,0,1,0,0,0,1],[0,1,1,0],[0,1,0,1]]",32,0.3139496737296405
level2_receiver_side_info,153,"[[0,0,0,1,0,0,0,1],[0,1,1,0],[0,1,1,1]]",0,0.0
level2_receiver_side_info,153,"[[0,0,0,1,0,0,0,1],[0,1,1,0],[0,1,1,1]]",1,0.01621124580150446
level2_receiver_side_info,153,"[[0,0,0,1,0,0,0,1],[0,1,1,0],[0,1,1,1]]",2,0.028533198169706286
level2_receiver_side_info,153,"[[0,0,0,1,0,0,0,1],[0,1,1,0],[0,1,1,1]]",4,0.0456971587074495
level2_receiver_side_info,153,"[[0,0,0,1,0,0,0,1],[0,1,1,0],[0,1,1,1]]",8,0.0647237743260059
level2_receiver_side_info,153,"[[0,0,0,1,0,0,0,1],[0,1,1,0],[0,1,1,1]]",16,0.08128352549864842
level2_receiver_side_info,153,"[[0,0,0,1,0,0,0,1],[0,1,1,0],[0,1,1,1]]",32,0.09305028484361938
level2_receiver_side_info,154,"[[0,0,0,1,0,0,0,1],[0,1,1,0],[1,1,1,0]]",0,0.0
level2_receiver_side_info,154,"[[0,0,0,1,0,0,0,1],[0,1,1,0],[1,1,1,0]]",1,0.01621124580150446
level2_receiver_side_info,154,"[[0,0,0,1,0,0,0,1],[0,1,1,0],[1,1,1,0]]",2,0.028533198169706342
level2_receiver_side_info,154,"[[0,0,0,1,0,0,0,1],[0,1,1,0],[1,1,1,0]]",4,0.0456971587074495
level2_receiver_side_info,154,"[[0,0,0,1,0,0,0,1],[0,1,1,0],[1,1,1,0]]",8,0.0647237743260059
level2_receiver_side_info,154,"[[0,0,0,1,0,0,0,1],[0,1,1,0],[1,1,1,0]]",16,0.08128352549864837
level2_receiver_side_info,154,"[[0,0,0,1,0,0,0,1],[0,1,1,0],[1,1,1,0]]",32,0.09305028484361938
level2_receiver_side_info,155,"[[0,0,0,1,0,0,0,1],[0,1,1,0],[1,1,0,1]]",0,0.0
level2_receiver_side_info,155,"[[0,0,0,1,0,0,0,1],[0,1,1,0],[1,1,0,1]]",1,0.01621124580150446
level2_receiver_side_info,155,"[[0,0,0,1,0,0,0,1],[0,1,1,0],[1,1,0,1]]",2,0.028533198169706342
level2_receiver_side_info,155,"[[0,0,0,1,0,0,0,1],[0,1,1,0],[1,1,0,1]]",4,0.045697158707449614
level2_receiver_side_info,155,"[[0,0,0,1,0,0,0,1],[0,1,1,0],[1,1,0,1]]",8,0.0647237743260059
level2_receiver_side_info,155,"[[0,0,0,1,0,0,0,1],[0,1,1,0],[1,1,0,1]]",16,0.08128352549864842
level2_receiver_side_info,155,"[[0,0,0,1,0,0,0,1],[0,1,1,0],[1,1,0,1]]",32,0.09305028484361932
level2_receiver_side_info,156,"[[0,0,0,1,0,0,0,1],[0,1,1,0],[1,0,1,1]]",0,0.0
level2_receiver_side_info,156,"[[0,0,0,1,0,0,0,1],[0,1,1,0],[1,0,1,1]]",1,0.01621124580150446
level2_receiver_side_info,156,"[[0,0,0,1,0,0,0,1],[0,1,1,0],[1,0,1,1]]",2,0.028533198169706286
level2_receiver_side_info,156,"[[0,0,0,1,0,0,0,1],[0,1,1,0],[1,0,1,1]]",4,0.04569715870744956
level2_receiver_side_info,156,"[[0,0,0,1,0,0,0,1],[0,1,1,0],[1,0,1,1]]",8,0.0647237743260059
level2_receiver_side_info,156,"[[0,0,0,1,0,0,0,1],[0,1,1,0],[1,0,1,1]]",16,0.08128352549864842
level2_receiver_side_info,156,"[[0,0,0,1,0,0,0,1],[0,1,1,0],[1,0,1,1]]",32,0.09305028484361938
level2_receiver_side_info,157,"[[0,0,0,1,0,0,0,1],[0,1,1,0],[1,0,1,0]]",0,0.0
level2_receiver_side_info,157,"[[0,0,0,1,0,0,0,1],[0,1,1,0],[1,0,1,0]]",1,0.05860388034055081
level2_receiver_side_info,157,"[[0,0,0,1,0,0,0,1],[0,1,1,0],[1,0,1,0]]",2,0.10360963497554826
level2_receiver_side_info,157,"[[0,0,0,1,0,0,0,1],[0,1,1,0],[1,0,1,0]]",4,0.16586347534839643
level2_receiver_side_info,157,"[[0,0,0,1,0,0,0,1],[0,1,1,0],[1,0,1,0]]",8,0.23177388954021425
level2_receiver_side_info,157,"[[0,0,0,1,0,0,0,1],[0,1,1,0],[1,0,1,0]]",16,0.2829520729874759
level2_receiver_side_info,157,"[[0,0,0,1,0,0,0,1],[0,1,1,0],[1,0,1,0]]",32,0.3139496737296405
level2_receiver_side_info,158,"[[0,0,0,1,0,0,0,1],[0,1,1,0],[1,0,0,0]]",0,0.0
level2_receiver_side_info,158,"[[0,0,0,1,0,0,0,1],[0,1,1,0],[1,0,0,0]]",1,0.01621124580150446
level2_receiver_side_info,158,"[[0,0,0,1,0,0,0,1],[0,1,1,0],[1,0,0,0]]",2,0.028533198169706286
level2_receiver_side_info,158,"[[0,0,0,1,0,0,0,1],[0,1,1,0],[1,0,0,0]]",4,0.0456971587074495
level2_receiver_side_info,158,"[[0,0,0,1,0,0,0,1],[0,1,1,0],[1,0,0,0]]",8,0.0647237743260059
level2_receiver_side_info,158,"[[0,0,0,1,0,0,0,1],[0,1,1,0],[1,0,0,0]]",16,0.08128352549864842
level2_receiver_side_info,158,"[[0,0,0,1,0,0,0,1],[0,1,1,0],[1,0,0,0]]",32,0.09305028484361938
level2_receiver_side_info,159,"[[0,0,0,1,0,0,0,1],[0,0,1,1],[1,1,1,0]]",0,0.0
level2_receiver_side_info,159,"[[0,0,0,1,0,0,0,1],[0,0,1,1],[1,1,1,0]]",1,0.01621124580150446
level2_receiver_side_info,159,"[[0,0,0,1,0,0,0,1],[0,0,1,1],[1,1,1,0]]",2,0.028533198169706342
level2_receiver_side_info,159,"[[0,0,0,1,0,0,0,1],[0,0,1,1],[1,1,1,0]]",4,0.0456971587074495
level2_receiver_side_info,159,"[[0,0,0,1,0,0,0,1],[0,0,1,1],[1,1,1,0]]",8,0.0647237743260059
level2_receiver_side_info,159,"[[0,0,0,1,0,0,0,1],[0,0,1,1],[1,1,1,0]]",16,0.08128352549864837
level2_receiver_side_info,159,"[[0,0,0,1,0,0,0,1],[0,0,1,1],[1,1,1,0]]",32,0.09305028484361938
level2_receiver_side_info,160,"[[0,0,0,1,0,0,0,1],[0,0,1,1],[1,1,0,1]]",0,0.0
level2_receiver_side_info,160,"[[0,0,0,1,0,0,0,1],[0,0,1,1],[1,1,0,1]]",1,0.01621124580150446
level2_receiver_side_info,160,"[[0,0,0,1,0,0,0,1],[0,0,1,1],[1,1,0,1]]",2,0.028533198169706342
level2_receiver_side_info,160,"[[0,0,0,1,0,0,0,1],[0,0,1,1],[1,1,0,1]]",4,0.045697158707449614
level2_receiver_side_info,160,"[[0,0,0,1,0,0,0,1],[0,0,1,1],[1,1,0,1]]",8,0.0647237743260059
level2_receiver_side_info,160,"[[0,0,0,1,0,0,0,1],[0,0,1,1],[1,1,0,1]]",16,0.08128352549864842
level2_receiver_side_info,160,"[[0,0,0,1,0,0,0,1],[0,0,1,1],[1,1,0,1]]",32,0.09305028484361932
level2_receiver_side_info,161,"[[0,0,0,1,0,0,0,1],[0,0,1,1],[1,0,1,1]]",0,0.0
level2_receiver_side_info,161,"[[0,0,0,1,0,0,0,1],[0,0,1,1],[1,0,1,1]]",1,0.01621124580150446
level2_receiver_side_info,161,"[[0,0,0,1,0,0,0,1],[0,0,1,1],[1,0,1,1]]",2,0.028533198169706286
level2_receiver_side_info,161,"[[0,0,0,1,0,0,0,1],[0,0,1,1],[1,0,1,1]]",4,0.04569715870744956
level2_receiver_side_info,161,"[[0,0,0,1,0,0,0,1],[0,0,1,1],[1,0,1,1]]",8,0.0647237743260059
level2_receiver_side_info,161,"[[0,0,0,1,0,0,0,1],[0,0,1,1],[1,0,1,1]]",16,0.08128352549864842
level2_receiver_side_info,161,"[[0,0,0,1,0,0,0,1],[0,0,1,1],[1,0,1,1]]",32,0.09305028484361938
level2_receiver_side_info,162,"[[0,0,0,1,0,0,0,1],[0,0,1,1],[1,0,1,0]]",0,0.0
level2_receiver_side_info,162,"[[0,0,0,1,0,0,0,1],[0,0,1,1],[1,0,1,0]]",1,0.05860388034055081
level2_receiver_side_info,162,"[[0,0,0,1,0,0,0,1],[0,0,1,1],[1,0,1,0]]",2,0.10360963497554826
level2_receiver_side_info,162,"[[0,0,0,1,0,0,0,1],[0,0,1,1],[1,0,1,0]]",4,0.16586347534839643
level2_receiver_side_info,162,"[[0,0,0,1,0,0,0,1],[0,0,1,1],[1,0,1,0]]",8,0.23177388954021425
level2_receiver_side_info,162,"[[0,0,0,1,0,0,0,1],[0,0,1,1],[1,0,1,0]]",16,0.2829520729874759
level2_receiver_side_info,162,"[[0,0,0,1,0,0,0,1],[0,0,1,1],[1,0,1,0]]",32,0.3139496737296405
level2_receiver_side_info,163,"[[0,0,0,1,0,0,0,1],[0,0,1,1],[1,0,0,0]]",0,0.0
level2_receiver_side_info,163,"[[0,0,0,1,0,0,0,1],[0,0,1,1],[1,0,0,0]]",1,0.01621124580150446
level2_receiver_side_info,163,"[[0,0,0,1,0,0,0,1],[0,0,1,1],[1,0,0,0]]",2,0.028533198169706286
level2_receiver_side_info,163,"[[0,0,0,1,0,0,0,1],[0,0,1,1],[1,0,0,0]]",4,0.0456971587074495
level2_receiver_side_info,163,"[[0,0,0,1,0,0,0,1],[0,0,1,1],[1,0,0,0]]",8,0.0647237743260059
level2_receiver_side_info,163,"[[0,0,0,1,0,0,0,1],[0,0,1,1],[1,0,0,0]]",16,0.08128352549864842
level2_receiver_side_info,163,"[[0,0,0,1,0,0,0,1],[0,0,1,1],[1,0,0,0]]",32,0.09305028484361938
level2_receiver_side_info,164,"[[0,0,0,1,0,1,0,0],[0,0,1,1],[0,0,0,1]]",0,0.0
level2_receiver_side_info,164,"[[0,0,0,1,0,1,0,0],[0,0,1,1],[0,0,0,1]]",1,0.01621124580150446
level2_receiver_side_info,164,"[[0,0,0,1,0,1,0,0],[0,0,1,1],[0,0,0,1]]",2,0.028533198169706342
level2_receiver_side_info,164,"[[0,0,0,1,0,1,0,0],[0,0,1,1],[0,0,0,1]]",4,0.0456971587074495
level2_receiver_side_info,164,"[[0,0,0,1,0,1,0,0],[0,0,1,1],[0,0,0,1]]",8,0.0647237743260059
level2_receiver_side_info,164,"[[0,0,0,1,0,1,0,0],[0,0,1,1],[0,0,0,1]]",16,0.08128352549864837
level2_receiver_side_info,164,"[[0,0,0,1,0,1,0,0],[0,0,1,1],[0,0,0,1]]",32,0.09305028484361938
level2_receiver_side_info,165,"[[0,0,0,1,0,1,0,0],[0,0,1,1],[0,0,1,0]]",0,0.0
level2_receiver_side_info,165,"[[0,0,0,1,0,1,0,0],[0,0,1,1],[0,0,1,0]]",1,0.01621124580150446
level2_receiver_side_info,165,"[[0,0,0,1,0,1,0,0],[0,0,1,1],[0,0,1,0]]",2,0.028533198169706342
level2_receiver_side_info,165,"[[0,0,0,1,0,1,0,0],[0,0,1,1],[0,0,1,0]]",4,0.045697158707449614
level2_receiver_side_info,165,"[[0,0,0,1,0,1,0,0],[0,0,1,1],[0,0,1,0]]",8,0.0647237743260059
level2_receiver_side_info,165,"[[0,0,0,1,0,1,0,0],[0,0,1,1],[0,0,1,0]]",16,0.08128352549864842
level2_receiver_side_info,165,"[[0,0,0,1,0,1,0,0],[0,0,1,1],[0,0,1,0]]",32,0.09305028484361932
level2_receiver_side_info,166,"[[0,0,0,1,0,1,0,0],[0,0,1,1],[0,1,0,0]]",0,0.0
level2_receiver_side_info,166,"[[0,0,0,1,0,1,0,0],[0,0,1,1],[0,1,0,0]]",1,0.01621124580150446
level2_receiver_side_info,166,"[[0,0,0,1,0,1,0,0],[0,0,1,1],[0,1,0,0]]",2,0.028533198169706286
level2_receiver_side_info,166,"[[0,0,0,1,0,1,0,0],[0,0,1,1],[0,1,0,0]]",4,0.0456971587074495
level2_receiver_side_info,166,"[[0,0,0,1,0,1,0,0],[0,0,1,1],[0,1,0,0]]",8,0.0647237743260059
level2_receiver_side_info,166,"[[0,0,0,1,0,1,0,0],[0,0,1,1],[0,1,0,0]]",16,0.08128352549864842
level2_receiver_side_info,166,"[[0,0,0,1,0,1,0,0],[0,0,1,1],[0,1,0,0]]",32,0.09305028484361938
level2_receiver_side_info,167,"[[0,0,0,1,0,1,0,0],[0,0,1,1],[0,1,1,0]]",0,0.0
level2_receiver_side_info,167,"[[0,0,0,1,0,1,0,0],[0,0,1,1],[0,1,1,0]]",1,0.05860388034055081
level2_receiver_side_info,167,"[[0,0,0,1,0,1,0,0],[0,0,1,1],[0,1,1,0]]",2,0.10360963497554826
level2_receiver_side_info,167,"[[0,0,0,1,0,1,0,0],[0,0,1,1],[0,1,1,0]]",4,0.16586347534839643
level2_receiver_side_info,167,"[[0,0,0,1,0,1,0,0],[0,0,1,1],[0,1,1,0]]",8,0.23177388954021425
level2_receiver_side_info,167,"[[0,0,0,1,0,1,0,0],[0,0,1,1],[0,1,1,0]]",16,0.2829520729874759
level2_receiver_side_info,167,"[[0,0,0,1,0,1,0,0],[0,0,1,1],[0,1,1,0]]",32,0.3139496737296405
level2_receiver_side_info,168,"[[0,0,0,1,0,1,0,0],[0,0,1,1],[0,1,1,1]]",0,0.0
level2_receiver_side_info,168,"[[0,0,0,1,0,1,0,0],[0,0,1,1],[0,1,1,1]]",1,0.01621124580150446
level2_receiver_side_info,168,"[[0,0,0,1,0,1,0,0],[0,0,1,1],[0,1,1,1]]",2,0.028533198169706286
level2_receiver_side_info,168,"[[0,0,0,1,0,1,0,0],[0,0,1,1],[0,1,1,1]]",4,0.04569715870744956
level2_receiver_side_info,168,"[[0,0,0,1,0,1,0,0],[0,0,1,1],[0,1,1,1]]",8,0.0647237743260059
level2_receiver_side_info,168,"[[0,0,0,1,0,1,0,0],[0,0,1,1],[0,1,1,1]]",16,0.08128352549864842
level2_receiver_side_info,168,"[[0,0,0,1,0,1,0,0],[0,0,1,1],[0,1,1,1]]",32,0.09305028484361938
level2_receiver_side_info,169,"[[0,0,0,1,0,1,0,0],[0,1,0,1],[0,0,0,1]]",0,0.0
level2_receiver_side_info,169,"[[0,0,0,1,0,1,0,0],[0,1,0,1],[0,0,0,1]]",1,0.01621124580150446
level2_receiver_side_info,169,"[[0,0,0,1,0,1,0,0],[0,1,0,1],[0,0,0,1]]",2,0.028533198169706342
level2_receiver_side_info,169,"[[0,0,0,1,0,1,0,0],[0,1,0,1],[0,0,0,1]]",4,0.0456971587074495
level2_receiver_side_info,169,"[[0,0,0,1,0,1,0,0],[0,1,0,1],[0,0,0,1]]",8,0.0647237743260059
level2_receiver_side_info,169,"[[0,0,0,1,0,1,0,0],[0,1,0,1],[0,0,0,1]]",16,0.08128352549864837
level2_receiver_side_info,169,"[[0,0,0,1,0,1,0,0],[0,1,0,1],[0,0,0,1]]",32,0.09305028484361938
level2_receiver_side_info,170,"[[0,0,0,1,0,1,0,0],[0,1,0,1],[0,0,1,0]]",0,0.0
level2_receiver_side_info,170,"[[0,0,0,1,0,1,0,0],[0,1,0,1],[0,0,1,0]]",1,0.01621124580150446
level2_receiver_side_info,170,"[[0,0,0,1,0,1,0,0],[0,1,0,1],[0,0,1,0]]",2,0.028533198169706342
level2_receiver_side_info,170,"[[0,0,0,1,0,1,0,0],[0,1,0,1],[0,0,1,0]]",4,0.045697158707449614
level2_receiver_side_info,170,"[[0,0,0,1,0,1,0,0],[0,1,0,1],[0,0,1,0]]",8,0.0647237743260059
level2_receiver_side_info,170,"[[0,0,0,1,0,1,0,0],[0,1,0,1],[0,0,1,0]]",16,0.08128352549864842
level2_receiver_side_info,170,"[[0,0,0,1,0,1,0,0],[0,1,0,1],[0,0,1,0]]",32,0.09305028484361932
level2_receiver_side_info,171,"[[0,0,0,1,0,1,0,0],[0,1,0,1],[0,1,0,0]]",0,0.0
level2_receiver_side_info,171,"[[0,0,0,1,0,1,0,0],[0,1,0,1],[0,1,0,0]]",1,0.01621124580150446
level2_receiver_side_info,171,"[[0,0,0,1,0,1,0,0],[0,1,0,1],[0,1,0,0]]",2,0.028533198169706286
level2_receiver_side_info,171,"[[0,0,0,1,0,1,0,0],[0,1,0,1],[0,1,0,0]]",4,0.0456971587074495
level2_receiver_side_info,171,"[[0,0,0,1,0,1,0,0],[0,1,0,1],[0,1,0,0]]",8,0.0647237743260059
level2_receiver_side_info,171,"[[0,0,0,1,0,1,0,0],[0,1,0,1],[0,1,0,0]]",16,0.08128352549864842
level2_receiver_side_info,171,"[[0,0,0,1,0,1,0,0],[0,1,0,1],[0,1,0,0]]",32,0.09305028484361938
level2_receiver_side_info,172,"[[0,0,0,1,0,1,0,0],[0,1,0,1],[0,1,1,0]]",0,0.0
level2_receiver_side_info,172,"[[0,0,0,1,0,1,0,0],[0,1,0,1],[0,1,1,0]]",1,0.05860388034055081
level2_receiver_side_info,172,"[[0,0,0,1,0,1,0,0],[0,1,0,1],[0,1,1,0]]",2,0.10360963497554826
level2_receiver_side_info,172,"[[0,0,0,1,0,1,0,0],[0,1,0,1],[0,1,1,0]]",4,0.16586347534839643
level2_receiver_side_info,172,"[[0,0,0,1,0,1,0,0],[0,1,0,1],[0,1,1,0]]",8,0.23177388954021425
level2_receiver_side_info,172,"[[0,0,0,1,0,1,0,0],[0,1,0,1],[0,1,1,0]]",16,0.2829520729874759
level2_receiver_side_info,172,"[[0,0,0,1,0,1,0,0],[0,1,0,1],[0,1,1,0]]",32,0.3139496737296405
level2_receiver_side_info,173,"[[0,0,0,1,0,1,0,0],[0,1,0,1],[0,1,1,1]]",0,0.0
level2_receiver_side_info,173,"[[0,0,0,1,0,1,0,0],[0,1,0,1],[0,1,1,1]]",1,0.01621124580150446
level2_receiver_side_info,173,"[[0,0,0,1,0,1,0,0],[0,1,0,1],[0,1,1,1]]",2,0.028533198169706286
level2_receiver_side_info,173,"[[0,0,0,1,0,1,0,0],[0,1,0,1],[0,1,1,1]]",4,0.04569715870744956
level2_receiver_side_info,173,"[[0,0,0,1,0,1,0,0],[0,1,0,1],[0,1,1,1]]",8,0.0647237743260059
level2_receiver_side_info,173,"[[0,0,0,1,0,1,0,0],[0,1,0,1],[0,1,1,1]]",16,0.08128352549864842
level2_receiver_side_info,173,"[[0,0,0,1,0,1,0,0],[0,1,0,1],[0,1,1,1]]",32,0.09305028484361938
level2_receiver_side_info,174,"[[0,0,0,1,0,1,0,0],[0,1,0,1],[1,1,1,0]]",0,0.0
level2_receiver_side_info,174,"[[0,0,0,1,0,1,0,0],[0,1,0,1],[1,1,1,0]]",1,0.01621124580150446
level2_receiver_side_info,174,"[[0,0,0,1,0,1,0,0],[0,1,0,1],[1,1,1,0]]",2,0.028533198169706342
level2_receiver_side_info,174,"[[0,0,0,1,0,1,0,0],[0,1,0,1],[1,1,1,0]]",4,0.0456971587074495
level2_receiver_side_info,174,"[[0,0,0,1,0,1,0,0],[0,1,0,1],[1,1,1,0]]",8,0.0647237743260059
level2_receiver_side_info,174,"[[0,0,0,1,0,1,0,0],[0,1,0,1],[1,1,1,0]]",16,0.08128352549864837
level2_receiver_side_info,174,"[[0,0,0,1,0,1,0,0],[0,1,0,1],[1,1,1,0]]",32,0.09305028484361938
level2_receiver_side_info,175,"[[0,0,0,1,0,1,0,0],[0,1,0,1],[1,1,0,1]]",0,0.0
level2_receiver_side_info,175,"[[0,0,0,1,0,1,0,0],[0,1,0,1],[1,1,0,1]]",1,0.01621124580150446
level2_receiver_side_info,175,"[[0,0,0,1,0,1,0,0],[0,1,0,1],[1,1,0,1]]",2,0.028533198169706342
level2_receiver_side_info,175,"[[0,0,0,1,0,1,0,0],[0,1,0,1],[1,1,0,1]]",4,0.045697158707449614
level2_receiver_side_info,175,"[[0,0,0,1,0,1,0,0],[0,1,0,1],[1,1,0,1]]",8,0.0647237743260059
level2_receiver_side_info,175,"[[0,0,0,1,0,1,0,0],[0,1,0,1],[1,1,0,1]]",16,0.08128352549864842
level2_receiver_side_info,175,"[[0,0,0,1,0,1,0,0],[0,1,0,1],[1,1,0,1]]",32,0.09305028484361932
level2_receiver_side_info,176,"[[0,0,0,1,0,1,0,0],[0,1,0,1],[1,0,1,1]]",0,0.0
level2_receiver_side_info,176,"[[0,0,0,1,0,1,0,0],[0,1,0,1],[1,0,1,1]]",1,0.01621124580150446
level2_receiver_side_info,176,"[[0,0,0,1,0,1,0,0],[0,1,0,1],[1,0,1,1]]",2,0.028533198169706286
level2_receiver_side_info,176,"[[0,0,0,1,0,1,0,0],[0,1,0,1],[1,0,1,1]]",4,0.0456971587074495
level2_receiver_side_info,176,"[[0,0,0,1,0,1,0,0],[0,1,0,1],[1,0,1,1]]",8,0.0647237743260059
level2_receiver_side_info,176,"[[0,0,0,1,0,1,0,0],[0,1,0,1],[1,0,1,1]]",16,0.08128352549864842
level2_receiver_side_info,176,"[[0,0,0,1,0,1,0,0],[0,1,0,1],[1,0,1,1]]",32,0.09305028484361938
level2_receiver_side_info,177,"[[0,0,0,1,0,1,0,0],[0,1,0,1],[1,0,0,1]]",0,0.0
level2_receiver_side_info,177,"[[0,0,0,1,0,1,0,0],[0,1,0,1],[1,0,0,1]]",1,0.05860388034055081
level2_receiver_side_info,177,"[[0,0,0,1,0,1,0,0],[0,1,0,1],[1,0,0,1]]",2,0.10360963497554826
level2_receiver_side_info,177,"[[0,0,0,1,0,1,0,0],[0,1,0,1],[1,0,0,1]]",4,0.16586347534839643
level2_receiver_side_info,177,"[[0,0,0,1,0,1,0,0],[0,1,0,1],[1,0,0,1]]",8,0.23177388954021425
level2_receiver_side_info,177,"[[0,0,0,1,0,1,0,0],[0,1,0,1],[1,0,0,1]]",16,0.2829520729874759
level2_receiver_side_info,177,"[[0,0,0,1,0,1,0,0],[0,1,0,1],[1,0,0,1]]",32,0.3139496737296405
level2_receiver_side_info,178,"[[0,0,0,1,0,1,0,0],[0,1,0,1],[1,0,0,0]]",0,0.0
level2_receiver_side_info,178,"[[0,0,0,1,0,1,0,0],[0,1,0,1],[1,0,0,0]]",1,0.01621124580150446
level2_receiver_side_info,178,"[[0,0,0,1,0,1,0,0],[0,1,0,1],[1,0,0,0]]",2,0.028533198169706286
level2_receiver_side_info,178,"[[0,0,0,1,0,1,0,0],[0,1,0,1],[1,0,0,0]]",4,0.04569715870744956
level2_receiver_side_info,178,"[[0,0,0,1,0,1,0,0],[0,1,0,1],[1,0,0,0]]",8,0.0647237743260059
level2_receiver_side_info,178,"[[0,0,0,1,0,1,0,0],[0,1,0,1],[1,0,0,0]]",16,0.08128352549864842
level2_receiver_side_info,178,"[[0,0,0,1,0,1,0,0],[0,1,0,1],[1,0,0,0]]",32,0.09305028484361938
level2_receiver_side_info,179,"[[0,0,0,1,0,1,0,0],[0,0,1,1],[1,1,1,0]]",0,0.0
level2_receiver_side_info,179,"[[0,0,0,1,0,1,0,0],[0,0,1,1],[1,1,1,0]]",1,0.01621124580150446
level2_receiver_side_info,179,"[[0,0,0,1,0,1,0,0],[0,0,1,1],[1,1,1,0]]",2,0.028533198169706342
level2_receiver_side_info,179,"[[0,0,0,1,0,1,0,0],[0,0,1,1],[1,1,1,0]]",4,0.0456971587074495
level2_receiver_side_info,179,"[[0,0,0,1,0,1,0,0],[0,0,1,1],[1,1,1,0]]",8,0.0647237743260059
level2_receiver_side_info,179,"[[0,0,0,1,0,1,0,0],[0,0,1,1],[1,1,1,0]]",16,0.08128352549864837
level2_receiver_side_info,179,"[[0,0,0,1,0,1,0,0],[0,0,1,1],[1,1,1,0]]",32,0.09305028484361938
level2_receiver_side_info,180,"[[0,0,0,1,0,1,0,0],[0,0,1,1],[1,1,0,1]]",0,0.0
level2_receiver_side_info,180,"[[0,0,0,1,0,1,0,0],[0,0,1,1],[1,1,0,1]]",1,0.01621124580150446
level2_receiver_side_info,180,"[[0,0,0,1,0,1,0,0],[0,0,1,1],[1,1,0,1]]",2,0.028533198169706342
level2_receiver_side_info,180,"[[0,0,0,1,0,1,0,0],[0,0,1,1],[1,1,0,1]]",4,0.045697158707449614
level2_receiver_side_info,180,"[[0,0,0,1,0,1,0,0],[0,0,1,1],[1,1,0,1]]",8,0.0647237743260059
level2_receiver_side_info,180,"[[0,0,0,1,0,1,0,0],[0,0,1,1],[1,1,0,1]]",16,0.08128352549864842
level2_receiver_side_info,180,"[[0,0,0,1,0,1,0,0],[0,0,1,1],[1,1,0,1]]",32,0.09305028484361932
level2_receiver_side_info,181,"[[0,0,0,1,0,1,0,0],[0,0,1,1],[1,0,1,1]]",0,0.0
level2_receiver_side_info,181,"[[0,0,0,1,0,1,0,0],[0,0,1,1],[1,0,1,1]]",1,0.01621124580150446
level2_receiver_side_info,181,"[[0,0,0,1,0,1,0,0],[0,0,1,1],[1,0,1,1]]",2,0.028533198169706286
level2_receiver_side_info,181,"[[0,0,0,1,0,1,0,0],[0,0,1,1],[1,0,1,1]]",4,0.0456971587074495
level2_receiver_side_info,181,"[[0,0,0,1,0,1,0,0],[0,0,1,1],[1,0,1,1]]",8,0.0647237743260059
level2_receiver_side_info,181,"[[0,0,0,1,0,1,0,0],[0,0,1,1],[1,0,1,1]]",16,0.08128352549864842
level2_receiver_side_info,181,"[[0,0,0,1,0,1,0,0],[0,0,1,1],[1,0,1,1]]",32,0.09305028484361938
level2_receiver_side_info,182,"[[0,0,0,1,0,1,0,0],[0,0,1,1],[1,0,0,1]]",0,0.0
level2_receiver_side_info,182,"[[0,0,0,1,0,1,0,0],[0,0,1,1],[1,0,0,1]]",1,0.05860388034055081
level2_receiver_side_info,182,"[[0,0,0,1,0,1,0,0],[0,0,1,1],[1,0,0,1]]",2,0.10360963497554826
level2_receiver_side_info,182,"[[0,0,0,1,0,1,0,0],[0,0,1,1],[1,0,0,1]]",4,0.16586347534839643
level2_receiver_side_info,182,"[[0,0,0,1,0,1,0,0],[0,0,1,1],[1,0,0,1]]",8,0.23177388954021425
level2_receiver_side_info,182,"[[0,0,0,1,0,1,0,0],[0,0,1,1],[1,0,0,1]]",16,0.2829520729874759
level2_receiver_side_info,182,"[[0,0,0,1,0,1,0,0],[0,0,1,1],[1,0,0,1]]",32,0.3139496737296405
level2_receiver_side_info,183,"[[0,0,0,1,0,1,0,0],[0,0,1,1],[1,0,0,0]]",0,0.0
level2_receiver_side_info,183,"[[0,0,0,1,0,1,0,0],[0,0,1,1],[1,0,0,0]]",1,0.01621124580150446
level2_receiver_side_info,183,"[[0,0,0,1,0,1,0,0],[0,0,1,1],[1,0,0,0]]",2,0.028533198169706286
level2_receiver_side_info,183,"[[0,0,0,1,0,1,0,0],[0,0,1,1],[1,0,0,0]]",4,0.04569715870744956
level2_receiver_side_info,183,"[[0,0,0,1,0,1,0,0],[0,0,1,1],[1,0,0,0]]",8,0.0647237743260059
level2_receiver_side_info,183,"[[0,0,0,1,0,1,0,0],[0,0,1,1],[1,0,0,0]]",16,0.08128352549864842
level2_receiver_side_info,183,"[[0,0,0,1,0,1,0,0],[0,0,1,1],[1,0,0,0]]",32,0.09305028484361938
level2_receiver_side_info,184,"[[0,0,0,1,0,1,0,1],[0,0,0,1],[0,1,1,1]]",0,0.007042719241674045
level2_receiver_side_info,184,"[[0,0,0,1,0,1,0,1],[0,0,0,1],[0,1,1,1]]",1,0.043652143186217685
level2_receiver_side_info,184,"[[0,0,0,1,0,1,0,1],[0,0,0,1],[0,1,1,1]]",2,0.07195128098324621
level2_receiver_side_info,184,"[[0,0,0,1,0,1,0,1],[0,0,0,1],[0,1,1,1]]",4,0.11242296217865763
level2_receiver_side_info,184,"[[0,0,0,1,0,1,0,1],[0,0,0,1],[0,1,1,1]]",8,0.15854956604460907
level2_receiver_side_info,184,"[[0,0,0,1,0,1,0,1],[0,0,0,1],[0,1,1,1]]",16,0.19702626025256342
level2_receiver_side_info,184,"[[0,0,0,1,0,1,0,1],[0,0,0,1],[0,1,1,1]]",32,0.21969614553731964
level2_receiver_side_info,185,"[[0,0,0,1,0,1,0,1],[0,0,1,0],[0,1,1,1]]",0,0.007042719241674045
level2_receiver_side_info,185,"[[0,0,0,1,0,1,0,1],[0,0,1,0],[0,1,1,1]]",1,0.043652143186217685
level2_receiver_side_info,185,"[[0,0,0,1,0,1,0,1],[0,0,1,0],[0,1,1,1]]",2,0.07195128098324621
level2_receiver_side_info,185,"[[0,0,0,1,0,1,0,1],[0,0,1,0],[0,1,1,1]]",4,0.11242296217865763
level2_receiver_side_info,185,"[[0,0,0,1,0,1,0,1],[0,0,1,0],[0,1,1,1]]",8,0.15854956604460907
level2_receiver_side_info,185,"[[0,0,0,1,0,1,0,1],[0,0,1,0],[0,1,1,1]]",16,0.19702626025256348
level2_receiver_side_info,185,"[[0,0,0,1,0,1,0,1],[0,0,1,0],[0,1,1,1]]",32,0.21969614553731964
level2_receiver_side_info,186,"[[0,0,0,1,0,1,0,1],[0,1,0,0],[0,1,1,1]]",0,0.007042719241673989
level2_receiver_side_info,186,"[[0,0,0,1,0,1,0,1],[0,1,0,0],[0,1,1,1]]",1,0.043652143186217685
level2_receiver_side_info,186,"[[0,0,0,1,0,1,0,1],[0,1,0,0],[0,1,1,1]]",2,0.07195128098324621
level2_receiver_side_info,186,"[[0,0,0,1,0,1,0,1],[0,1,0,0],[0,1,1,1]]",4,0.11242296217865758
level2_receiver_side_info,186,"[[0,0,0,1,0,1,0,1],[0,1,0,0],[0,1,1,1]]",8,0.15854956604460907
level2_receiver_side_info,186,"[[0,0,0,1,0,1,0,1],[0,1,0,0],[0,1,1,1]]",16,0.19702626025256348
level2_receiver_side_info,186,"[[0,0,0,1,0,1,0,1],[0,1,0,0],[0,1,1,1]]",32,0.21969614553731964
level2_receiver_side_info,187,"[[0,0,0,1,0,1,0,1],[0,1,0,0],[0,1,1,1]]",0,0.007042719241673989
level2_receiver_side_info,187,"[[0,0,0,1,0,1,0,1],[0,1,0,0],[0,1,1,1]]",1,0.043652143186217685
level2_receiver_side_info,187,"[[0,0,0,1,0,1,0,1],[0,1,0,0],[0,1,1,1]]",2,0.07195128098324621
level2_receiver_side_info,187,"[[0,0,0,1,0,1,0,1],[0,1,0,0],[0,1,1,1]]",4,0.11242296217865758
level2_receiver_side_info,187,"[[0,0,0,1,0,1,0,1],[0,1,0,0],[0,1,1,1]]",8,0.15854956604460907
level2_receiver_side_info,187,"[[0,0,0,1,0,1,0,1],[0,1,0,0],[0,1,1,1]]",16,0.19702626025256348
level2_receiver_side_info,187,"[[0,0,0,1,0,1,0,1],[0,1,0,0],[0,1,1,1]]",32,0.21969614553731964
level2_receiver_side_info,188,"[[0,0,0,1,0,1,0,1],[0,0,1,0],[0,1,1,1]]",0,0.007042719241674045
level2_receiver_side_info,188,"[[0,0,0,1,0,1,0,1],[0,0,1,0],[0,1,1,1]]",1,0.043652143186217685
level2_receiver_side_info,188,"[[0,0,0,1,0,1,0,1],[0,0,1,0],[0,1,1,1]]",2,0.07195128098324621
level2_receiver_side_info,188,"[[0,0,0,1,0,1,0,1],[0,0,1,0],[0,1,1,1]]",4,0.11242296217865763
level2_receiver_side_info,188,"[[0,0,0,1,0,1,0,1],[0,0,1,0],[0,1,1,1]]",8,0.15854956604460907
level2_receiver_side_info,188,"[[0,0,0,1,0,1,0,1],[0,0,1,0],[0,1,1,1]]",16,0.19702626025256348
level2_receiver_side_info,188,"[[0,0,0,1,0,1,0,1],[0,0,1,0],[0,1,1,1]]",32,0.21969614553731964
level2_receiver_side_info,189,"[[0,0,0,1,0,1,0,1],[0,0,0,1],[0,1,1,1]]",0,0.007042719241674045
level2_receiver_side_info,189,"[[0,0,0,1,0,1,0,1],[0,0,0,1],[0,1,1,1]]",1,0.043652143186217685
level2_receiver_side_info,189,"[[0,0,0,1,0,1,0,1],[0,0,0,1],[0,1,1,1]]",2,0.07195128098324621
level2_receiver_side_info,189,"[[0,0,0,1,0,1,0,1],[0,0,0,1],[0,1,1,1]]",4,0.11242296217865763
level2_receiver_side_info,189,"[[0,0,0,1,0,1,0,1],[0,0,0,1],[0,1,1,1]]",8,0.15854956604460907
level2_receiver_side_info,189,"[[0,0,0,1,0,1,0,1],[0,0,0,1],[0,1,1,1]]",16,0.19702626025256342
level2_receiver_side_info,189,"[[0,0,0,1,0,1,0,1],[0,0,0,1],[0,1,1,1]]",32,0.21969614553731964
level2_receiver_side_info,190,"[[0,0,1,0,0,0,0,0],[0,0,0,1],[1,0,1,1]]",0,0.007042719241674045
level2_receiver_side_info,190,"[[0,0,1,0,0,0,0,0],[0,0,0,1],[1,0,1,1]]",1,0.043652143186217685
level2_receiver_side_info,190,"[[0,0,1,0,0,0,0,0],[0,0,0,1],[1,0,1,1]]",2,0.07195128098324621
level2_receiver_side_info,190,"[[0,0,1,0,0,0,0,0],[0,0,0,1],[1,0,1,1]]",4,0.11242296217865763
level2_receiver_side_info,190,"[[0,0,1,0,0,0,0,0],[0,0,0,1],[1,0,1,1]]",8,0.15854956604460907
level2_receiver_side_info,190,"[[0,0,1,0,0,0,0,0],[0,0,0,1],[1,0,1,1]]",16,0.19702626025256342
level2_receiver_side_info,190,"[[0,0,1,0,0,0,0,0],[0,0,0,1],[1,0,1,1]]",32,0.21969614553731964
level2_receiver_side_info,191,"[[0,0,1,0,0,0,0,0],[0,0,1,0],[1,0,1,1]]",0,0.007042719241674045
level2_receiver_side_info,191,"[[0,0,1,0,0,0,0,0],[0,0,1,0],[1,0,1,1]]",1,0.043652143186217685
level2_receiver_side_info,191,"[[0,0,1,0,0,0,0,0],[0,0,1,0],[1,0,1,1]]",2,0.07195128098324621
level2_receiver_side_info,191,"[[0,0,1,0,0,0,0,0],[0,0,1,0],[1,0,1,1]]",4,0.11242296217865763
level2_receiver_side_info,191,"[[0,0,1,0,0,0,0,0],[0,0,1,0],[1,0,1,1]]",8,0.15854956604460907
level2_receiver_side_info,191,"[[0,0,1,0,0,0,0,0],[0,0,1,0],[1,0,1,1]]",16,0.19702626025256348
level2_receiver_side_info,191,"[[0,0,1,0,0,0,0,0],[0,0,1,0],[1,0,1,1]]",32,0.21969614553731964
level2_receiver_side_info,192,"[[0,0,1,0,0,0,0,0],[0,0,1,1],[1,0,1,1]]",0,0.06385320297074876
level2_receiver_side_info,192,"[[0,0,1,0,0,0,0,0],[0,0,1,1],[1,0,1,1]]",1,0.07704682264253404
level2_receiver_side_info,192,"[[0,0,1,0,0,0,0,0],[0,0,1,1],[1,0,1,1]]",2,0.08780218399432074
level2_receiver_side_info,192,"[[0,0,1,0,0,0,0,0],[0,0,1,1],[1,0,1,1]]",4,0.1041522892464854
level2_receiver_side_info,192,"[[0,0,1,0,0,0,0,0],[0,0,1,1],[1,0,1,1]]",8,0.12453241233105772
level2_receiver_side_info,192,"[[0,0,1,0,0,0,0,0],[0,0,1,1],[1,0,1,1]]",16,0.14385004263287587
level2_receiver_side_info,192,"[[0,0,1,0,0,0,0,0],[0,0,1,1],[1,0,1,1]]",32,0.15747949742783532
level2_receiver_side_info,193,"[[0,0,1,0,0,0,0,0],[0,1,0,1],[0,1,0,0]]",0,0.06385320297074881
level2_receiver_side_info,193,"[[0,0,1,0,0,0,0,0],[0,1,0,1],[0,1,0,0]]",1,0.07704682264253404
level2_receiver_side_info,193,"[[0,0,1,0,0,0,0,0],[0,1,0,1],[0,1,0,0]]",2,0.08780218399432074
level2_receiver_side_info,193,"[[0,0,1,0,0,0,0,0],[0,1,0,1],[0,1,0,0]]",4,0.1041522892464854
level2_receiver_side_info,193,"[[0,0,1,0,0,0,0,0],[0,1,0,1],[0,1,0,0]]",8,0.12453241233105772
level2_receiver_side_info,193,"[[0,0,1,0,0,0,0,0],[0,1,0,1],[0,1,0,0]]",16,0.14385004263287587
level2_receiver_side_info,193,"[[0,0,1,0,0,0,0,0],[0,1,0,1],[0,1,0,0]]",32,0.15747949742783532
level2_receiver_side_info,194,"[[0,0,1,0,0,0,0,0],[0,1,1,0],[0,1,0,0]]",0,0.06385320297074876
level2_receiver_side_info,194,"[[0,0,1,0,0,0,0,0],[0,1,1,0],[0,1,0,0]]",1,0.07704682264253404
level2_receiver_side_info,194,"[[0,0,1,0,0,0,0,0],[0,1,1,0],[0,1,0,0]]",2,0.08780218399432074
level2_receiver_side_info,194,"[[0,0,1,0,0,0,0,0],[0,1,1,0],[0,1,0,0]]",4,0.1041522892464854
level2_receiver_side_info,194,"[[0,0,1,0,0,0,0,0],[0,1,1,0],[0,1,0,0]]",8,0.12453241233105772
level2_receiver_side_info,194,"[[0,0,1,0,0,0,0,0],[0,1,1,0],[0,1,0,0]]",16,0.14385004263287587
level2_receiver_side_info,194,"[[0,0,1,0,0,0,0,0],[0,1,1,0],[0,1,0,0]]",32,0.15747949742783532
level2_receiver_side_info,195,"[[0,0,1,0,0,0,0,0],[0,1,1,1],[0,1,0,0]]",0,0.007042719241674045
level2_receiver_side_info,195,"[[0,0,1,0,0,0,0,0],[0,1,1,1],[0,1,0,0]]",1,0.043652143186217685
level2_receiver_side_info,195,"[[0,0,1,0,0,0,0,0],[0,1,1,1],[0,1,0,0]]",2,0.07195128098324621
level2_receiver_side_info,195,"[[0,0,1,0,0,0,0,0],[0,1,1,1],[0,1,0,0]]",4,0.11242296217865763
level2_receiver_side_info,195,"[[0,0,1,0,0,0,0,0],[0,1,1,1],[0,1,0,0]]",8,0.15854956604460907
level2_receiver_side_info,195,"[[0,0,1,0,0,0,0,0],[0,1,1,1],[0,1,0,0]]",16,0.19702626025256342
level2_receiver_side_info,195,"[[0,0,1,0,0,0,0,0],[0,1,1,1],[0,1,0,0]]",32,0.2196961455373196
level2_receiver_side_info,196,"[[0,0,1,0,0,0,0,0],[0,1,1,1],[0,1,0,0]]",0,0.007042719241674045
level2_receiver_side_info,196,"[[0,0,1,0,0,0,0,0],[0,1,1,1],[0,1,0,0]]",1,0.043652143186217685
level2_receiver_side_info,196,"[[0,0,1,0,0,0,0,0],[0,1,1,1],[0,1,0,0]]",2,0.07195128098324621
level2_receiver_side_info,196,"[[0,0,1,0,0,0,0,0],[0,1,1,1],[0,1,0,0]]",4,0.11242296217865763
level2_receiver_side_info,196,"[[0,0,1,0,0,0,0,0],[0,1,1,1],[0,1,0,0]]",8,0.15854956604460907
level2_receiver_side_info,196,"[[0,0,1,0,0,0,0,0],[0,1,1,1],[0,1,0,0]]",16,0.19702626025256342
level2_receiver_side_info,196,"[[0,0,1,0,0,0,0,0],[0,1,1,1],[0,1,0,0]]",32,0.2196961455373196
level2_receiver_side_info,197,"[[0,0,1,0,0,0,0,0],[0,1,1,0],[0,1,0,0]]",0,0.06385320297074876
level2_receiver_side_info,197,"[[0,0,1,0,0,0,0,0],[0,1,1,0],[0,1,0,0]]",1,0.07704682264253404
level2_receiver_side_info,197,"[[0,0,1,0,0,0,0,0],[0,1,1,0],[0,1,0,0]]",2,0.08780218399432074
level2_receiver_side_info,197,"[[0,0,1,0,0,0,0,0],[0,1,1,0],[0,1,0,0]]",4,0.1041522892464854
level2_receiver_side_info,197,"[[0,0,1,0,0,0,0,0],[0,1,1,0],[0,1,0,0]]",8,0.12453241233105772
level2_receiver_side_info,197,"[[0,0,1,0,0,0,0,0],[0,1,1,0],[0,1,0,0]]",16,0.14385004263287587
level2_receiver_side_info,197,"[[0,0,1,0,0,0,0,0],[0,1,1,0],[0,1,0,0]]",32,0.15747949742783532
level2_receiver_side_info,198,"[[0,0,1,0,0,0,0,0],[0,1,0,1],[0,1,0,0]]",0,0.06385320297074881
level2_receiver_side_info,198,"[[0,0,1,0,0,0,0,0],[0,1,0,1],[0,1,0,0]]",1,0.07704682264253404
level2_receiver_side_info,198,"[[0,0,1,0,0,0,0,0],[0,1,0,1],[0,1,0,0]]",2,0.08780218399432074
level2_receiver_side_info,198,"[[0,0,1,0,0,0,0,0],[0,1,0,1],[0,1,0,0]]",4,0.1041522892464854
level2_receiver_side_info,198,"[[0,0,1,0,0,0,0,0],[0,1,0,1],[0,1,0,0]]",8,0.12453241233105772
level2_receiver_side_info,198,"[[0,0,1,0,0,0,0,0],[0,1,0,1],[0,1,0,0]]",16,0.14385004263287587
level2_receiver_side_info,198,"[[0,0,1,0,0,0,0,0],[0,1,0,1],[0,1,0,0]]",32,0.15747949742783532
level2_receiver_side_info,199,"[[0,0,1,0,0,0,0,0],[0,0,1,1],[1,0,1,1]]",0,0.06385320297074876
level2_receiver_side_info,199,"[[0,0,1,0,0,0,0,0],[0,0,1,1],[1,0,1,1]]",1,0.07704682264253404
level2_receiver_side_info,199,"[[0,0,1,0,0,0,0,0],[0,0,1,1],[1,0,1,1]]",2,0.08780218399432074
level2_receiver_side_info,199,"[[0,0,1,0,0,0,0,0],[0,0,1,1],[1,0,1,1]]",4,0.1041522892464854
level2_receiver_side_info,199,"[[0,0,1,0,0,0,0,0],[0,0,1,1],[1,0,1,1]]",8,0.12453241233105772
level2_receiver_side_info,199,"[[0,0,1,0,0,0,0,0],[0,0,1,1],[1,0,1,1]]",16,0.14385004263287587
level2_receiver_side_info,199,"[[0,0,1,0,0,0,0,0],[0,0,1,1],[1,0,1,1]]",32,0.15747949742783532
level2_receiver_side_info,200,"[[0,0,1,0,0,0,0,0],[0,0,1,0],[1,0,1,1]]",0,0.007042719241674045
level2_receiver_side_info,200,"[[0,0,1,0,0,0,0,0],[0,0,1,0],[1,0,1,1]]",1,0.043652143186217685
level2_receiver_side_info,200,"[[0,0,1,0,0,0,0,0],[0,0,1,0],[1,0,1,1]]",2,0.07195128098324621
level2_receiver_side_info,200,"[[0,0,1,0,0,0,0,0],[0,0,1,0],[1,0,1,1]]",4,0.11242296217865763
level2_receiver_side_info,200,"[[0,0,1,0,0,0,0,0],[0,0,1,0],[1,0,1,1]]",8,0.15854956604460907
level2_receiver_side_info,200,"[[0,0,1,0,0,0,0,0],[0,0,1,0],[1,0,1,1]]",16,0.19702626025256348
level2_receiver_side_info,200,"[[0,0,1,0,0,0,0,0],[0,0,1,0],[1,0,1,1]]",32,0.21969614553731964
level2_receiver_side_info,201,"[[0,0,1,0,0,0,0,0],[0,0,0,1],[1,0,1,1]]",0,0.007042719241674045
level2_receiver_side_info,201,"[[0,0,1,0,0,0,0,0],[0,0,0,1],[1,0,1,1]]",1,0.043652143186217685
level2_receiver_side_info,201,"[[0,0,1,0,0,0,0,0],[0,0,0,1],[1,0,1,1]]",2,0.07195128098324621
level2_receiver_side_info,201,"[[0,0,1,0,0,0,0,0],[0,0,0,1],[1,0,1,1]]",4,0.11242296217865763
level2_receiver_side_info,201,"[[0,0,1,0,0,0,0,0],[0,0,0,1],[1,0,1,1]]",8,0.15854956604460907
level2_receiver_side_info,201,"[[0,0,1,0,0,0,0,0],[0,0,0,1],[1,0,1,1]]",16,0.19702626025256342
level2_receiver_side_info,201,"[[0,0,1,0,0,0,0,0],[0,0,0,1],[1,0,1,1]]",32,0.21969614553731964
level2_receiver_side_info,202,"[[0,0,1,0,0,0,1,0],[0,0,1,1],[0,0,0,1]]",0,0.0
level2_receiver_side_info,202,"[[0,0,1,0,0,0,1,0],[0,0,1,1],[0,0,0,1]]",1,0.01621124580150446
level2_receiver_side_info,202,"[[0,0,1,0,0,0,1,0],[0,0,1,1],[0,0,0,1]]",2,0.028533198169706342
level2_receiver_side_info,202,"[[0,0,1,0,0,0,1,0],[0,0,1,1],[0,0,0,1]]",4,0.0456971587074495
level2_receiver_side_info,202,"[[0,0,1,0,0,0,1,0],[0,0,1,1],[0,0,0,1]]",8,0.0647237743260059
level2_receiver_side_info,202,"[[0,0,1,0,0,0,1,0],[0,0,1,1],[0,0,0,1]]",16,0.08128352549864837
level2_receiver_side_info,202,"[[0,0,1,0,0,0,1,0],[0,0,1,1],[0,0,0,1]]",32,0.09305028484361938
level2_receiver_side_info,203,"[[0,0,1,0,0,0,1,0],[0,0,1,1],[0,0,1,0]]",0,0.0
level2_receiver_side_info,203,"[[0,0,1,0,0,0,1,0],[0,0,1,1],[0,0,1,0]]",1,0.01621124580150446
level2_receiver_side_info,203,"[[0,0,1,0,0,0,1,0],[0,0,1,1],[0,0,1,0]]",2,0.028533198169706286
level2_receiver_side_info,203,"[[0,0,1,0,0,0,1,0],[0,0,1,1],[0,0,1,0]]",4,0.0456971587074495
level2_receiver_side_info,203,"[[0,0,1,0,0,0,1,0],[0,0,1,1],[0,0,1,0]]",8,0.0647237743260059
level2_receiver_side_info,203,"[[0,0,1,0,0,0,1,0],[0,0,1,1],[0,0,1,0]]",16,0.08128352549864842
level2_receiver_side_info,203,"[[0,0,1,0,0,0,1,0],[0,0,1,1],[0,0,1,0]]",32,0.09305028484361932
level2_receiver_side_info,204,"[[0,0,1,0,0,0,1,0],[0,0,1,1],[0,1,0,0]]",0,0.0
level2_receiver_side_info,204,"[[0,0,1,0,0,0,1,0],[0,0,1,1],[0,1,0,0]]",1,0.01621124580150446
level2_receiver_side_info,204,"[[0,0,1,0,0,0,1,0],[0,0,1,1],[0,1,0,0]]",2,0.028533198169706397
level2_receiver_side_info,204,"[[0,0,1,0,0,0,1,0],[0,0,1,1],[0,1,0,0]]",4,0.0456971587074495
level2_receiver_side_info,204,"[[0,0,1,0,0,0,1,0],[0,0,1,1],[0,1,0,0]]",8,0.0647237743260059
level2_receiver_side_info,204,"[[0,0,1,0,0,0,1,0],[0,0,1,1],[0,1,0,0]]",16,0.08128352549864842
level2_receiver_side_info,204,"[[0,0,1,0,0,0,1,0],[0,0,1,1],[0,1,0,0]]",32,0.09305028484361938
level2_receiver_side_info,205,"[[0,0,1,0,0,0,1,0],[0,0,1,1],[0,1,0,1]]",0,0.0
level2_receiver_side_info,205,"[[0,0,1,0,0,0,1,0],[0,0,1,1],[0,1,0,1]]",1,0.05860388034055081
level2_receiver_side_info,205,"[[0,0,1,0,0,0,1,0],[0,0,1,1],[0,1,0,1]]",2,0.10360963497554826
level2_receiver_side_info,205,"[[0,0,1,0,0,0,1,0],[0,0,1,1],[0,1,0,1]]",4,0.16586347534839643
level2_receiver_side_info,205,"[[0,0,1,0,0,0,1,0],[0,0,1,1],[0,1,0,1]]",8,0.23177388954021425
level2_receiver_side_info,205,"[[0,0,1,0,0,0,1,0],[0,0,1,1],[0,1,0,1]]",16,0.2829520729874759
level2_receiver_side_info,205,"[[0,0,1,0,0,0,1,0],[0,0,1,1],[0,1,0,1]]",32,0.3139496737296405
level2_receiver_side_info,206,"[[0,0,1,0,0,0,1,0],[0,0,1,1],[0,1,1,1]]",0,0.0
level2_receiver_side_info,206,"[[0,0,1,0,0,0,1,0],[0,0,1,1],[0,1,1,1]]",1,0.01621124580150446
level2_receiver_side_info,206,"[[0,0,1,0,0,0,1,0],[0,0,1,1],[0,1,1,1]]",2,0.028533198169706342
level2_receiver_side_info,206,"[[0,0,1,0,0,0,1,0],[0,0,1,1],[0,1,1,1]]",4,0.0456971587074495
level2_receiver_side_info,206,"[[0,0,1,0,0,0,1,0],[0,0,1,1],[0,1,1,1]]",8,0.0647237743260059
level2_receiver_side_info,206,"[[0,0,1,0,0,0,1,0],[0,0,1,1],[0,1,1,1]]",16,0.08128352549864842
level2_receiver_side_info,206,"[[0,0,1,0,0,0,1,0],[0,0,1,1],[0,1,1,1]]",32,0.09305028484361938
level2_receiver_side_info,207,"[[0,0,1,0,0,0,1,0],[0,1,1,0],[0,0,0,1]]",0,0.0
level2_receiver_side_info,207,"[[0,0,1,0,0,0,1,0],[0,1,1,0],[0,0,0,1]]",1,0.01621124580150446
level2_receiver_side_info,207,"[[0,0,1,0,0,0,1,0],[0,1,1,0],[0,0,0,1]]",2,0.028533198169706342
level2_receiver_side_info,207,"[[0,0,1,0,0,0,1,0],[0,1,1,0],[0,0,0,1]]",4,0.0456971587074495
level2_receiver_side_info,207,"[[0,0,1,0,0,0,1,0],[0,1,1,0],[0,0,0,1]]",8,0.0647237743260059
level2_receiver_side_info,207,"[[0,0,1,0,0,0,1,0],[0,1,1,0],[0,0,0,1]]",16,0.08128352549864837
level2_receiver_side_info,207,"[[0,0,1,0,0,0,1,0],[0,1,1,0],[0,0,0,1]]",32,0.09305028484361938
level2_receiver_side_info,208,"[[0,0,1,0,0,0,1,0],[0,1,1,0],[0,0,1,0]]",0,0.0
level2_receiver_side_info,208,"[[0,0,1,0,0,0,1,0],[0,1,1,0],[0,0,1,0]]",1,0.01621124580150446
level2_receiver_side_info,208,"[[0,0,1,0,0,0,1,0],[0,1,1,0],[0,0,1,0]]",2,0.028533198169706286
level2_receiver_side_info,208,"[[0,0,1,0,0,0,1,0],[0,1,1,0],[0,0,1,0]]",4,0.0456971587074495
level2_receiver_side_info,208,"[[0,0,1,0,0,0,1,0],[0,1,1,0],[0,0,1,0]]",8,0.0647237743260059
level2_receiver_side_info,208,"[[0,0,1,0,0,0,1,0],[0,1,1,0],[0,0,1,0]]",16,0.08128352549864842
level2_receiver_side_info,208,"[[0,0,1,0,0,0,1,0],[0,1,1,0],[0,0,1,0]]",32,0.09305028484361932
level2_receiver_side_info,209,"[[0,0,1,0,0,0,1,0],[0,1,1,0],[0,1,0,0]]",0,0.0
level2_receiver_side_info,209,"[[0,0,1,0,0,0,1,0],[0,1,1,0],[0,1,0,0]]",1,0.01621124580150446
level2_receiver_side_info,209,"[[0,0,1,0,0,0,1,0],[0,1,1,0],[0,1,0,0]]",2,0.028533198169706397
level2_receiver_side_info,209,"[[0,0,1,0,0,0,1,0],[0,1,1,0],[0,1,0,0]]",4,0.0456971587074495
level2_receiver_side_info,209,"[[0,0,1,0,0,0,1,0],[0,1,1,0],[0,1,0,0]]",8,0.0647237743260059
level2_receiver_side_info,209,"[[0,0,1,0,0,0,1,0],[0,1,1,0],[0,1,0,0]]",16,0.08128352549864842
level2_receiver_side_info,209,"[[0,0,1,0,0,0,1,0],[0,1,1,0],[0,1,0,0]]",32,0.09305028484361938
level2_receiver_side_info,210,"[[0,0,1,0,0,0,1,0],[0,1,1,0],[0,1,0,1]]",0,0.0
level2_receiver_side_info,210,"[[0,0,1,0,0,0,1,0],[0,1,1,0],[0,1,0,1]]",1,0.05860388034055081
level2_receiver_side_info,210,"[[0,0,1,0,0,0,1,0],[0,1,1,0],[0,1,0,1]]",2,0.10360963497554826
level2_receiver_side_info,210,"[[0,0,1,0,0,0,1,0],[0,1,1,0],[0,1,0,1]]",4,0.16586347534839643
level2_receiver_side_info,210,"[[0,0,1,0,0,0,1,0],[0,1,1,0],[0,1,0,1]]",8,0.23177388954021425
level2_receiver_side_info,210,"[[0,0,1,0,0,0,1,0],[0,1,1,0],[0,1,0,1]]",16,0.2829520729874759
level2_receiver_side_info,210,"[[0,0,1,0,0,0,1,0],[0,1,1,0],[0,1,0,1]]",32,0.3139496737296405
level2_receiver_side_info,211,"[[0,0,1,0,0,0,1,0],[0,1,1,0],[0,1,1,1]]",0,0.0
level2_receiver_side_info,211,"[[0,0,1,0,0,0,1,0],[0,1,1,0],[0,1,1,1]]",1,0.01621124580150446
level2_receiver_side_info,211,"[[0,0,1,0,0,0,1,0],[0,1,1,0],[0,1,1,1]]",2,0.028533198169706342
level2_receiver_side_info,211,"[[0,0,1,0,0,0,1,0],[0,1,1,0],[0,1,1,1]]",4,0.0456971587074495
level2_receiver_side_info,211,"[[0,0,1,0,0,0,1,0],[0,1,1,0],[0,1,1,1]]",8,0.0647237743260059
level2_receiver_side_info,211,"[[0,0,1,0,0,0,1,0],[0,1,1,0],[0,1,1,1]]",16,0.08128352549864842
level2_receiver_side_info,211,"[[0,0,1,0,0,0,1,0],[0,1,1,0],[0,1,1,1]]",32,0.09305028484361938
level2_receiver_side_info,212,"[[0,0,1,0,0,0,1,0],[0,1,1,0],[1,1,1,0]]",0,0.0
level2_receiver_side_info,212,"[[0,0,1,0,0,0,1,0],[0,1,1,0],[1,1,1,0]]",1,0.01621124580150446
level2_receiver_side_info,212,"[[0,0,1,0,0,0,1,0],[0,1,1,0],[1,1,1,0]]",2,0.028533198169706342
level2_receiver_side_info,212,"[[0,0,1,0,0,0,1,0],[0,1,1,0],[1,1,1,0]]",4,0.0456971587074495
level2_receiver_side_info,212,"[[0,0,1,0,0,0,1,0],[0,1,1,0],[1,1,1,0]]",8,0.0647237743260059
level2_receiver_side_info,212,"[[0,0,1,0,0,0,1,0],[0,1,1,0],[1,1,1,0]]",16,0.08128352549864837
level2_receiver_side_info,212,"[[0,0,1,0,0,0,1,0],[0,1,1,0],[1,1,1,0]]",32,0.09305028484361938
level2_receiver_side_info,213,"[[0,0,1,0,0,0,1,0],[0,1,1,0],[1,1,0,1]]",0,0.0
level2_receiver_side_info,213,"[[0,0,1,0,0,0,1,0],[0,1,1,0],[1,1,0,1]]",1,0.01621124580150446
level2_receiver_side_info,213,"[[0,0,1,0,0,0,1,0],[0,1,1,0],[1,1,0,1]]",2,0.028533198169706286
level2_receiver_side_info,213,"[[0,0,1,0,0,0,1,0],[0,1,1,0],[1,1,0,1]]",4,0.0456971587074495
level2_receiver_side_info,213,"[[0,0,1,0,0,0,1,0],[0,1,1,0],[1,1,0,1]]",8,0.0647237743260059
level2_receiver_side_info,213,"[[0,0,1,0,0,0,1,0],[0,1,1,0],[1,1,0,1]]",16,0.08128352549864842
level2_receiver_side_info,213,"[[0,0,1,0,0,0,1,0],[0,1,1,0],[1,1,0,1]]",32,0.09305028484361932
level2_receiver_side_info,214,"[[0,0,1,0,0,0,1,0],[0,1,1,0],[1,0,1,1]]",0,0.0
level2_receiver_side_info,214,"[[0,0,1,0,0,0,1,0],[0,1,1,0],[1,0,1,1]]",1,0.01621124580150446
level2_receiver_side_info,214,"[[0,0,1,0,0,0,1,0],[0,1,1,0],[1,0,1,1]]",2,0.028533198169706397
level2_receiver_side_info,214,"[[0,0,1,0,0,0,1,0],[0,1,1,0],[1,0,1,1]]",4,0.0456971587074495
level2_receiver_side_info,214,"[[0,0,1,0,0,0,1,0],[0,1,1,0],[1,0,1,1]]",8,0.0647237743260059
level2_receiver_side_info,214,"[[0,0,1,0,0,0,1,0],[0,1,1,0],[1,0,1,1]]",16,0.08128352549864842
level2_receiver_side_info,214,"[[0,0,1,0,0,0,1,0],[0,1,1,0],[1,0,1,1]]",32,0.09305028484361938
level2_receiver_side_info,215,"[[0,0,1,0,0,0,1,0],[0,1,1,0],[1,0,1,0]]",0,0.0
level2_receiver_side_info,215,"[[0,0,1,0,0,0,1,0],[0,1,1,0],[1,0,1,0]]",1,0.05860388034055081
level2_receiver_side_info,215,"[[0,0,1,0,0,0,1,0],[0,1,1,0],[1,0,1,0]]",2,0.10360963497554826
level2_receiver_side_info,215,"[[0,0,1,0,0,0,1,0],[0,1,1,0],[1,0,1,0]]",4,0.16586347534839643
level2_receiver_side_info,215,"[[0,0,1,0,0,0,1,0],[0,1,1,0],[1,0,1,0]]",8,0.23177388954021425
level2_receiver_side_info,215,"[[0,0,1,0,0,0,1,0],[0,1,1,0],[1,0,1,0]]",16,0.2829520729874759
level2_receiver_side_info,215,"[[0,0,1,0,0,0,1,0],[0,1,1,0],[1,0,1,0]]",32,0.3139496737296405
level2_receiver_side_info,216,"[[0,0,1,0,0,0,1,0],[0,1,1,0],[1,0,0,0]]",0,0.0
level2_receiver_side_info,216,"[[0,0,1,0,0,0,1,0],[0,1,1,0],[1,0,0,0]]",1,0.01621124580150446
level2_receiver_side_info,216,"[[0,0,1,0,0,0,1,0],[0,1,1,0],[1,0,0,0]]",2,0.028533198169706342
level2_receiver_side_info,216,"[[0,0,1,0,0,0,1,0],[0,1,1,0],[1,0,0,0]]",4,0.0456971587074495
level2_receiver_side_info,216,"[[0,0,1,0,0,0,1,0],[0,1,1,0],[1,0,0,0]]",8,0.0647237743260059
level2_receiver_side_info,216,"[[0,0,1,0,0,0,1,0],[0,1,1,0],[1,0,0,0]]",16,0.08128352549864842
level2_receiver_side_info,216,"[[0,0,1,0,0,0,1,0],[0,1,1,0],[1,0,0,0]]",32,0.09305028484361938
level2_receiver_side_info,217,"[[0,0,1,0,0,0,1,0],[0,0,1,1],[1,1,1,0]]",0,0.0
level2_receiver_side_info,217,"[[0,0,1,0,0,0,1,0],[0,0,1,1],[1,1,1,0]]",1,0.01621124580150446
level2_receiver_side_info,217,"[[0,0,1,0,0,0,1,0],[0,0,1,1],[1,1,1,0]]",2,0.028533198169706342
level2_receiver_side_info,217,"[[0,0,1,0,0,0,1,0],[0,0,1,1],[1,1,1,0]]",4,0.0456971587074495
level2_receiver_side_info,217,"[[0,0,1,0,0,0,1,0],[0,0,1,1],[1,1,1,0]]",8,0.0647237743260059
level2_receiver_side_info,217,"[[0,0,1,0,0,0,1,0],[0,0,1,1],[1,1,1,0]]",16,0.08128352549864837
level2_receiver_side_info,217,"[[0,0,1,0,0,0,1,0],[0,0,1,1],[1,1,1,0]]",32,0.09305028484361938
level2_receiver_side_info,218,"[[0,0,1,0,0,0,1,0],[0,0,1,1],[1,1,0,1]]",0,0.0
level2_receiver_side_info,218,"[[0,0,1,0,0,0,1,0],[0,0,1,1],[1,1,0,1]]",1,0.01621124580150446
level2_receiver_side_info,218,"[[0,0,1,0,0,0,1,0],[0,0,1,1],[1,1,0,1]]",2,0.028533198169706286
level2_receiver_side_info,218,"[[0,0,1,0,0,0,1,0],[0,0,1,1],[1,1,0,1]]",4,0.0456971587074495
level2_receiver_side_info,218,"[[0,0,1,0,0,0,1,0],[0,0,1,1],[1,1,0,1]]",8,0.0647237743260059
level2_receiver_side_info,218,"[[0,0,1,0,0,0,1,0],[0,0,1,1],[1,1,0,1]]",16,0.08128352549864842
level2_receiver_side_info,218,"[[0,0,1,0,0,0,1,0],[0,0,1,1],[1,1,0,1]]",32,0.09305028484361932
level2_receiver_side_info,219,"[[0,0,1,0,0,0,1,0],[0,0,1,1],[1,0,1,1]]",0,0.0
level2_receiver_side_info,219,"[[0,0,1,0,0,0,1,0],[0,0,1,1],[1,0,1,1]]",1,0.01621124580150446
level2_receiver_side_info,219,"[[0,0,1,0,0,0,1,0],[0,0,1,1],[1,0,1,1]]",2,0.028533198169706397
level2_receiver_side_info,219,"[[0,0,1,0,0,0,1,0],[0,0,1,1],[1,0,1,1]]",4,0.0456971587074495
level2_receiver_side_info,219,"[[0,0,1,0,0,0,1,0],[0,0,1,1],[1,0,1,1]]",8,0.0647237743260059
level2_receiver_side_info,219,"[[0,0,1,0,0,0,1,0],[0,0,1,1],[1,0,1,1]]",16,0.08128352549864842
level2_receiver_side_info,219,"[[0,0,1,0,0,0,1,0],[0,0,1,1],[1,0,1,1]]",32,0.09305028484361938
level2_receiver_side_info,220,"[[0,0,1,0,0,0,1,0],[0,0,1,1],[1,0,1,0]]",0,0.0
level2_receiver_side_info,220,"[[0,0,1,0,0,0,1,0],[0,0,1,1],[1,0,1,0]]",1,0.05860388034055081
level2_receiver_side_info,220,"[[0,0,1,0,0,0,1,0],[0,0,1,1],[1,0,1,0]]",2,0.10360963497554826
level2_receiver_side_info,220,"[[0,0,1,0,0,0,1,0],[0,0,1,1],[1,0,1,0]]",4,0.16586347534839643
level2_receiver_side_info,220,"[[0,0,1,0,0,0,1,0],[0,0,1,1],[1,0,1,0]]",8,0.23177388954021425
level2_receiver_side_info,220,"[[0,0,1,0,0,0,1,0],[0,0,1,1],[1,0,1,0]]",16,0.2829520729874759
level2_receiver_side_info,220,"[[0,0,1,0,0,0,1,0],[0,0,1,1],[1,0,1,0]]",32,0.3139496737296405
level2_receiver_side_info,221,"[[0,0,1,0,0,0,1,0],[0,0,1,1],[1,0,0,0]]",0,0.0
level2_receiver_side_info,221,"[[0,0,1,0,0,0,1,0],[0,0,1,1],[1,0,0,0]]",1,0.01621124580150446
level2_receiver_side_info,221,"[[0,0,1,0,0,0,1,0],[0,0,1,1],[1,0,0,0]]",2,0.028533198169706342
level2_receiver_side_info,221,"[[0,0,1,0,0,0,1,0],[0,0,1,1],[1,0,0,0]]",4,0.0456971587074495
level2_receiver_side_info,221,"[[0,0,1,0,0,0,1,0],[0,0,1,1],[1,0,0,0]]",8,0.0647237743260059
level2_receiver_side_info,221,"[[0,0,1,0,0,0,1,0],[0,0,1,1],[1,0,0,0]]",16,0.08128352549864842
level2_receiver_side_info,221,"[[0,0,1,0,0,0,1,0],[0,0,1,1],[1,0,0,0]]",32,0.09305028484361938
level2_receiver_side_info,222,"[[0,0,1,0,1,0,0,0],[0,0,1,1],[0,0,0,1]]",0,0.0
level2_receiver_side_info,222,"[[0,0,1,0,1,0,0,0],[0,0,1,1],[0,0,0,1]]",1,0.01621124580150446
level2_receiver_side_info,222,"[[0,0,1,0,1,0,0,0],[0,0,1,1],[0,0,0,1]]",2,0.028533198169706342
level2_receiver_side_info,222,"[[0,0,1,0,1,0,0,0],[0,0,1,1],[0,0,0,1]]",4,0.0456971587074495
level2_receiver_side_info,222,"[[0,0,1,0,1,0,0,0],[0,0,1,1],[0,0,0,1]]",8,0.0647237743260059
level2_receiver_side_info,222,"[[0,0,1,0,1,0,0,0],[0,0,1,1],[0,0,0,1]]",16,0.08128352549864837
level2_receiver_side_info,222,"[[0,0,1,0,1,0,0,0],[0,0,1,1],[0,0,0,1]]",32,0.09305028484361938
level2_receiver_side_info,223,"[[0,0,1,0,1,0,0,0],[0,0,1,1],[0,0,1,0]]",0,0.0
level2_receiver_side_info,223,"[[0,0,1,0,1,0,0,0],[0,0,1,1],[0,0,1,0]]",1,0.01621124580150446
level2_receiver_side_info,223,"[[0,0,1,0,1,0,0,0],[0,0,1,1],[0,0,1,0]]",2,0.028533198169706286
level2_receiver_side_info,223,"[[0,0,1,0,1,0,0,0],[0,0,1,1],[0,0,1,0]]",4,0.0456971587074495
level2_receiver_side_info,223,"[[0,0,1,0,1,0,0,0],[0,0,1,1],[0,0,1,0]]",8,0.0647237743260059
level2_receiver_side_info,223,"[[0,0,1,0,1,0,0,0],[0,0,1,1],[0,0,1,0]]",16,0.08128352549864842
level2_receiver_side_info,223,"[[0,0,1,0,1,0,0,0],[0,0,1,1],[0,0,1,0]]",32,0.09305028484361932
level2_receiver_side_info,224,"[[0,0,1,0,1,0,0,0],[0,0,1,1],[0,1,0,0]]",0,0.0
level2_receiver_side_info,224,"[[0,0,1,0,1,0,0,0],[0,0,1,1],[0,1,0,0]]",1,0.01621124580150446
level2_receiver_side_info,224,"[[0,0,1,0,1,0,0,0],[0,0,1,1],[0,1,0,0]]",2,0.028533198169706342
level2_receiver_side_info,224,"[[0,0,1,0,1,0,0,0],[0,0,1,1],[0,1,0,0]]",4,0.0456971587074495
level2_receiver_side_info,224,"[[0,0,1,0,1,0,0,0],[0,0,1,1],[0,1,0,0]]",8,0.0647237743260059
level2_receiver_side_info,224,"[[0,0,1,0,1,0,0,0],[0,0,1,1],[0,1,0,0]]",16,0.08128352549864842
level2_receiver_side_info,224,"[[0,0,1,0,1,0,0,0],[0,0,1,1],[0,1,0,0]]",32,0.09305028484361938
level2_receiver_side_info,225,"[[0,0,1,0,1,0,0,0],[0,0,1,1],[0,1,1,0]]",0,0.0
level2_receiver_side_info,225,"[[0,0,1,0,1,0,0,0],[0,0,1,1],[0,1,1,0]]",1,0.05860388034055081
level2_receiver_side_info,225,"[[0,0,1,0,1,0,0,0],[0,0,1,1],[0,1,1,0]]",2,0.10360963497554826
level2_receiver_side_info,225,"[[0,0,1,0,1,0,0,0],[0,0,1,1],[0,1,1,0]]",4,0.16586347534839643
level2_receiver_side_info,225,"[[0,0,1,0,1,0,0,0],[0,0,1,1],[0,1,1,0]]",8,0.23177388954021425
level2_receiver_side_info,225,"[[0,0,1,0,1,0,0,0],[0,0,1,1],[0,1,1,0]]",16,0.2829520729874759
level2_receiver_side_info,225,"[[0,0,1,0,1,0,0,0],[0,0,1,1],[0,1,1,0]]",32,0.3139496737296405
level2_receiver_side_info,226,"[[0,0,1,0,1,0,0,0],[0,0,1,1],[0,1,1,1]]",0,0.0
level2_receiver_side_info,226,"[[0,0,1,0,1,0,0,0],[0,0,1,1],[0,1,1,1]]",1,0.01621124580150446
level2_receiver_side_info,226,"[[0,0,1,0,1,0,0,0],[0,0,1,1],[0,1,1,1]]",2,0.028533198169706397
level2_receiver_side_info,226,"[[0,0,1,0,1,0,0,0],[0,0,1,1],[0,1,1,1]]",4,0.0456971587074495
level2_receiver_side_info,226,"[[0,0,1,0,1,0,0,0],[0,0,1,1],[0,1,1,1]]",8,0.0647237743260059
level2_receiver_side_info,226,"[[0,0,1,0,1,0,0,0],[0,0,1,1],[0,1,1,1]]",16,0.08128352549864842
level2_receiver_side_info,226,"[[0,0,1,0,1,0,0,0],[0,0,1,1],[0,1,1,1]]",32,0.09305028484361938
level2_receiver_side_info,227,"[[0,0,1,0,1,0,0,0],[0,1,0,1],[0,0,0,1]]",0,0.0
level2_receiver_side_info,227,"[[0,0,1,0,1,0,0,0],[0,1,0,1],[0,0,0,1]]",1,0.01621124580150446
level2_receiver_side_info,227,"[[0,0,1,0,1,0,0,0],[0,1,0,1],[0,0,0,1]]",2,0.028533198169706342
level2_receiver_side_info,227,"[[0,0,1,0,1,0,0,0],[0,1,0,1],[0,0,0,1]]",4,0.0456971587074495
level2_receiver_side_info,227,"[[0,0,1,0,1,0,0,0],[0,1,0,1],[0,0,0,1]]",8,0.0647237743260059
level2_receiver_side_info,227,"[[0,0,1,0,1,0,0,0],[0,1,0,1],[0,0,0,1]]",16,0.08128352549864837
level2_receiver_side_info,227,"[[0,0,1,0,1,0,0,0],[0,1,0,1],[0,0,0,1]]",32,0.09305028484361938
level2_receiver_side_info,228,"[[0,0,1,0,1,0,0,0],[0,1,0,1],[0,0,1,0]]",0,0.0
level2_receiver_side_info,228,"[[0,0,1,0,1,0,0,0],[0,1,0,1],[0,0,1,0]]",1,0.01621124580150446
level2_receiver_side_info,228,"[[0,0,1,0,1,0,0,0],[0,1,0,1],[0,0,1,0]]",2,0.028533198169706286
level2_receiver_side_info,228,"[[0,0,1,0,1,0,0,0],[0,1,0,1],[0,0,1,0]]",4,0.0456971587074495
level2_receiver_side_info,228,"[[0,0,1,0,1,0,0,0],[0,1,0,1],[0,0,1,0]]",8,0.0647237743260059
level2_receiver_side_info,228,"[[0,0,1,0,1,0,0,0],[0,1,0,1],[0,0,1,0]]",16,0.08128352549864842
level2_receiver_side_info,228,"[[0,0,1,0,1,0,0,0],[0,1,0,1],[0,0,1,0]]",32,0.09305028484361932
level2_receiver_side_info,229,"[[0,0,1,0,1,0,0,0],[0,1,0,1],[0,1,0,0]]",0,0.0
level2_receiver_side_info,229,"[[0,0,1,0,1,0,0,0],[0,1,0,1],[0,1,0,0]]",1,0.01621124580150446
level2_receiver_side_info,229,"[[0,0,1,0,1,0,0,0],[0,1,0,1],[0,1,0,0]]",2,0.028533198169706342
level2_receiver_side_info,229,"[[0,0,1,0,1,0,0,0],[0,1,0,1],[0,1,0,0]]",4,0.0456971587074495
level2_receiver_side_info,229,"[[0,0,1,0,1,0,0,0],[0,1,0,1],[0,1,0,0]]",8,0.0647237743260059
level2_receiver_side_info,229,"[[0,0,1,0,1,0,0,0],[0,1,0,1],[0,1,0,0]]",16,0.08128352549864842
level2_receiver_side_info,229,"[[0,0,1,0,1,0,0,0],[0,1,0,1],[0,1,0,0]]",32,0.09305028484361938
level2_receiver_side_info,230,"[[0,0,1,0,1,0,0,0],[0,1,0,1],[0,1,1,0]]",0,0.0
level2_receiver_side_info,230,"[[0,0,1,0,1,0,0,0],[0,1,0,1],[0,1,1,0]]",1,0.05860388034055081
level2_receiver_side_info,230,"[[0,0,1,0,1,0,0,0],[0,1,0,1],[0,1,1,0]]",2,0.10360963497554826
level2_receiver_side_info,230,"[[0,0,1,0,1,0,0,0],[0,1,0,1],[0,1,1,0]]",4,0.16586347534839643
level2_receiver_side_info,230,"[[0,0,1,0,1,0,0,0],[0,1,0,1],[0,1,1,0]]",8,0.23177388954021425
level2_receiver_side_info,230,"[[0,0,1,0,1,0,0,0],[0,1,0,1],[0,1,1,0]]",16,0.2829520729874759
level2_receiver_side_info,230,"[[0,0,1,0,1,0,0,0],[0,1,0,1],[0,1,1,0]]",32,0.3139496737296405
level2_receiver_side_info,231,"[[0,0,1,0,1,0,0,0],[0,1,0,1],[0,1,1,1]]",0,0.0
level2_receiver_side_info,231,"[[0,0,1,0,1,0,0,0],[0,1,0,1],[0,1,1,1]]",1,0.01621124580150446
level2_receiver_side_info,231,"[[0,0,1,0,1,0,0,0],[0,1,0,1],[0,1,1,1]]",2,0.028533198169706397
level2_receiver_side_info,231,"[[0,0,1,0,1,0,0,0],[0,1,0,1],[0,1,1,1]]",4,0.0456971587074495
level2_receiver_side_info,231,"[[0,0,1,0,1,0,0,0],[0,1,0,1],[0,1,1,1]]",8,0.0647237743260059
level2_receiver_side_info,231,"[[0,0,1,0,1,0,0,0],[0,1,0,1],[0,1,1,1]]",16,0.08128352549864842
level2_receiver_side_info,231,"[[0,0,1,0,1,0,0,0],[0,1,0,1],[0,1,1,1]]",32,0.09305028484361938
level2_receiver_side_info,232,"[[0,0,1,0,1,0,0,0],[0,1,0,1],[1,1,1,0]]",0,0.0
level2_receiver_side_info,232,"[[0,0,1,0,1,0,0,0],[0,1,0,1],[1,1,1,0]]",1,0.01621124580150446
level2_receiver_side_info,232,"[[0,0,1,0,1,0,0,0],[0,1,0,1],[1,1,1,0]]",2,0.028533198169706342
level2_receiver_side_info,232,"[[0,0,1,0,1,0,0,0],[0,1,0,1],[1,1,1,0]]",4,0.0456971587074495
level2_receiver_side_info,232,"[[0,0,1,0,1,0,0,0],[0,1,0,1],[1,1,1,0]]",8,0.0647237743260059
level2_receiver_side_info,232,"[[0,0,1,0,1,0,0,0],[0,1,0,1],[1,1,1,0]]",16,0.08128352549864837
level2_receiver_side_info,232,"[[0,0,1,0,1,0,0,0],[0,1,0,1],[1,1,1,0]]",32,0.09305028484361938
level2_receiver_side_info,233,"[[0,0,1,0,1,0,0,0],[0,1,0,1],[1,1,0,1]]",0,0.0
level2_receiver_side_info,233,"[[0,0,1,0,1,0,0,0],[0,1,0,1],[1,1,0,1]]",1,0.01621124580150446
level2_receiver_side_info,233,"[[0,0,1,0,1,0,0,0],[0,1,0,1],[1,1,0,1]]",2,0.028533198169706286
level2_receiver_side_info,233,"[[0,0,1,0,1,0,0,0],[0,1,0,1],[1,1,0,1]]",4,0.0456971587074495
level2_receiver_side_info,233,"[[0,0,1,0,1,0,0,0],[0,1,0,1],[1,1,0,1]]",8,0.0647237743260059
level2_receiver_side_info,233,"[[0,0,1,0,1,0,0,0],[0,1,0,1],[1,1,0,1]]",16,0.08128352549864842
level2_receiver_side_info,233,"[[0,0,1,0,1,0,0,0],[0,1,0,1],[1,1,0,1]]",32,0.09305028484361932
level2_receiver_side_info,234,"[[0,0,1,0,1,0,0,0],[0,1,0,1],[1,0,1,1]]",0,0.0
level2_receiver_side_info,234,"[[0,0,1,0,1,0,0,0],[0,1,0,1],[1,0,1,1]]",1,0.01621124580150446
level2_receiver_side_info,234,"[[0,0,1,0,1,0,0,0],[0,1,0,1],[1,0,1,1]]",2,0.028533198169706342
level2_receiver_side_info,234,"[[0,0,1,0,1,0,0,0],[0,1,0,1],[1,0,1,1]]",4,0.0456971587074495
level2_receiver_side_info,234,"[[0,0,1,0,1,0,0,0],[0,1,0,1],[1,0,1,1]]",8,0.0647237743260059
level2_receiver_side_info,234,"[[0,0,1,0,1,0,0,0],[0,1,0,1],[1,0,1,1]]",16,0.08128352549864842
level2_receiver_side_info,234,"[[0,0,1,0,1,0,0,0],[0,1,0,1],[1,0,1,1]]",32,0.09305028484361938
level2_receiver_side_info,235,"[[0,0,1,0,1,0,0,0],[0,1,0,1],[1,0,0,1]]",0,0.0
level2_receiver_side_info,235,"[[0,0,1,0,1,0,0,0],[0,1,0,1],[1,0,0,1]]",1,0.05860388034055081
level2_receiver_side_info,235,"[[0,0,1,0,1,0,0,0],[0,1,0,1],[1,0,0,1]]",2,0.10360963497554826
level2_receiver_side_info,235,"[[0,0,1,0,1,0,0,0],[0,1,0,1],[1,0,0,1]]",4,0.16586347534839643
level2_receiver_side_info,235,"[[0,0,1,0,1,0,0,0],[0,1,0,1],[1,0,0,1]]",8,0.23177388954021425
level2_receiver_side_info,235,"[[0,0,1,0,1,0,0,0],[0,1,0,1],[1,0,0,1]]",16,0.2829520729874759
level2_receiver_side_info,235,"[[0,0,1,0,1,0,0,0],[0,1,0,1],[1,0,0,1]]",32,0.3139496737296405
level2_receiver_side_info,236,"[[0,0,1,0,1,0,0,0],[0,1,0,1],[1,0,0,0]]",0,0.0
level2_receiver_side_info,236,"[[0,0,1,0,1,0,0,0],[0,1,0,1],[1,0,0,0]]",1,0.01621124580150446
level2_receiver_side_info,236,"[[0,0,1,0,1,0,0,0],[0,1,0,1],[1,0,0,0]]",2,0.028533198169706397
level2_receiver_side_info,236,"[[0,0,1,0,1,0,0,0],[0,1,0,1],[1,0,0,0]]",4,0.0456971587074495
level2_receiver_side_info,236,"[[0,0,1,0,1,0,0,0],[0,1,0,1],[1,0,0,0]]",8,0.0647237743260059
level2_receiver_side_info,236,"[[0,0,1,0,1,0,0,0],[0,1,0,1],[1,0,0,0]]",16,0.08128352549864842
level2_receiver_side_info,236,"[[0,0,1,0,1,0,0,0],[0,1,0,1],[1,0,0,0]]",32,0.09305028484361938
level2_receiver_side_info,237,"[[0,0,1,0,1,0,0,0],[0,0,1,1],[1,1,1,0]]",0,0.0
level2_receiver_side_info,237,"[[0,0,1,0,1,0,0,0],[0,0,1,1],[1,1,1,0]]",1,0.01621124580150446
level2_receiver_side_info,237,"[[0,0,1,0,1,0,0,0],[0,0,1,1],[1,1,1,0]]",2,0.028533198169706342
level2_receiver_side_info,237,"[[0,0,1,0,1,0,0,0],[0,0,1,1],[1,1,1,0]]",4,0.0456971587074495
level2_receiver_side_info,237,"[[0,0,1,0,1,0,0,0],[0,0,1,1],[1,1,1,0]]",8,0.0647237743260059
level2_receiver_side_info,237,"[[0,0,1,0,1,0,0,0],[0,0,1,1],[1,1,1,0]]",16,0.08128352549864837
level2_receiver_side_info,237,"[[0,0,1,0,1,0,0,0],[0,0,1,1],[1,1,1,0]]",32,0.09305028484361938
level2_receiver_side_info,238,"[[0,0,1,0,1,0,0,0],[0,0,1,1],[1,1,0,1]]",0,0.0
level2_receiver_side_info,238,"[[0,0,1,0,1,0,0,0],[0,0,1,1],[1,1,0,1]]",1,0.01621124580150446
level2_receiver_side_info,238,"[[0,0,1,0,1,0,0,0],[0,0,1,1],[1,1,0,1]]",2,0.028533198169706286
level2_receiver_side_info,238,"[[0,0,1,0,1,0,0,0],[0,0,1,1],[1,1,0,1]]",4,0.0456971587074495
level2_receiver_side_info,238,"[[0,0,1,0,1,0,0,0],[0,0,1,1],[1,1,0,1]]",8,0.0647237743260059
level2_receiver_side_info,238,"[[0,0,1,0,1,0,0,0],[0,0,1,1],[1,1,0,1]]",16,0.08128352549864842
level2_receiver_side_info,238,"[[0,0,1,0,1,0,0,0],[0,0,1,1],[1,1,0,1]]",32,0.09305028484361932
level2_receiver_side_info,239,"[[0,0,1,0,1,0,0,0],[0,0,1,1],[1,0,1,1]]",0,0.0
level2_receiver_side_info,239,"[[0,0,1,0,1,0,0,0],[0,0,1,1],[1,0,1,1]]",1,0.01621124580150446
level2_receiver_side_info,239,"[[0,0,1,0,1,0,0,0],[0,0,1,1],[1,0,1,1]]",2,0.028533198169706342
level2_receiver_side_info,239,"[[0,0,1,0,1,0,0,0],[0,0,1,1],[1,0,1,1]]",4,0.0456971587074495
level2_receiver_side_info,239,"[[0,0,1,0,1,0,0,0],[0,0,1,1],[1,0,1,1]]",8,0.0647237743260059
level2_receiver_side_info,239,"[[0,0,1,0,1,0,0,0],[0,0,1,1],[1,0,1,1]]",16,0.08128352549864842
level2_receiver_side_info,239,"[[0,0,1,0,1,0,0,0],[0,0,1,1],[1,0,1,1]]",32,0.09305028484361938
level2_receiver_side_info,240,"[[0,0,1,0,1,0,0,0],[0,0,1,1],[1,0,0,1]]",0,0.0
level2_receiver_side_info,240,"[[0,0,1,0,1,0,0,0],[0,0,1,1],[1,0,0,1]]",1,0.05860388034055081
level2_receiver_side_info,240,"[[0,0,1,0,1,0,0,0],[0,0,1,1],[1,0,0,1]]",2,0.10360963497554826
level2_receiver_side_info,240,"[[0,0,1,0,1,0,0,0],[0,0,1,1],[1,0,0,1]]",4,0.16586347534839643
level2_receiver_side_info,240,"[[0,0,1,0,1,0,0,0],[0,0,1,1],[1,0,0,1]]",8,0.23177388954021425
level2_receiver_side_info,240,"[[0,0,1,0,1,0,0,0],[0,0,1,1],[1,0,0,1]]",16,0.2829520729874759
level2_receiver_side_info,240,"[[0,0,1,0,1,0,0,0],[0,0,1,1],[1,0,0,1]]",32,0.3139496737296405
level2_receiver_side_info,241,"[[0,0,1,0,1,0,0,0],[0,0,1,1],[1,0,0,0]]",0,0.0
level2_receiver_side_info,241,"[[0,0,1,0,1,0,0,0],[0,0,1,1],[1,0,0,0]]",1,0.01621124580150446
level2_receiver_side_info,241,"[[0,0,1,0,1,0,0,0],[0,0,1,1],[1,0,0,0]]",2,0.028533198169706397
level2_receiver_side_info,241,"[[0,0,1,0,1,0,0,0],[0,0,1,1],[1,0,0,0]]",4,0.0456971587074495
level2_receiver_side_info,241,"[[0,0,1,0,1,0,0,0],[0,0,1,1],[1,0,0,0]]",8,0.0647237743260059
level2_receiver_side_info,241,"[[0,0,1,0,1,0,0,0],[0,0,1,1],[1,0,0,0]]",16,0.08128352549864842
level2_receiver_side_info,241,"[[0,0,1,0,1,0,0,0],[0,0,1,1],[1,0,0,0]]",32,0.09305028484361938
level2_receiver_side_info,242,"[[0,0,1,0,1,0,1,0],[0,0,0,1],[0,1,1,1]]",0,0.007042719241674045
level2_receiver_side_info,242,"[[0,0,1,0,1,0,1,0],[0,0,0,1],[0,1,1,1]]",1,0.043652143186217685
level2_receiver_side_info,242,"[[0,0,1,0,1,0,1,0],[0,0,0,1],[0,1,1,1]]",2,0.07195128098324621
level2_receiver_side_info,242,"[[0,0,1,0,1,0,1,0],[0,0,0,1],[0,1,1,1]]",4,0.11242296217865763
level2_receiver_side_info,242,"[[0,0,1,0,1,0,1,0],[0,0,0,1],[0,1,1,1]]",8,0.15854956604460907
level2_receiver_side_info,242,"[[0,0,1,0,1,0,1,0],[0,0,0,1],[0,1,1,1]]",16,0.19702626025256342
level2_receiver_side_info,242,"[[0,0,1,0,1,0,1,0],[0,0,0,1],[0,1,1,1]]",32,0.21969614553731964
level2_receiver_side_info,243,"[[0,0,1,0,1,0,1,0],[0,0,1,0],[0,1,1,1]]",0,0.007042719241674045
level2_receiver_side_info,243,"[[0,0,1,0,1,0,1,0],[0,0,1,0],[0,1,1,1]]",1,0.043652143186217685
level2_receiver_side_info,243,"[[0,0,1,0,1,0,1,0],[0,0,1,0],[0,1,1,1]]",2,0.07195128098324621
level2_receiver_side_info,243,"[[0,0,1,0,1,0,1,0],[0,0,1,0],[0,1,1,1]]",4,0.11242296217865763
level2_receiver_side_info,243,"[[0,0,1,0,1,0,1,0],[0,0,1,0],[0,1,1,1]]",8,0.15854956604460907
level2_receiver_side_info,243,"[[0,0,1,0,1,0,1,0],[0,0,1,0],[0,1,1,1]]",16,0.19702626025256348
level2_receiver_side_info,243,"[[0,0,1,0,1,0,1,0],[0,0,1,0],[0,1,1,1]]",32,0.21969614553731964
level2_receiver_side_info,244,"[[0,0,1,0,1,0,1,0],[0,1,0,0],[0,1,1,1]]",0,0.007042719241673989
level2_receiver_side_info,244,"[[0,0,1,0,1,0,1,0],[0,1,0,0],[0,1,1,1]]",1,0.043652143186217685
level2_receiver_side_info,244,"[[0,0,1,0,1,0,1,0],[0,1,0,0],[0,1,1,1]]",2,0.07195128098324621
level2_receiver_side_info,244,"[[0,0,1,0,1,0,1,0],[0,1,0,0],[0,1,1,1]]",4,0.11242296217865758
level2_receiver_side_info,244,"[[0,0,1,0,1,0,1,0],[0,1,0,0],[0,1,1,1]]",8,0.15854956604460907
level2_receiver_side_info,244,"[[0,0,1,0,1,0,1,0],[0,1,0,0],[0,1,1,1]]",16,0.19702626025256348
level2_receiver_side_info,244,"[[0,0,1,0,1,0,1,0],[0,1,0,0],[0,1,1,1]]",32,0.21969614553731964
level2_receiver_side_info,245,"[[0,0,1,0,1,0,1,0],[0,1,0,0],[0,1,1,1]]",0,0.007042719241673989
level2_receiver_side_info,245,"[[0,0,1,0,1,0,1,0],[0,1,0,0],[0,1,1,1]]",1,0.043652143186217685
level2_receiver_side_info,245,"[[0,0,1,0,1,0,1,0],[0,1,0,0],[0,1,1,1]]",2,0.07195128098324621
level2_receiver_side_info,245,"[[0,0,1,0,1,0,1,0],[0,1,0,0],[0,1,1,1]]",4,0.11242296217865758
level2_receiver_side_info,245,"[[0,0,1,0,1,0,1,0],[0,1,0,0],[0,1,1,1]]",8,0.15854956604460907
level2_receiver_side_info,245,"[[0,0,1,0,1,0,1,0],[0,1,0,0],[0,1,1,1]]",16,0.19702626025256348
level2_receiver_side_info,245,"[[0,0,1,0,1,0,1,0],[0,1,0,0],[0,1,1,1]]",32,0.21969614553731964
level2_receiver_side_info,246,"[[0,0,1,0,1,0,1,0],[0,0,1,0],[0,1,1,1]]",0,0.007042719241674045
level2_receiver_side_info,246,"[[0,0,1,0,1,0,1,0],[0,0,1,0],[0,1,1,1]]",1,0.043652143186217685
level2_receiver_side_info,246,"[[0,0,1,0,1,0,1,0],[0,0,1,0],[0,1,1,1]]",2,0.07195128098324621
level2_receiver_side_info,246,"[[0,0,1,0,1,0,1,0],[0,0,1,0],[0,1,1,1]]",4,0.11242296217865763
level2_receiver_side_info,246,"[[0,0,1,0,1,0,1,0],[0,0,1,0],[0,1,1,1]]",8,0.15854956604460907
level2_receiver_side_info,246,"[[0,0,1,0,1,0,1,0],[0,0,1,0],[0,1,1,1]]",16,0.19702626025256348
level2_receiver_side_info,246,"[[0,0,1,0,1,0,1,0],[0,0,1,0],[0,1,1,1]]",32,0.21969614553731964
level2_receiver_side_info,247,"[[0,0,1,0,1,0,1,0],[0,0,0,1],[0,1,1,1]]",0,0.007042719241674045
level2_receiver_side_info,247,"[[0,0,1,0,1,0,1,0],[0,0,0,1],[0,1,1,1]]",1,0.043652143186217685
level2_receiver_side_info,247,"[[0,0,1,0,1,0,1,0],[0,0,0,1],[0,1,1,1]]",2,0.07195128098324621
level2_receiver_side_info,247,"[[0,0,1,0,1,0,1,0],[0,0,0,1],[0,1,1,1]]",4,0.11242296217865763
level2_receiver_side_info,247,"[[0,0,1,0,1,0,1,0],[0,0,0,1],[0,1,1,1]]",8,0.15854956604460907
level2_receiver_side_info,247,"[[0,0,1,0,1,0,1,0],[0,0,0,1],[0,1,1,1]]",16,0.19702626025256342
level2_receiver_side_info,247,"[[0,0,1,0,1,0,1,0],[0,0,0,1],[0,1,1,1]]",32,0.21969614553731964
level2_receiver_side_info,248,"[[0,0,1,1,0,0,0,0],[0,0,0,1],[1,0,1,1]]",0,0.09116077839697717
level2_receiver_side_info,248,"[[0,0,1,1,0,0,0,0],[0,0,0,1],[1,0,1,1]]",1,0.14290658343056556
level2_receiver_side_info,248,"[[0,0,1,1,0,0,0,0],[0,0,0,1],[1,0,1,1]]",2,0.1844981032973394
level2_receiver_side_info,248,"[[0,0,1,1,0,0,0,0],[0,0,0,1],[1,0,1,1]]",4,0.246861694803569
level2_receiver_side_info,248,"[[0,0,1,1,0,0,0,0],[0,0,0,1],[1,0,1,1]]",8,0.3229802905687297
level2_receiver_side_info,248,"[[0,0,1,1,0,0,0,0],[0,0,0,1],[1,0,1,1]]",16,0.39196225193885564
level2_receiver_side_info,248,"[[0,0,1,1,0,0,0,0],[0,0,0,1],[1,0,1,1]]",32,0.43644344248314637
level2_receiver_side_info,249,"[[0,0,1,1,0,0,0,0],[0,0,1,0],[1,0,1,1]]",0,0.09116077839697717
level2_receiver_side_info,249,"[[0,0,1,1,0,0,0,0],[0,0,1,0],[1,0,1,1]]",1,0.14290658343056556
level2_receiver_side_info,249,"[[0,0,1,1,0,0,0,0],[0,0,1,0],[1,0,1,1]]",2,0.1844981032973394
level2_receiver_side_info,249,"[[0,0,1,1,0,0,0,0],[0,0,1,0],[1,0,1,1]]",4,0.246861694803569
level2_receiver_side_info,249,"[[0,0,1,1,0,0,0,0],[0,0,1,0],[1,0,1,1]]",8,0.32298029056872957
level2_receiver_side_info,249,"[[0,0,1,1,0,0,0,0],[0,0,1,0],[1,0,1,1]]",16,0.39196225193885564
level2_receiver_side_info,249,"[[0,0,1,1,0,0,0,0],[0,0,1,0],[1,0,1,1]]",32,0.43644344248314637
level2_receiver_side_info,250,"[[0,0,1,1,0,0,0,0],[0,0,1,1],[1,0,1,1]]",0,0.12770640594149762
level2_receiver_side_info,250,"[[0,0,1,1,0,0,0,0],[0,0,1,1],[1,0,1,1]]",1,0.15096929892483568
level2_receiver_side_info,250,"[[0,0,1,1,0,0,0,0],[0,0,1,1],[1,0,1,1]]",2,0.17050487482649546
level2_receiver_side_info,250,"[[0,0,1,1,0,0,0,0],[0,0,1,1],[1,0,1,1]]",4,0.20126976453018752
level2_receiver_side_info,250,"[[0,0,1,1,0,0,0,0],[0,0,1,1],[1,0,1,1]]",8,0.24160378117120543
level2_receiver_side_info,250,"[[0,0,1,1,0,0,0,0],[0,0,1,1],[1,0,1,1]]",16,0.2821277426655734
level2_receiver_side_info,250,"[[0,0,1,1,0,0,0,0],[0,0,1,1],[1,0,1,1]]",32,0.3121232354594785
level2_receiver_side_info,251,"[[0,0,1,1,0,0,0,0],[0,1,0,1],[0,1,0,0]]",0,0.12770640594149774
level2_receiver_side_info,251,"[[0,0,1,1,0,0,0,0],[0,1,0,1],[0,1,0,0]]",1,0.15096929892483568
level2_receiver_side_info,251,"[[0,0,1,1,0,0,0,0],[0,1,0,1],[0,1,0,0]]",2,0.17050487482649546
level2_receiver_side_info,251,"[[0,0,1,1,0,0,0,0],[0,1,0,1],[0,1,0,0]]",4,0.20126976453018763
level2_receiver_side_info,251,"[[0,0,1,1,0,0,0,0],[0,1,0,1],[0,1,0,0]]",8,0.24160378117120537
level2_receiver_side_info,251,"[[0,0,1,1,0,0,0,0],[0,1,0,1],[0,1,0,0]]",16,0.2821277426655734
level2_receiver_side_info,251,"[[0,0,1,1,0,0,0,0],[0,1,0,1],[0,1,0,0]]",32,0.3121232354594785
level2_receiver_side_info,252,"[[0,0,1,1,0,0,0,0],[0,1,1,0],[0,1,0,0]]",0,0.12770640594149768
level2_receiver_side_info,252,"[[0,0,1,1,0,0,0,0],[0,1,1,0],[0,1,0,0]]",1,0.15096929892483568
level2_receiver_side_info,252,"[[0,0,1,1,0,0,0,0],[0,1,1,0],[0,1,0,0]]",2,0.17050487482649546
level2_receiver_side_info,252,"[[0,0,1,1,0,0,0,0],[0,1,1,0],[0,1,0,0]]",4,0.20126976453018758
level2_receiver_side_info,252,"[[0,0,1,1,0,0,0,0],[0,1,1,0],[0,1,0,0]]",8,0.24160378117120543
level2_receiver_side_info,252,"[[0,0,1,1,0,0,0,0],[0,1,1,0],[0,1,0,0]]",16,0.2821277426655734
level2_receiver_side_info,252,"[[0,0,1,1,0,0,0,0],[0,1,1,0],[0,1,0,0]]",32,0.3121232354594785
level2_receiver_side_info,253,"[[0,0,1,1,0,0,0,0],[0,1,1,1],[0,1,0,0]]",0,0.09116077839697717
level2_receiver_side_info,253,"[[0,0,1,1,0,0,0,0],[0,1,1,1],[0,1,0,0]]",1,0.14290658343056545
level2_receiver_side_info,253,"[[0,0,1,1,0,0,0,0],[0,1,1,1],[0,1,0,0]]",2,0.1844981032973394
level2_receiver_side_info,253,"[[0,0,1,1,0,0,0,0],[0,1,1,1],[0,1,0,0]]",4,0.2468616948035689
level2_receiver_side_info,253,"[[0,0,1,1,0,0,0,0],[0,1,1,1],[0,1,0,0]]",8,0.3229802905687297
level2_receiver_side_info,253,"[[0,0,1,1,0,0,0,0],[0,1,1,1],[0,1,0,0]]",16,0.39196225193885564
level2_receiver_side_info,253,"[[0,0,1,1,0,0,0,0],[0,1,1,1],[0,1,0,0]]",32,0.43644344248314637
level2_receiver_side_info,254,"[[0,0,1,1,0,0,0,0],[0,1,1,1],[0,1,0,0]]",0,0.09116077839697717
level2_receiver_side_info,254,"[[0,0,1,1,0,0,0,0],[0,1,1,1],[0,1,0,0]]",1,0.14290658343056545
level2_receiver_side_info,254,"[[0,0,1,1,0,0,0,0],[0,1,1,1],[0,1,0,0]]",2,0.1844981032973394
level2_receiver_side_info,254,"[[0,0,1,1,0,0,0,0],[0,1,1,1],[0,1,0,0]]",4,0.2468616948035689
level2_receiver_side_info,254,"[[0,0,1,1,0,0,0,0],[0,1,1,1],[0,1,0,0]]",8,0.3229802905687297
level2_receiver_side_info,254,"[[0,0,1,1,0,0,0,0],[0,1,1,1],[0,1,0,0]]",16,0.39196225193885564
level2_receiver_side_info,254,"[[0,0,1,1,0,0,0,0],[0,1,1,1],[0,1,0,0]]",32,0.43644344248314637
level2_receiver_side_info,255,"[[0,0,1,1,0,0,0,0],[0,1,1,0],[0,1,0,0]]",0,0.12770640594149768
level2_receiver_side_info,255,"[[0,0,1,1,0,0,0,0],[0,1,1,0],[0,1,0,0]]",1,0.15096929892483568
level2_receiver_side_info,255,"[[0,0,1,1,0,0,0,0],[0,1,1,0],[0,1,0,0]]",2,0.17050487482649546
level2_receiver_side_info,255,"[[0,0,1,1,0,0,0,0],[0,1,1,0],[0,1,0,0]]",4,0.20126976453018758
level2_receiver_side_info,255,"[[0,0,1,1,0,0,0,0],[0,1,1,0],[0,1,0,0]]",8,0.24160378117120543
level2_receiver_side_info,255,"[[0,0,1,1,0,0,0,0],[0,1,1,0],[0,1,0,0]]",16,0.2821277426655734
level2_receiver_side_info,255,"[[0,0,1,1,0,0,0,0],[0,1,1,0],[0,1,0,0]]",32,0.3121232354594785
level2_receiver_side_info,256,"[[0,0,1,1,0,0,0,0],[0,1,0,1],[0,1,0,0]]",0,0.12770640594149774
level2_receiver_side_info,256,"[[0,0,1,1,0,0,0,0],[0,1,0,1],[0,1,0,0]]",1,0.15096929892483568
level2_receiver_side_info,256,"[[0,0,1,1,0,0,0,0],[0,1,0,1],[0,1,0,0]]",2,0.17050487482649546
level2_receiver_side_info,256,"[[0,0,1,1,0,0,0,0],[0,1,0,1],[0,1,0,0]]",4,0.20126976453018763
level2_receiver_side_info,256,"[[0,0,1,1,0,0,0,0],[0,1,0,1],[0,1,0,0]]",8,0.24160378117120537
level2_receiver_side_info,256,"[[0,0,1,1,0,0,0,0],[0,1,0,1],[0,1,0,0]]",16,0.2821277426655734
level2_receiver_side_info,256,"[[0,0,1,1,0,0,0,0],[0,1,0,1],[0,1,0,0]]",32,0.3121232354594785
level2_receiver_side_info,257,"[[0,0,1,1,0,0,0,0],[0,0,1,1],[1,0,1,1]]",0,0.12770640594149762
level2_receiver_side_info,257,"[[0,0,1,1,0,0,0,0],[0,0,1,1],[1,0,1,1]]",1,0.15096929892483568
level2_receiver_side_info,257,"[[0,0,1,1,0,0,0,0],[0,0,1,1],[1,0,1,1]]",2,0.17050487482649546
level2_receiver_side_info,257,"[[0,0,1,1,0,0,0,0],[0,0,1,1],[1,0,1,1]]",4,0.20126976453018752
level2_receiver_side_info,257,"[[0,0,1,1,0,0,0,0],[0,0,1,1],[1,0,1,1]]",8,0.24160378117120543
level2_receiver_side_info,257,"[[0,0,1,1,0,0,0,0],[0,0,1,1],[1,0,1,1]]",16,0.2821277426655734
level2_receiver_side_info,257,"[[0,0,1,1,0,0,0,0],[0,0,1,1],[1,0,1,1]]",32,0.3121232354594785
level2_receiver_side_info,258,"[[0,0,1,1,0,0,0,0],[0,0,1,0],[1,0,1,1]]",0,0.09116077839697717
level2_receiver_side_info,258,"[[0,0,1,1,0,0,0,0],[0,0,1,0],[1,0,1,1]]",1,0.14290658343056556
level2_receiver_side_info,258,"[[0,0,1,1,0,0,0,0],[0,0,1,0],[1,0,1,1]]",2,0.1844981032973394
level2_receiver_side_info,258,"[[0,0,1,1,0,0,0,0],[0,0,1,0],[1,0,1,1]]",4,0.246861694803569
level2_receiver_side_info,258,"[[0,0,1,1,0,0,0,0],[0,0,1,0],[1,0,1,1]]",8,0.32298029056872957
level2_receiver_side_info,258,"[[0,0,1,1,0,0,0,0],[0,0,1,0],[1,0,1,1]]",16,0.39196225193885564
level2_receiver_side_info,258,"[[0,0,1,1,0,0,0,0],[0,0,1,0],[1,0,1,1]]",32,0.43644344248314637
level2_receiver_side_info,259,"[[0,0,1,1,0,0,0,0],[0,0,0,1],[1,0,1,1]]",0,0.09116077839697717
level2_receiver_side_info,259,"[[0,0,1,1,0,0,0,0],[0,0,0,1],[1,0,1,1]]",1,0.14290658343056556
level2_receiver_side_info,259,"[[0,0,1,1,0,0,0,0],[0,0,0,1],[1,0,1,1]]",2,0.1844981032973394
level2_receiver_side_info,259,"[[0,0,1,1,0,0,0,0],[0,0,0,1],[1,0,1,1]]",4,0.246861694803569
level2_receiver_side_info,259,"[[0,0,1,1,0,0,0,0],[0,0,0,1],[1,0,1,1]]",8,0.3229802905687297
level2_receiver_side_info,259,"[[0,0,1,1,0,0,0,0],[0,0,0,1],[1,0,1,1]]",16,0.39196225193885564
level2_receiver_side_info,259,"[[0,0,1,1,0,0,0,0],[0,0,0,1],[1,0,1,1]]",32,0.43644344248314637
level2_receiver_side_info,260,"[[0,0,1,1,0,0,1,1],[0,0,1,1],[0,0,0,1]]",0,0.0
level2_receiver_side_info,260,"[[0,0,1,1,0,0,1,1],[0,0,1,1],[0,0,0,1]]",1,0.029298145242776408
level2_receiver_side_info,260,"[[0,0,1,1,0,0,1,1],[0,0,1,1],[0,0,0,1]]",2,0.05196690317726649
level2_receiver_side_info,260,"[[0,0,1,1,0,0,1,1],[0,0,1,1],[0,0,0,1]]",4,0.08435950345211596
level2_receiver_side_info,260,"[[0,0,1,1,0,0,1,1],[0,0,1,1],[0,0,0,1]]",8,0.12198650516110154
level2_receiver_side_info,260,"[[0,0,1,1,0,0,1,1],[0,0,1,1],[0,0,0,1]]",16,0.1569947083971185
level2_receiver_side_info,260,"[[0,0,1,1,0,0,1,1],[0,0,1,1],[0,0,0,1]]",32,0.1832648102910467
level2_receiver_side_info,261,"[[0,0,1,1,0,0,1,1],[0,0,1,1],[0,0,1,0]]",0,0.0
level2_receiver_side_info,261,"[[0,0,1,1,0,0,1,1],[0,0,1,1],[0,0,1,0]]",1,0.029298145242776408
level2_receiver_side_info,261,"[[0,0,1,1,0,0,1,1],[0,0,1,1],[0,0,1,0]]",2,0.05196690317726649
level2_receiver_side_info,261,"[[0,0,1,1,0,0,1,1],[0,0,1,1],[0,0,1,0]]",4,0.08435950345211607
level2_receiver_side_info,261,"[[0,0,1,1,0,0,1,1],[0,0,1,1],[0,0,1,0]]",8,0.12198650516110165
level2_receiver_side_info,261,"[[0,0,1,1,0,0,1,1],[0,0,1,1],[0,0,1,0]]",16,0.15699470839711838
level2_receiver_side_info,261,"[[0,0,1,1,0,0,1,1],[0,0,1,1],[0,0,1,0]]",32,0.1832648102910467
level2_receiver_side_info,262,"[[0,0,1,1,0,0,1,1],[0,0,1,1],[0,1,0,0]]",0,0.0
level2_receiver_side_info,262,"[[0,0,1,1,0,0,1,1],[0,0,1,1],[0,1,0,0]]",1,0.029298145242776297
level2_receiver_side_info,262,"[[0,0,1,1,0,0,1,1],[0,0,1,1],[0,1,0,0]]",2,0.05196690317726638
level2_receiver_side_info,262,"[[0,0,1,1,0,0,1,1],[0,0,1,1],[0,1,0,0]]",4,0.08435950345211607
level2_receiver_side_info,262,"[[0,0,1,1,0,0,1,1],[0,0,1,1],[0,1,0,0]]",8,0.12198650516110165
level2_receiver_side_info,262,"[[0,0,1,1,0,0,1,1],[0,0,1,1],[0,1,0,0]]",16,0.1569947083971185
level2_receiver_side_info,262,"[[0,0,1,1,0,0,1,1],[0,0,1,1],[0,1,0,0]]",32,0.18326481029104658
level2_receiver_side_info,263,"[[0,0,1,1,0,0,1,1],[0,0,1,1],[0,1,0,1]]",0,0.0
level2_receiver_side_info,263,"[[0,0,1,1,0,0,1,1],[0,0,1,1],[0,1,0,1]]",1,0.11720776068110161
level2_receiver_side_info,263,"[[0,0,1,1,0,0,1,1],[0,0,1,1],[0,1,0,1]]",2,0.2072192699510964
level2_receiver_side_info,263,"[[0,0,1,1,0,0,1,1],[0,0,1,1],[0,1,0,1]]",4,0.3317269506967929
level2_receiver_side_info,263,"[[0,0,1,1,0,0,1,1],[0,0,1,1],[0,1,0,1]]",8,0.46354777908042843
level2_receiver_side_info,263,"[[0,0,1,1,0,0,1,1],[0,0,1,1],[0,1,0,1]]",16,0.5659041459749518
level2_receiver_side_info,263,"[[0,0,1,1,0,0,1,1],[0,0,1,1],[0,1,0,1]]",32,0.627899347459281
level2_receiver_side_info,264,"[[0,0,1,1,0,0,1,1],[0,0,1,1],[0,1,1,1]]",0,0.0
level2_receiver_side_info,264,"[[0,0,1,1,0,0,1,1],[0,0,1,1],[0,1,1,1]]",1,0.029298145242776408
level2_receiver_side_info,264,"[[0,0,1,1,0,0,1,1],[0,0,1,1],[0,1,1,1]]",2,0.05196690317726649
level2_receiver_side_info,264,"[[0,0,1,1,0,0,1,1],[0,0,1,1],[0,1,1,1]]",4,0.08435950345211607
level2_receiver_side_info,264,"[[0,0,1,1,0,0,1,1],[0,0,1,1],[0,1,1,1]]",8,0.12198650516110165
level2_receiver_side_info,264,"[[0,0,1,1,0,0,1,1],[0,0,1,1],[0,1,1,1]]",16,0.1569947083971185
level2_receiver_side_info,264,"[[0,0,1,1,0,0,1,1],[0,0,1,1],[0,1,1,1]]",32,0.1832648102910467
level2_receiver_side_info,265,"[[0,0,1,1,0,0,1,1],[0,1,1,0],[0,0,0,1]]",0,0.0
level2_receiver_side_info,265,"[[0,0,1,1,0,0,1,1],[0,1,1,0],[0,0,0,1]]",1,0.029298145242776408
level2_receiver_side_info,265,"[[0,0,1,1,0,0,1,1],[0,1,1,0],[0,0,0,1]]",2,0.05196690317726649
level2_receiver_side_info,265,"[[0,0,1,1,0,0,1,1],[0,1,1,0],[0,0,0,1]]",4,0.08435950345211596
level2_receiver_side_info,265,"[[0,0,1,1,0,0,1,1],[0,1,1,0],[0,0,0,1]]",8,0.12198650516110154
level2_receiver_side_info,265,"[[0,0,1,1,0,0,1,1],[0,1,1,0],[0,0,0,1]]",16,0.1569947083971185
level2_receiver_side_info,265,"[[0,0,1,1,0,0,1,1],[0,1,1,0],[0,0,0,1]]",32,0.1832648102910467
level2_receiver_side_info,266,"[[0,0,1,1,0,0,1,1],[0,1,1,0],[0,0,1,0]]",0,0.0
level2_receiver_side_info,266,"[[0,0,1,1,0,0,1,1],[0,1,1,0],[0,0,1,0]]",1,0.029298145242776408
level2_receiver_side_info,266,"[[0,0,1,1,0,0,1,1],[0,1,1,0],[0,0,1,0]]",2,0.05196690317726649
level2_receiver_side_info,266,"[[0,0,1,1,0,0,1,1],[0,1,1,0],[0,0,1,0]]",4,0.08435950345211607
level2_receiver_side_info,266,"[[0,0,1,1,0,0,1,1],[0,1,1,0],[0,0,1,0]]",8,0.12198650516110165
level2_receiver_side_info,266,"[[0,0,1,1,0,0,1,1],[0,1,1,0],[0,0,1,0]]",16,0.15699470839711838
level2_receiver_side_info,266,"[[0,0,1,1,0,0,1,1],[0,1,1,0],[0,0,1,0]]",32,0.1832648102910467
level2_receiver_side_info,267,"[[0,0,1,1,0,0,1,1],[0,1,1,0],[0,1,0,0]]",0,0.0
level2_receiver_side_info,267,"[[0,0,1,1,0,0,1,1],[0,1,1,0],[0,1,0,0]]",1,0.029298145242776297
level2_receiver_side_info,267,"[[0,0,1,1,0,0,1,1],[0,1,1,0],[0,1,0,0]]",2,0.05196690317726638
level2_receiver_side_info,267,"[[0,0,1,1,0,0,1,1],[0,1,1,0],[0,1,0,0]]",4,0.08435950345211607
level2_receiver_side_info,267,"[[0,0,1,1,0,0,1,1],[0,1,1,0],[0,1,0,0]]",8,0.12198650516110165
level2_receiver_side_info,267,"[[0,0,1,1,0,0,1,1],[0,1,1,0],[0,1,0,0]]",16,0.1569947083971185
level2_receiver_side_info,267,"[[0,0,1,1,0,0,1,1],[0,1,1,0],[0,1,0,0]]",32,0.18326481029104658
level2_receiver_side_info,268,"[[0,0,1,1,0,0,1,1],[0,1,1,0],[0,1,0,1]]",0,0.0
level2_receiver_side_info,268,"[[0,0,1,1,0,0,1,1],[0,1,1,0],[0,1,0,1]]",1,0.11720776068110161
level2_receiver_side_info,268,"[[0,0,1,1,0,0,1,1],[0,1,1,0],[0,1,0,1]]",2,0.2072192699510964
level2_receiver_side_info,268,"[[0,0,1,1,0,0,1,1],[0,1,1,0],[0,1,0,1]]",4,0.3317269506967929
level2_receiver_side_info,268,"[[0,0,1,1,0,0,1,1],[0,1,1,0],[0,1,0,1]]",8,0.46354777908042843
level2_receiver_side_info,268,"[[0,0,1,1,0,0,1,1],[0,1,1,0],[0,1,0,1]]",16,0.5659041459749518
level2_receiver_side_info,268,"[[0,0,1,1,0,0,1,1],[0,1,1,0],[0,1,0,1]]",32,0.627899347459281
level2_receiver_side_info,269,"[[0,0,1,1,0,0,1,1],[0,1,1,0],[0,1,1,1]]",0,0.0
level2_receiver_side_info,269,"[[0,0,1,1,0,0,1,1],[0,1,1,0],[0,1,1,1]]",1,0.029298145242776408
level2_receiver_side_info,269,"[[0,0,1,1,0,0,1,1],[0,1,1,0],[0,1,1,1]]",2,0.05196690317726649
level2_receiver_side_info,269,"[[0,0,1,1,0,0,1,1],[0,1,1,0],[0,1,1,1]]",4,0.08435950345211607
level2_receiver_side_info,269,"[[0,0,1,1,0,0,1,1],[0,1,1,0],[0,1,1,1]]",8,0.12198650516110165
level2_receiver_side_info,269,"[[0,0,1,1,0,0,1,1],[0,1,1,0],[0,1,1,1]]",16,0.1569947083971185
level2_receiver_side_info,269,"[[0,0,1,1,0,0,1,1],[0,1,1,0],[0,1,1,1]]",32,0.1832648102910467
level2_receiver_side_info,270,"[[0,0,1,1,0,0,1,1],[0,1,1,0],[1,1,1,0]]",0,0.0
level2_receiver_side_info,270,"[[0,0,1,1,0,0,1,1],[0,1,1,0],[1,1,1,0]]",1,0.029298145242776408
level2_receiver_side_info,270,"[[0,0,1,1,0,0,1,1],[0,1,1,0],[1,1,1,0]]",2,0.05196690317726649
level2_receiver_side_info,270,"[[0,0,1,1,0,0,1,1],[0,1,1,0],[1,1,1,0]]",4,0.08435950345211596
level2_receiver_side_info,270,"[[0,0,1,1,0,0,1,1],[0,1,1,0],[1,1,1,0]]",8,0.12198650516110154
level2_receiver_side_info,270,"[[0,0,1,1,0,0,1,1],[0,1,1,0],[1,1,1,0]]",16,0.1569947083971185
level2_receiver_side_info,270,"[[0,0,1,1,0,0,1,1],[0,1,1,0],[1,1,1,0]]",32,0.1832648102910467
level2_receiver_side_info,271,"[[0,0,1,1,0,0,1,1],[0,1,1,0],[1,1,0,1]]",0,0.0
level2_receiver_side_info,271,"[[0,0,1,1,0,0,1,1],[0,1,1,0],[1,1,0,1]]",1,0.029298145242776408
level2_receiver_side_info,271,"[[0,0,1,1,0,0,1,1],[0,1,1,0],[1,1,0,1]]",2,0.05196690317726649
level2_receiver_side_info,271,"[[0,0,1,1,0,0,1,1],[0,1,1,0],[1,1,0,1]]",4,0.08435950345211607
level2_receiver_side_info,271,"[[0,0,1,1,0,0,1,1],[0,1,1,0],[1,1,0,1]]",8,0.12198650516110165
level2_receiver_side_info,271,"[[0,0,1,1,0,0,1,1],[0,1,1,0],[1,1,0,1]]",16,0.15699470839711838
level2_receiver_side_info,271,"[[0,0,1,1,0,0,1,1],[0,1,1,0],[1,1,0,1]]",32,0.1832648102910467
level2_receiver_side_info,272,"[[0,0,1,1,0,0,1,1],[0,1,1,0],[1,0,1,1]]",0,0.0
level2_receiver_side_info,272,"[[0,0,1,1,0,0,1,1],[0,1,1,0],[1,0,1,1]]",1,0.029298145242776297
level2_receiver_side_info,272,"[[0,0,1,1,0,0,1,1],[0,1,1,0],[1,0,1,1]]",2,0.05196690317726638
level2_receiver_side_info,272,"[[0,0,1,1,0,0,1,1],[0,1,1,0],[1,0,1,1]]",4,0.08435950345211607
level2_receiver_side_info,272,"[[0,0,1,1,0,0,1,1],[0,1,1,0],[1,0,1,1]]",8,0.12198650516110165
level2_receiver_side_info,272,"[[0,0,1,1,0,0,1,1],[0,1,1,0],[1,0,1,1]]",16,0.1569947083971185
level2_receiver_side_info,272,"[[0,0,1,1,0,0,1,1],[0,1,1,0],[1,0,1,1]]",32,0.18326481029104658
level2_receiver_side_info,273,"[[0,0,1,1,0,0,1,1],[0,1,1,0],[1,0,1,0]]",0,0.0
level2_receiver_side_info,273,"[[0,0,1,1,0,0,1,1],[0,1,1,0],[1,0,1,0]]",1,0.11720776068110161
level2_receiver_side_info,273,"[[0,0,1,1,0,0,1,1],[0,1,1,0],[1,0,1,0]]",2,0.2072192699510964
level2_receiver_side_info,273,"[[0,0,1,1,0,0,1,1],[0,1,1,0],[1,0,1,0]]",4,0.3317269506967929
level2_receiver_side_info,273,"[[0,0,1,1,0,0,1,1],[0,1,1,0],[1,0,1,0]]",8,0.46354777908042843
level2_receiver_side_info,273,"[[0,0,1,1,0,0,1,1],[0,1,1,0],[1,0,1,0]]",16,0.5659041459749518
level2_receiver_side_info,273,"[[0,0,1,1,0,0,1,1],[0,1,1,0],[1,0,1,0]]",32,0.627899347459281
level2_receiver_side_info,274,"[[0,0,1,1,0,0,1,1],[0,1,1,0],[1,0,0,0]]",0,0.0
level2_receiver_side_info,274,"[[0,0,1,1,0,0,1,1],[0,1,1,0],[1,0,0,0]]",1,0.029298145242776408
level2_receiver_side_info,274,"[[0,0,1,1,0,0,1,1],[0,1,1,0],[1,0,0,0]]",2,0.05196690317726649
level2_receiver_side_info,274,"[[0,0,1,1,0,0,1,1],[0,1,1,0],[1,0,0,0]]",4,0.08435950345211607
level2_receiver_side_info,274,"[[0,0,1,1,0,0,1,1],[0,1,1,0],[1,0,0,0]]",8,0.12198650516110165
level2_receiver_side_info,274,"[[0,0,1,1,0,0,1,1],[0,1,1,0],[1,0,0,0]]",16,0.1569947083971185
level2_receiver_side_info,274,"[[0,0,1,1,0,0,1,1],[0,1,1,0],[1,0,0,0]]",32,0.1832648102910467
level2_receiver_side_info,275,"[[0,0,1,1,0,0,1,1],[0,0,1,1],[1,1,1,0]]",0,0.0
level2_receiver_side_info,275,"[[0,0,1,1,0,0,1,1],[0,0,1,1],[1,1,1,0]]",1,0.029298145242776408
level2_receiver_side_info,275,"[[0,0,1,1,0,0,1,1],[0,0,1,1],[1,1,1,0]]",2,0.05196690317726649
level2_receiver_side_info,275,"[[0,0,1,1,0,0,1,1],[0,0,1,1],[1,1,1,0]]",4,0.08435950345211596
level2_receiver_side_info,275,"[[0,0,1,1,0,0,1,1],[0,0,1,1],[1,1,1,0]]",8,0.12198650516110154
level2_receiver_side_info,275,"[[0,0,1,1,0,0,1,1],[0,0,1,1],[1,1,1,0]]",16,0.1569947083971185
level2_receiver_side_info,275,"[[0,0,1,1,0,0,1,1],[0,0,1,1],[1,1,1,0]]",32,0.1832648102910467
level2_receiver_side_info,276,"[[0,0,1,1,0,0,1,1],[0,0,1,1],[1,1,0,1]]",0,0.0
level2_receiver_side_info,276,"[[0,0,1,1,0,0,1,1],[0,0,1,1],[1,1,0,1]]",1,0.029298145242776408
level2_receiver_side_info,276,"[[0,0,1,1,0,0,1,1],[0,0,1,1],[1,1,0,1]]",2,0.05196690317726649
level2_receiver_side_info,276,"[[0,0,1,1,0,0,1,1],[0,0,1,1],[1,1,0,1]]",4,0.08435950345211607
level2_receiver_side_info,276,"[[0,0,1,1,0,0,1,1],[0,0,1,1],[1,1,0,1]]",8,0.12198650516110165
level2_receiver_side_info,276,"[[0,0,1,1,0,0,1,1],[0,0,1,1],[1,1,0,1]]",16,0.15699470839711838
level2_receiver_side_info,276,"[[0,0,1,1,0,0,1,1],[0,0,1,1],[1,1,0,1]]",32,0.1832648102910467
level2_receiver_side_info,277,"[[0,0,1,1,0,0,1,1],[0,0,1,1],[1,0,1,1]]",0,0.0
level2_receiver_side_info,277,"[[0,0,1,1,0,0,1,1],[0,0,1,1],[1,0,1,1]]",1,0.029298145242776297
level2_receiver_side_info,277,"[[0,0,1,1,0,0,1,1],[0,0,1,1],[1,0,1,1]]",2,0.05196690317726638
level2_receiver_side_info,277,"[[0,0,1,1,0,0,1,1],[0,0,1,1],[1,0,1,1]]",4,0.08435950345211607
level2_receiver_side_info,277,"[[0,0,1,1,0,0,1,1],[0,0,1,1],[1,0,1,1]]",8,0.12198650516110165
level2_receiver_side_info,277,"[[0,0,1,1,0,0,1,1],[0,0,1,1],[1,0,1,1]]",16,0.1569947083971185
level2_receiver_side_info,277,"[[0,0,1,1,0,0,1,1],[0,0,1,1],[1,0,1,1]]",32,0.18326481029104658
level2_receiver_side_info,278,"[[0,0,1,1,0,0,1,1],[0,0,1,1],[1,0,1,0]]",0,0.0
level2_receiver_side_info,278,"[[0,0,1,1,0,0,1,1],[0,0,1,1],[1,0,1,0]]",1,0.11720776068110161
level2_receiver_side_info,278,"[[0,0,1,1,0,0,1,1],[0,0,1,1],[1,0,1,0]]",2,0.2072192699510964
level2_receiver_side_info,278,"[[0,0,1,1,0,0,1,1],[0,0,1,1],[1,0,1,0]]",4,0.3317269506967929
level2_receiver_side_info,278,"[[0,0,1,1,0,0,1,1],[0,0,1,1],[1,0,1,0]]",8,0.46354777908042843
level2_receiver_side_info,278,"[[0,0,1,1,0,0,1,1],[0,0,1,1],[1,0,1,0]]",16,0.5659041459749518
level2_receiver_side_info,278,"[[0,0,1,1,0,0,1,1],[0,0,1,1],[1,0,1,0]]",32,0.627899347459281
level2_receiver_side_info,279,"[[0,0,1,1,0,0,1,1],[0,0,1,1],[1,0,0,0]]",0,0.0
level2_receiver_side_info,279,"[[0,0,1,1,0,0,1,1],[0,0,1,1],[1,0,0,0]]",1,0.029298145242776408
level2_receiver_side_info,279,"[[0,0,1,1,0,0,1,1],[0,0,1,1],[1,0,0,0]]",2,0.05196690317726649
level2_receiver_side_info,279,"[[0,0,1,1,0,0,1,1],[0,0,1,1],[1,0,0,0]]",4,0.08435950345211607
level2_receiver_side_info,279,"[[0,0,1,1,0,0,1,1],[0,0,1,1],[1,0,0,0]]",8,0.12198650516110165
level2_receiver_side_info,279,"[[0,0,1,1,0,0,1,1],[0,0,1,1],[1,0,0,0]]",16,0.1569947083971185
level2_receiver_side_info,279,"[[0,0,1,1,0,0,1,1],[0,0,1,1],[1,0,0,0]]",32,0.1832648102910467
level2_receiver_side_info,280,"[[0,0,1,1,1,1,0,0],[0,0,1,1],[0,0,0,1]]",0,0.0
level2_receiver_side_info,280,"[[0,0,1,1,1,1,0,0],[0,0,1,1],[0,0,0,1]]",1,0.029298145242776408
level2_receiver_side_info,280,"[[0,0,1,1,1,1,0,0],[0,0,1,1],[0,0,0,1]]",2,0.05196690317726638
level2_receiver_side_info,280,"[[0,0,1,1,1,1,0,0],[0,0,1,1],[0,0,0,1]]",4,0.08435950345211607
level2_receiver_side_info,280,"[[0,0,1,1,1,1,0,0],[0,0,1,1],[0,0,0,1]]",8,0.12198650516110154
level2_receiver_side_info,280,"[[0,0,1,1,1,1,0,0],[0,0,1,1],[0,0,0,1]]",16,0.1569947083971185
level2_receiver_side_info,280,"[[0,0,1,1,1,1,0,0],[0,0,1,1],[0,0,0,1]]",32,0.1832648102910467
level2_receiver_side_info,281,"[[0,0,1,1,1,1,0,0],[0,0,1,1],[0,0,1,0]]",0,0.0
level2_receiver_side_info,281,"[[0,0,1,1,1,1,0,0],[0,0,1,1],[0,0,1,0]]",1,0.029298145242776408
level2_receiver_side_info,281,"[[0,0,1,1,1,1,0,0],[0,0,1,1],[0,0,1,0]]",2,0.0519669031772666
level2_receiver_side_info,281,"[[0,0,1,1,1,1,0,0],[0,0,1,1],[0,0,1,0]]",4,0.08435950345211607
level2_receiver_side_info,281,"[[0,0,1,1,1,1,0,0],[0,0,1,1],[0,0,1,0]]",8,0.12198650516110165
level2_receiver_side_info,281,"[[0,0,1,1,1,1,0,0],[0,0,1,1],[0,0,1,0]]",16,0.15699470839711838
level2_receiver_side_info,281,"[[0,0,1,1,1,1,0,0],[0,0,1,1],[0,0,1,0]]",32,0.1832648102910467
level2_receiver_side_info,282,"[[0,0,1,1,1,1,0,0],[0,0,1,1],[0,1,0,0]]",0,0.0
level2_receiver_side_info,282,"[[0,0,1,1,1,1,0,0],[0,0,1,1],[0,1,0,0]]",1,0.029298145242776408
level2_receiver_side_info,282,"[[0,0,1,1,1,1,0,0],[0,0,1,1],[0,1,0,0]]",2,0.05196690317726649
level2_receiver_side_info,282,"[[0,0,1,1,1,1,0,0],[0,0,1,1],[0,1,0,0]]",4,0.08435950345211607
level2_receiver_side_info,282,"[[0,0,1,1,1,1,0,0],[0,0,1,1],[0,1,0,0]]",8,0.12198650516110165
level2_receiver_side_info,282,"[[0,0,1,1,1,1,0,0],[0,0,1,1],[0,1,0,0]]",16,0.15699470839711838
level2_receiver_side_info,282,"[[0,0,1,1,1,1,0,0],[0,0,1,1],[0,1,0,0]]",32,0.1832648102910467
level2_receiver_side_info,283,"[[0,0,1,1,1,1,0,0],[0,0,1,1],[0,1,1,0]]",0,0.0
level2_receiver_side_info,283,"[[0,0,1,1,1,1,0,0],[0,0,1,1],[0,1,1,0]]",1,0.11720776068110161
level2_receiver_side_info,283,"[[0,0,1,1,1,1,0,0],[0,0,1,1],[0,1,1,0]]",2,0.2072192699510964
level2_receiver_side_info,283,"[[0,0,1,1,1,1,0,0],[0,0,1,1],[0,1,1,0]]",4,0.3317269506967929
level2_receiver_side_info,283,"[[0,0,1,1,1,1,0,0],[0,0,1,1],[0,1,1,0]]",8,0.46354777908042843
level2_receiver_side_info,283,"[[0,0,1,1,1,1,0,0],[0,0,1,1],[0,1,1,0]]",16,0.5659041459749518
level2_receiver_side_info,283,"[[0,0,1,1,1,1,0,0],[0,0,1,1],[0,1,1,0]]",32,0.627899347459281
level2_receiver_side_info,284,"[[0,0,1,1,1,1,0,0],[0,0,1,1],[0,1,1,1]]",0,0.0
level2_receiver_side_info,284,"[[0,0,1,1,1,1,0,0],[0,0,1,1],[0,1,1,1]]",1,0.029298145242776297
level2_receiver_side_info,284,"[[0,0,1,1,1,1,0,0],[0,0,1,1],[0,1,1,1]]",2,0.05196690317726638
level2_receiver_side_info,284,"[[0,0,1,1,1,1,0,0],[0,0,1,1],[0,1,1,1]]",4,0.08435950345211607
level2_receiver_side_info,284,"[[0,0,1,1,1,1,0,0],[0,0,1,1],[0,1,1,1]]",8,0.12198650516110165
level2_receiver_side_info,284,"[[0,0,1,1,1,1,0,0],[0,0,1,1],[0,1,1,1]]",16,0.1569947083971185
level2_receiver_side_info,284,"[[0,0,1,1,1,1,0,0],[0,0,1,1],[0,1,1,1]]",32,0.18326481029104658
level2_receiver_side_info,285,"[[0,0,1,1,1,1,0,0],[0,1,0,1],[0,0,0,1]]",0,0.0
level2_receiver_side_info,285,"[[0,0,1,1,1,1,0,0],[0,1,0,1],[0,0,0,1]]",1,0.029298145242776408
level2_receiver_side_info,285,"[[0,0,1,1,1,1,0,0],[0,1,0,1],[0,0,0,1]]",2,0.05196690317726638
level2_receiver_side_info,285,"[[0,0,1,1,1,1,0,0],[0,1,0,1],[0,0,0,1]]",4,0.08435950345211607
level2_receiver_side_info,285,"[[0,0,1,1,1,1,0,0],[0,1,0,1],[0,0,0,1]]",8,0.12198650516110154
level2_receiver_side_info,285,"[[0,0,1,1,1,1,0,0],[0,1,0,1],[0,0,0,1]]",16,0.1569947083971185
level2_receiver_side_info,285,"[[0,0,1,1,1,1,0,0],[0,1,0,1],[0,0,0,1]]",32,0.1832648102910467
level2_receiver_side_info,286,"[[0,0,1,1,1,1,0,0],[0,1,0,1],[0,0,1,0]]",0,0.0
level2_receiver_side_info,286,"[[0,0,1,1,1,1,0,0],[0,1,0,1],[0,0,1,0]]",1,0.029298145242776408
level2_receiver_side_info,286,"[[0,0,1,1,1,1,0,0],[0,1,0,1],[0,0,1,0]]",2,0.0519669031772666
level2_receiver_side_info,286,"[[0,0,1,1,1,1,0,0],[0,1,0,1],[0,0,1,0]]",4,0.08435950345211607
level2_receiver_side_info,286,"[[0,0,1,1,1,1,0,0],[0,1,0,1],[0,0,1,0]]",8,0.12198650516110165
level2_receiver_side_info,286,"[[0,0,1,1,1,1,0,0],[0,1,0,1],[0,0,1,0]]",16,0.15699470839711838
level2_receiver_side_info,286,"[[0,0,1,1,1,1,0,0],[0,1,0,1],[0,0,1,0]]",32,0.1832648102910467
level2_receiver_side_info,287,"[[0,0,1,1,1,1,0,0],[0,1,0,1],[0,1,0,0]]",0,0.0
level2_receiver_side_info,287,"[[0,0,1,1,1,1,0,0],[0,1,0,1],[0,1,0,0]]",1,0.029298145242776408
level2_receiver_side_info,287,"[[0,0,1,1,1,1,0,0],[0,1,0,1],[0,1,0,0]]",2,0.05196690317726649
level2_receiver_side_info,287,"[[0,0,1,1,1,1,0,0],[0,1,0,1],[0,1,0,0]]",4,0.08435950345211607
level2_receiver_side_info,287,"[[0,0,1,1,1,1,0,0],[0,1,0,1],[0,1,0,0]]",8,0.12198650516110165
level2_receiver_side_info,287,"[[0,0,1,1,1,1,0,0],[0,1,0,1],[0,1,0,0]]",16,0.15699470839711838
level2_receiver_side_info,287,"[[0,0,1,1,1,1,0,0],[0,1,0,1],[0,1,0,0]]",32,0.1832648102910467
level2_receiver_side_info,288,"[[0,0,1,1,1,1,0,0],[0,1,0,1],[0,1,1,0]]",0,0.0
level2_receiver_side_info,288,"[[0,0,1,1,1,1,0,0],[0,1,0,1],[0,1,1,0]]",1,0.11720776068110161
level2_receiver_side_info,288,"[[0,0,1,1,1,1,0,0],[0,1,0,1],[0,1,1,0]]",2,0.2072192699510964
level2_receiver_side_info,288,"[[0,0,1,1,1,1,0,0],[0,1,0,1],[0,1,1,0]]",4,0.3317269506967929
level2_receiver_side_info,288,"[[0,0,1,1,1,1,0,0],[0,1,0,1],[0,1,1,0]]",8,0.46354777908042843
level2_receiver_side_info,288,"[[0,0,1,1,1,1,0,0],[0,1,0,1],[0,1,1,0]]",16,0.5659041459749518
level2_receiver_side_info,288,"[[0,0,1,1,1,1,0,0],[0,1,0,1],[0,1,1,0]]",32,0.627899347459281
level2_receiver_side_info,289,"[[0,0,1,1,1,1,0,0],[0,1,0,1],[0,1,1,1]]",0,0.0
level2_receiver_side_info,289,"[[0,0,1,1,1,1,0,0],[0,1,0,1],[0,1,1,1]]",1,0.029298145242776297
level2_receiver_side_info,289,"[[0,0,1,1,1,1,0,0],[0,1,0,1],[0,1,1,1]]",2,0.05196690317726638
level2_receiver_side_info,289,"[[0,0,1,1,1,1,0,0],[0,1,0,1],[0,1,1,1]]",4,0.08435950345211607
level2_receiver_side_info,289,"[[0,0,1,1,1,1,0,0],[0,1,0,1],[0,1,1,1]]",8,0.12198650516110165
level2_receiver_side_info,289,"[[0,0,1,1,1,1,0,0],[0,1,0,1],[0,1,1,1]]",16,0.1569947083971185
level2_receiver_side_info,289,"[[0,0,1,1,1,1,0,0],[0,1,0,1],[0,1,1,1]]",32,0.18326481029104658
level2_receiver_side_info,290,"[[0,0,1,1,1,1,0,0],[0,1,0,1],[1,1,1,0]]",0,0.0
level2_receiver_side_info,290,"[[0,0,1,1,1,1,0,0],[0,1,0,1],[1,1,1,0]]",1,0.029298145242776408
level2_receiver_side_info,290,"[[0,0,1,1,1,1,0,0],[0,1,0,1],[1,1,1,0]]",2,0.05196690317726638
level2_receiver_side_info,290,"[[0,0,1,1,1,1,0,0],[0,1,0,1],[1,1,1,0]]",4,0.08435950345211607
level2_receiver_side_info,290,"[[0,0,1,1,1,1,0,0],[0,1,0,1],[1,1,1,0]]",8,0.12198650516110154
level2_receiver_side_info,290,"[[0,0,1,1,1,1,0,0],[0,1,0,1],[1,1,1,0]]",16,0.1569947083971185
level2_receiver_side_info,290,"[[0,0,1,1,1,1,0,0],[0,1,0,1],[1,1,1,0]]",32,0.1832648102910467
level2_receiver_side_info,291,"[[0,0,1,1,1,1,0,0],[0,1,0,1],[1,1,0,1]]",0,0.0
level2_receiver_side_info,291,"[[0,0,1,1,1,1,0,0],[0,1,0,1],[1,1,0,1]]",1,0.029298145242776408
level2_receiver_side_info,291,"[[0,0,1,1,1,1,0,0],[0,1,0,1],[1,1,0,1]]",2,0.0519669031772666
level2_receiver_side_info,291,"[[0,0,1,1,1,1,0,0],[0,1,0,1],[1,1,0,1]]",4,0.08435950345211607
level2_receiver_side_info,291,"[[0,0,1,1,1,1,0,0],[0,1,0,1],[1,1,0,1]]",8,0.12198650516110165
level2_receiver_side_info,291,"[[0,0,1,1,1,1,0,0],[0,1,0,1],[1,1,0,1]]",16,0.15699470839711838
level2_receiver_side_info,291,"[[0,0,1,1,1,1,0,0],[0,1,0,1],[1,1,0,1]]",32,0.1832648102910467
level2_receiver_side_info,292,"[[0,0,1,1,1,1,0,0],[0,1,0,1],[1,0,1,1]]",0,0.0
level2_receiver_side_info,292,"[[0,0,1,1,1,1,0,0],[0,1,0,1],[1,0,1,1]]",1,0.029298145242776408
level2_receiver_side_info,292,"[[0,0,1,1,1,1,0,0],[0,1,0,1],[1,0,1,1]]",2,0.05196690317726649
level2_receiver_side_info,292,"[[0,0,1,1,1,1,0,0],[0,1,0,1],[1,0,1,1]]",4,0.08435950345211607
level2_receiver_side_info,292,"[[0,0,1,1,1,1,0,0],[0,1,0,1],[1,0,1,1]]",8,0.12198650516110165
level2_receiver_side_info,292,"[[0,0,1,1,1,1,0,0],[0,1,0,1],[1,0,1,1]]",16,0.15699470839711838
level2_receiver_side_info,292,"[[0,0,1,1,1,1,0,0],[0,1,0,1],[1,0,1,1]]",32,0.1832648102910467
level2_receiver_side_info,293,"[[0,0,1,1,1,1,0,0],[0,1,0,1],[1,0,0,1]]",0,0.0
level2_receiver_side_info,293,"[[0,0,1,1,1,1,0,0],[0,1,0,1],[1,0,0,1]]",1,0.11720776068110161
level2_receiver_side_info,293,"[[0,0,1,1,1,1,0,0],[0,1,0,1],[1,0,0,1]]",2,0.2072192699510964
level2_receiver_side_info,293,"[[0,0,1,1,1,1,0,0],[0,1,0,1],[1,0,0,1]]",4,0.3317269506967929
level2_receiver_side_info,293,"[[0,0,1,1,1,1,0,0],[0,1,0,1],[1,0,0,1]]",8,0.46354777908042843
level2_receiver_side_info,293,"[[0,0,1,1,1,1,0,0],[0,1,0,1],[1,0,0,1]]",16,0.5659041459749518
level2_receiver_side_info,293,"[[0,0,1,1,1,1,0,0],[0,1,0,1],[1,0,0,1]]",32,0.627899347459281
level2_receiver_side_info,294,"[[0,0,1,1,1,1,0,0],[0,1,0,1],[1,0,0,0]]",0,0.0
level2_receiver_side_info,294,"[[0,0,1,1,1,1,0,0],[0,1,0,1],[1,0,0,0]]",1,0.029298145242776297
level2_receiver_side_info,294,"[[0,0,1,1,1,1,0,0],[0,1,0,1],[1,0,0,0]]",2,0.05196690317726638
level2_receiver_side_info,294,"[[0,0,1,1,1,1,0,0],[0,1,0,1],[1,0,0,0]]",4,0.08435950345211607
level2_receiver_side_info,294,"[[0,0,1,1,1,1,0,0],[0,1,0,1],[1,0,0,0]]",8,0.12198650516110165
level2_receiver_side_info,294,"[[0,0,1,1,1,1,0,0],[0,1,0,1],[1,0,0,0]]",16,0.1569947083971185
level2_receiver_side_info,294,"[[0,0,1,1,1,1,0,0],[0,1,0,1],[1,0,0,0]]",32,0.18326481029104658
level2_receiver_side_info,295,"[[0,0,1,1,1,1,0,0],[0,0,1,1],[1,1,1,0]]",0,0.0
level2_receiver_side_info,295,"[[0,0,1,1,1,1,0,0],[0,0,1,1],[1,1,1,0]]",1,0.029298145242776408
level2_receiver_side_info,295,"[[0,0,1,1,1,1,0,0],[0,0,1,1],[1,1,1,0]]",2,0.05196690317726638
level2_receiver_side_info,295,"[[0,0,1,1,1,1,0,0],[0,0,1,1],[1,1,1,0]]",4,0.08435950345211607
level2_receiver_side_info,295,"[[0,0,1,1,1,1,0,0],[0,0,1,1],[1,1,1,0]]",8,0.12198650516110154
level2_receiver_side_info,295,"[[0,0,1,1,1,1,0,0],[0,0,1,1],[1,1,1,0]]",16,0.1569947083971185
level2_receiver_side_info,295,"[[0,0,1,1,1,1,0,0],[0,0,1,1],[1,1,1,0]]",32,0.1832648102910467
level2_receiver_side_info,296,"[[0,0,1,1,1,1,0,0],[0,0,1,1],[1,1,0,1]]",0,0.0
level2_receiver_side_info,296,"[[0,0,1,1,1,1,0,0],[0,0,1,1],[1,1,0,1]]",1,0.029298145242776408
level2_receiver_side_info,296,"[[0,0,1,1,1,1,0,0],[0,0,1,1],[1,1,0,1]]",2,0.0519669031772666
level2_receiver_side_info,296,"[[0,0,1,1,1,1,0,0],[0,0,1,1],[1,1,0,1]]",4,0.08435950345211607
level2_receiver_side_info,296,"[[0,0,1,1,1,1,0,0],[0,0,1,1],[1,1,0,1]]",8,0.12198650516110165
level2_receiver_side_info,296,"[[0,0,1,1,1,1,0,0],[0,0,1,1],[1,1,0,1]]",16,0.15699470839711838
level2_receiver_side_info,296,"[[0,0,1,1,1,1,0,0],[0,0,1,1],[1,1,0,1]]",32,0.1832648102910467
level2_receiver_side_info,297,"[[0,0,1,1,1,1,0,0],[0,0,1,1],[1,0,1,1]]",0,0.0
level2_receiver_side_info,297,"[[0,0,1,1,1,1,0,0],[0,0,1,1],[1,0,1,1]]",1,0.029298145242776408
level2_receiver_side_info,297,"[[0,0,1,1,1,1,0,0],[0,0,1,1],[1,0,1,1]]",2,0.05196690317726649
level2_receiver_side_info,297,"[[0,0,1,1,1,1,0,0],[0,0,1,1],[1,0,1,1]]",4,0.08435950345211607
level2_receiver_side_info,297,"[[0,0,1,1,1,1,0,0],[0,0,1,1],[1,0,1,1]]",8,0.12198650516110165
level2_receiver_side_info,297,"[[0,0,1,1,1,1,0,0],[0,0,1,1],[1,0,1,1]]",16,0.15699470839711838
level2_receiver_side_info,297,"[[0,0,1,1,1,1,0,0],[0,0,1,1],[1,0,1,1]]",32,0.1832648102910467
level2_receiver_side_info,298,"[[0,0,1,1,1,1,0,0],[0,0,1,1],[1,0,0,1]]",0,0.0
level2_receiver_side_info,298,"[[0,0,1,1,1,1,0,0],[0,0,1,1],[1,0,0,1]]",1,0.11720776068110161
level2_receiver_side_info,298,"[[0,0,1,1,1,1,0,0],[0,0,1,1],[1,0,0,1]]",2,0.2072192699510964
level2_receiver_side_info,298,"[[0,0,1,1,1,1,0,0],[0,0,1,1],[1,0,0,1]]",4,0.3317269506967929
level2_receiver_side_info,298,"[[0,0,1,1,1,1,0,0],[0,0,1,1],[1,0,0,1]]",8,0.46354777908042843
level2_receiver_side_info,298,"[[0,0,1,1,1,1,0,0],[0,0,1,1],[1,0,0,1]]",16,0.5659041459749518
level2_receiver_side_info,298,"[[0,0,1,1,1,1,0,0],[0,0,1,1],[1,0,0,1]]",32,0.627899347459281
level2_receiver_side_info,299,"[[0,0,1,1,1,1,0,0],[0,0,1,1],[1,0,0,0]]",0,0.0
level2_receiver_side_info,299,"[[0,0,1,1,1,1,0,0],[0,0,1,1],[1,0,0,0]]",1,0.029298145242776297
level2_receiver_side_info,299,"[[0,0,1,1,1,1,0,0],[0,0,1,1],[1,0,0,0]]",2,0.05196690317726638
level2_receiver_side_info,299,"[[0,0,1,1,1,1,0,0],[0,0,1,1],[1,0,0,0]]",4,0.08435950345211607
level2_receiver_side_info,299,"[[0,0,1,1,1,1,0,0],[0,0,1,1],[1,0,0,0]]",8,0.12198650516110165
level2_receiver_side_info,299,"[[0,0,1,1,1,1,0,0],[0,0,1,1],[1,0,0,0]]",16,0.1569947083971185
level2_receiver_side_info,299,"[[0,0,1,1,1,1,0,0],[0,0,1,1],[1,0,0,0]]",32,0.18326481029104658
level2_receiver_side_info,300,"[[0,0,1,1,1,1,1,1],[0,0,0,1],[0,1,1,1]]",0,0.09116077839697717
level2_receiver_side_info,300,"[[0,0,1,1,1,1,1,1],[0,0,0,1],[0,1,1,1]]",1,0.14290658343056545
level2_receiver_side_info,300,"[[0,0,1,1,1,1,1,1],[0,0,0,1],[0,1,1,1]]",2,0.1844981032973394
level2_receiver_side_info,300,"[[0,0,1,1,1,1,1,1],[0,0,0,1],[0,1,1,1]]",4,0.246861694803569
level2_receiver_side_info,300,"[[0,0,1,1,1,1,1,1],[0,0,0,1],[0,1,1,1]]",8,0.3229802905687297
level2_receiver_side_info,300,"[[0,0,1,1,1,1,1,1],[0,0,0,1],[0,1,1,1]]",16,0.3919622519388556
level2_receiver_side_info,300,"[[0,0,1,1,1,1,1,1],[0,0,0,1],[0,1,1,1]]",32,0.43644344248314637
level2_receiver_side_info,301,"[[0,0,1,1,1,1,1,1],[0,0,1,0],[0,1,1,1]]",0,0.09116077839697717
level2_receiver_side_info,301,"[[0,0,1,1,1,1,1,1],[0,0,1,0],[0,1,1,1]]",1,0.14290658343056545
level2_receiver_side_info,301,"[[0,0,1,1,1,1,1,1],[0,0,1,0],[0,1,1,1]]",2,0.1844981032973394
level2_receiver_side_info,301,"[[0,0,1,1,1,1,1,1],[0,0,1,0],[0,1,1,1]]",4,0.2468616948035689
level2_receiver_side_info,301,"[[0,0,1,1,1,1,1,1],[0,0,1,0],[0,1,1,1]]",8,0.32298029056872957
level2_receiver_side_info,301,"[[0,0,1,1,1,1,1,1],[0,0,1,0],[0,1,1,1]]",16,0.3919622519388556
level2_receiver_side_info,301,"[[0,0,1,1,1,1,1,1],[0,0,1,0],[0,1,1,1]]",32,0.43644344248314637
level2_receiver_side_info,302,"[[0,0,1,1,1,1,1,1],[0,1,0,0],[0,1,1,1]]",0,0.09116077839697717
level2_receiver_side_info,302,"[[0,0,1,1,1,1,1,1],[0,1,0,0],[0,1,1,1]]",1,0.14290658343056545
level2_receiver_side_info,302,"[[0,0,1,1,1,1,1,1],[0,1,0,0],[0,1,1,1]]",2,0.1844981032973394
level2_receiver_side_info,302,"[[0,0,1,1,1,1,1,1],[0,1,0,0],[0,1,1,1]]",4,0.2468616948035689
level2_receiver_side_info,302,"[[0,0,1,1,1,1,1,1],[0,1,0,0],[0,1,1,1]]",8,0.32298029056872957
level2_receiver_side_info,302,"[[0,0,1,1,1,1,1,1],[0,1,0,0],[0,1,1,1]]",16,0.3919622519388556
level2_receiver_side_info,302,"[[0,0,1,1,1,1,1,1],[0,1,0,0],[0,1,1,1]]",32,0.43644344248314637
level2_receiver_side_info,303,"[[0,0,1,1,1,1,1,1],[0,1,0,0],[0,1,1,1]]",0,0.09116077839697717
level2_receiver_side_info,303,"[[0,0,1,1,1,1,1,1],[0,1,0,0],[0,1,1,1]]",1,0.14290658343056545
level2_receiver_side_info,303,"[[0,0,1,1,1,1,1,1],[0,1,0,0],[0,1,1,1]]",2,0.1844981032973394
level2_receiver_side_info,303,"[[0,0,1,1,1,1,1,1],[0,1,0,0],[0,1,1,1]]",4,0.2468616948035689
level2_receiver_side_info,303,"[[0,0,1,1,1,1,1,1],[0,1,0,0],[0,1,1,1]]",8,0.32298029056872957
level2_receiver_side_info,303,"[[0,0,1,1,1,1,1,1],[0,1,0,0],[0,1,1,1]]",16,0.3919622519388556
level2_receiver_side_info,303,"[[0,0,1,1,1,1,1,1],[0,1,0,0],[0,1,1,1]]",32,0.43644344248314637
level2_receiver_side_info,304,"[[0,0,1,1,1,1,1,1],[0,0,1,0],[0,1,1,1]]",0,0.09116077839697717
level2_receiver_side_info,304,"[[0,0,1,1,1,1,1,1],[0,0,1,0],[0,1,1,1]]",1,0.14290658343056545
level2_receiver_side_info,304,"[[0,0,1,1,1,1,1,1],[0,0,1,0],[0,1,1,1]]",2,0.1844981032973394
level2_receiver_side_info,304,"[[0,0,1,1,1,1,1,1],[0,0,1,0],[0,1,1,1]]",4,0.2468616948035689
level2_receiver_side_info,304,"[[0,0,1,1,1,1,1,1],[0,0,1,0],[0,1,1,1]]",8,0.32298029056872957
level2_receiver_side_info,304,"[[0,0,1,1,1,1,1,1],[0,0,1,0],[0,1,1,1]]",16,0.3919622519388556
level2_receiver_side_info,304,"[[0,0,1,1,1,1,1,1],[0,0,1,0],[0,1,1,1]]",32,0.43644344248314637
level2_receiver_side_info,305,"[[0,0,1,1,1,1,1,1],[0,0,0,1],[0,1,1,1]]",0,0.09116077839697717
level2_receiver_side_info,305,"[[0,0,1,1,1,1,1,1],[0,0,0,1],[0,1,1,1]]",1,0.14290658343056545
level2_receiver_side_info,305,"[[0,0,1,1,1,1,1,1],[0,0,0,1],[0,1,1,1]]",2,0.1844981032973394
level2_receiver_side_info,305,"[[0,0,1,1,1,1,1,1],[0,0,0,1],[0,1,1,1]]",4,0.246861694803569
level2_receiver_side_info,305,"[[0,0,1,1,1,1,1,1],[0,0,0,1],[0,1,1,1]]",8,0.3229802905687297
level2_receiver_side_info,305,"[[0,0,1,1,1,1,1,1],[0,0,0,1],[0,1,1,1]]",16,0.3919622519388556
level2_receiver_side_info,305,"[[0,0,1,1,1,1,1,1],[0,0,0,1],[0,1,1,1]]",32,0.43644344248314637
level2_receiver_side_info,306,"[[0,1,0,0,0,0,0,0],[0,0,0,1],[0,1,1,1]]",0,0.007042719241674045
level2_receiver_side_info,306,"[[0,1,0,0,0,0,0,0],[0,0,0,1],[0,1,1,1]]",1,0.043652143186217685
level2_receiver_side_info,306,"[[0,1,0,0,0,0,0,0],[0,0,0,1],[0,1,1,1]]",2,0.07195128098324621
level2_receiver_side_info,306,"[[0,1,0,0,0,0,0,0],[0,0,0,1],[0,1,1,1]]",4,0.11242296217865763
level2_receiver_side_info,306,"[[0,1,0,0,0,0,0,0],[0,0,0,1],[0,1,1,1]]",8,0.15854956604460907
level2_receiver_side_info,306,"[[0,1,0,0,0,0,0,0],[0,0,0,1],[0,1,1,1]]",16,0.19702626025256342
level2_receiver_side_info,306,"[[0,1,0,0,0,0,0,0],[0,0,0,1],[0,1,1,1]]",32,0.21969614553731964
level2_receiver_side_info,307,"[[0,1,0,0,0,0,0,0],[0,0,1,0],[0,1,1,1]]",0,0.007042719241674045
level2_receiver_side_info,307,"[[0,1,0,0,0,0,0,0],[0,0,1,0],[0,1,1,1]]",1,0.043652143186217685
level2_receiver_side_info,307,"[[0,1,0,0,0,0,0,0],[0,0,1,0],[0,1,1,1]]",2,0.07195128098324621
level2_receiver_side_info,307,"[[0,1,0,0,0,0,0,0],[0,0,1,0],[0,1,1,1]]",4,0.11242296217865763
level2_receiver_side_info,307,"[[0,1,0,0,0,0,0,0],[0,0,1,0],[0,1,1,1]]",8,0.15854956604460907
level2_receiver_side_info,307,"[[0,1,0,0,0,0,0,0],[0,0,1,0],[0,1,1,1]]",16,0.19702626025256348
level2_receiver_side_info,307,"[[0,1,0,0,0,0,0,0],[0,0,1,0],[0,1,1,1]]",32,0.21969614553731964
level2_receiver_side_info,308,"[[0,1,0,0,0,0,0,0],[0,0,1,1],[0,1,1,1]]",0,0.06385320297074876
level2_receiver_side_info,308,"[[0,1,0,0,0,0,0,0],[0,0,1,1],[0,1,1,1]]",1,0.07704682264253404
level2_receiver_side_info,308,"[[0,1,0,0,0,0,0,0],[0,0,1,1],[0,1,1,1]]",2,0.08780218399432074
level2_receiver_side_info,308,"[[0,1,0,0,0,0,0,0],[0,0,1,1],[0,1,1,1]]",4,0.10415228924648534
level2_receiver_side_info,308,"[[0,1,0,0,0,0,0,0],[0,0,1,1],[0,1,1,1]]",8,0.12453241233105772
level2_receiver_side_info,308,"[[0,1,0,0,0,0,0,0],[0,0,1,1],[0,1,1,1]]",16,0.14385004263287587
level2_receiver_side_info,308,"[[0,1,0,0,0,0,0,0],[0,0,1,1],[0,1,1,1]]",32,0.15747949742783532
level2_receiver_side_info,309,"[[0,1,0,0,0,0,0,0],[0,1,0,0],[0,1,1,1]]",0,0.007042719241673989
level2_receiver_side_info,309,"[[0,1,0,0,0,0,0,0],[0,1,0,0],[0,1,1,1]]",1,0.043652143186217685
level2_receiver_side_info,309,"[[0,1,0,0,0,0,0,0],[0,1,0,0],[0,1,1,1]]",2,0.07195128098324621
level2_receiver_side_info,309,"[[0,1,0,0,0,0,0,0],[0,1,0,0],[0,1,1,1]]",4,0.11242296217865758
level2_receiver_side_info,309,"[[0,1,0,0,0,0,0,0],[0,1,0,0],[0,1,1,1]]",8,0.15854956604460907
level2_receiver_side_info,309,"[[0,1,0,0,0,0,0,0],[0,1,0,0],[0,1,1,1]]",16,0.19702626025256348
level2_receiver_side_info,309,"[[0,1,0,0,0,0,0,0],[0,1,0,0],[0,1,1,1]]",32,0.21969614553731964
level2_receiver_side_info,310,"[[0,1,0,0,0,0,0,0],[0,1,0,1],[0,1,1,1]]",0,0.06385320297074876
level2_receiver_side_info,310,"[[0,1,0,0,0,0,0,0],[0,1,0,1],[0,1,1,1]]",1,0.07704682264253404
level2_receiver_side_info,310,"[[0,1,0,0,0,0,0,0],[0,1,0,1],[0,1,1,1]]",2,0.08780218399432074
level2_receiver_side_info,310,"[[0,1,0,0,0,0,0,0],[0,1,0,1],[0,1,1,1]]",4,0.10415228924648534
level2_receiver_side_info,310,"[[0,1,0,0,0,0,0,0],[0,1,0,1],[0,1,1,1]]",8,0.12453241233105772
level2_receiver_side_info,310,"[[0,1,0,0,0,0,0,0],[0,1,0,1],[0,1,1,1]]",16,0.14385004263287587
level2_receiver_side_info,310,"[[0,1,0,0,0,0,0,0],[0,1,0,1],[0,1,1,1]]",32,0.15747949742783532
level2_receiver_side_info,311,"[[0,1,0,0,0,0,0,0],[0,1,1,0],[0,1,1,1]]",0,0.06385320297074881
level2_receiver_side_info,311,"[[0,1,0,0,0,0,0,0],[0,1,1,0],[0,1,1,1]]",1,0.07704682264253404
level2_receiver_side_info,311,"[[0,1,0,0,0,0,0,0],[0,1,1,0],[0,1,1,1]]",2,0.08780218399432074
level2_receiver_side_info,311,"[[0,1,0,0,0,0,0,0],[0,1,1,0],[0,1,1,1]]",4,0.1041522892464854
level2_receiver_side_info,311,"[[0,1,0,0,0,0,0,0],[0,1,1,0],[0,1,1,1]]",8,0.12453241233105772
level2_receiver_side_info,311,"[[0,1,0,0,0,0,0,0],[0,1,1,0],[0,1,1,1]]",16,0.14385004263287587
level2_receiver_side_info,311,"[[0,1,0,0,0,0,0,0],[0,1,1,0],[0,1,1,1]]",32,0.15747949742783532
level2_receiver_side_info,312,"[[0,1,0,0,0,0,0,0],[0,1,1,0],[0,1,1,1]]",0,0.06385320297074881
level2_receiver_side_info,312,"[[0,1,0,0,0,0,0,0],[0,1,1,0],[0,1,1,1]]",1,0.07704682264253404
level2_receiver_side_info,312,"[[0,1,0,0,0,0,0,0],[0,1,1,0],[0,1,1,1]]",2,0.08780218399432074
level2_receiver_side_info,312,"[[0,1,0,0,0,0,0,0],[0,1,1,0],[0,1,1,1]]",4,0.1041522892464854
level2_receiver_side_info,312,"[[0,1,0,0,0,0,0,0],[0,1,1,0],[0,1,1,1]]",8,0.12453241233105772
level2_receiver_side_info,312,"[[0,1,0,0,0,0,0,0],[0,1,1,0],[0,1,1,1]]",16,0.14385004263287587
level2_receiver_side_info,312,"[[0,1,0,0,0,0,0,0],[0,1,1,0],[0,1,1,1]]",32,0.15747949742783532
level2_receiver_side_info,313,"[[0,1,0,0,0,0,0,0],[0,1,0,1],[0,1,1,1]]",0,0.06385320297074876
level2_receiver_side_info,313,"[[0,1,0,0,0,0,0,0],[0,1,0,1],[0,1,1,1]]",1,0.07704682264253404
level2_receiver_side_info,313,"[[0,1,0,0,0,0,0,0],[0,1,0,1],[0,1,1,1]]",2,0.08780218399432074
level2_receiver_side_info,313,"[[0,1,0,0,0,0,0,0],[0,1,0,1],[0,1,1,1]]",4,0.10415228924648534
level2_receiver_side_info,313,"[[0,1,0,0,0,0,0,0],[0,1,0,1],[0,1,1,1]]",8,0.12453241233105772
level2_receiver_side_info,313,"[[0,1,0,0,0,0,0,0],[0,1,0,1],[0,1,1,1]]",16,0.14385004263287587
level2_receiver_side_info,313,"[[0,1,0,0,0,0,0,0],[0,1,0,1],[0,1,1,1]]",32,0.15747949742783532
level2_receiver_side_info,314,"[[0,1,0,0,0,0,0,0],[0,1,0,0],[0,1,1,1]]",0,0.007042719241673989
level2_receiver_side_info,314,"[[0,1,0,0,0,0,0,0],[0,1,0,0],[0,1,1,1]]",1,0.043652143186217685
level2_receiver_side_info,314,"[[0,1,0,0,0,0,0,0],[0,1,0,0],[0,1,1,1]]",2,0.07195128098324621
level2_receiver_side_info,314,"[[0,1,0,0,0,0,0,0],[0,1,0,0],[0,1,1,1]]",4,0.11242296217865758
level2_receiver_side_info,314,"[[0,1,0,0,0,0,0,0],[0,1,0,0],[0,1,1,1]]",8,0.15854956604460907
level2_receiver_side_info,314,"[[0,1,0,0,0,0,0,0],[0,1,0,0],[0,1,1,1]]",16,0.19702626025256348
level2_receiver_side_info,314,"[[0,1,0,0,0,0,0,0],[0,1,0,0],[0,1,1,1]]",32,0.21969614553731964
level2_receiver_side_info,315,"[[0,1,0,0,0,0,0,0],[0,0,1,1],[0,1,1,1]]",0,0.06385320297074876
level2_receiver_side_info,315,"[[0,1,0,0,0,0,0,0],[0,0,1,1],[0,1,1,1]]",1,0.07704682264253404
level2_receiver_side_info,315,"[[0,1,0,0,0,0,0,0],[0,0,1,1],[0,1,1,1]]",2,0.08780218399432074
level2_receiver_side_info,315,"[[0,1,0,0,0,0,0,0],[0,0,1,1],[0,1,1,1]]",4,0.10415228924648534
level2_receiver_side_info,315,"[[0,1,0,0,0,0,0,0],[0,0,1,1],[0,1,1,1]]",8,0.12453241233105772
level2_receiver_side_info,315,"[[0,1,0,0,0,0,0,0],[0,0,1,1],[0,1,1,1]]",16,0.14385004263287587
level2_receiver_side_info,315,"[[0,1,0,0,0,0,0,0],[0,0,1,1],[0,1,1,1]]",32,0.15747949742783532
level2_receiver_side_info,316,"[[0,1,0,0,0,0,0,0],[0,0,1,0],[0,1,1,1]]",0,0.007042719241674045
level2_receiver_side_info,316,"[[0,1,0,0,0,0,0,0],[0,0,1,0],[0,1,1,1]]",1,0.043652143186217685
level2_receiver_side_info,316,"[[0,1,0,0,0,0,0,0],[0,0,1,0],[0,1,1,1]]",2,0.07195128098324621
level2_receiver_side_info,316,"[[0,1,0,0,0,0,0,0],[0,0,1,0],[0,1,1,1]]",4,0.11242296217865763
level2_receiver_side_info,316,"[[0,1,0,0,0,0,0,0],[0,0,1,0],[0,1,1,1]]",8,0.15854956604460907
level2_receiver_side_info,316,"[[0,1,0,0,0,0,0,0],[0,0,1,0],[0,1,1,1]]",16,0.19702626025256348
level2_receiver_side_info,316,"[[0,1,0,0,0,0,0,0],[0,0,1,0],[0,1,1,1]]",32,0.21969614553731964
level2_receiver_side_info,317,"[[0,1,0,0,0,0,0,0],[0,0,0,1],[0,1,1,1]]",0,0.007042719241674045
level2_receiver_side_info,317,"[[0,1,0,0,0,0,0,0],[0,0,0,1],[0,1,1,1]]",1,0.043652143186217685
level2_receiver_side_info,317,"[[0,1,0,0,0,0,0,0],[0,0,0,1],[0,1,1,1]]",2,0.07195128098324621
level2_receiver_side_info,317,"[[0,1,0,0,0,0,0,0],[0,0,0,1],[0,1,1,1]]",4,0.11242296217865763
level2_receiver_side_info,317,"[[0,1,0,0,0,0,0,0],[0,0,0,1],[0,1,1,1]]",8,0.15854956604460907
level2_receiver_side_info,317,"[[0,1,0,0,0,0,0,0],[0,0,0,1],[0,1,1,1]]",16,0.19702626025256342
level2_receiver_side_info,317,"[[0,1,0,0,0,0,0,0],[0,0,0,1],[0,1,1,1]]",32,0.21969614553731964
level2_receiver_side_info,318,"[[0,1,0,0,0,0,0,1],[0,0,1,1],[0,0,0,1]]",0,0.0
level2_receiver_side_info,318,"[[0,1,0,0,0,0,0,1],[0,0,1,1],[0,0,0,1]]",1,0.01621124580150446
level2_receiver_side_info,318,"[[0,1,0,0,0,0,0,1],[0,0,1,1],[0,0,0,1]]",2,0.028533198169706342
level2_receiver_side_info,318,"[[0,1,0,0,0,0,0,1],[0,0,1,1],[0,0,0,1]]",4,0.0456971587074495
level2_receiver_side_info,318,"[[0,1,0,0,0,0,0,1],[0,0,1,1],[0,0,0,1]]",8,0.0647237743260059
level2_receiver_side_info,318,"[[0,1,0,0,0,0,0,1],[0,0,1,1],[0,0,0,1]]",16,0.08128352549864837
level2_receiver_side_info,318,"[[0,1,0,0,0,0,0,1],[0,0,1,1],[0,0,0,1]]",32,0.09305028484361938
level2_receiver_side_info,319,"[[0,1,0,0,0,0,0,1],[0,0,1,1],[0,0,1,0]]",0,0.0
level2_receiver_side_info,319,"[[0,1,0,0,0,0,0,1],[0,0,1,1],[0,0,1,0]]",1,0.01621124580150446
level2_receiver_side_info,319,"[[0,1,0,0,0,0,0,1],[0,0,1,1],[0,0,1,0]]",2,0.028533198169706342
level2_receiver_side_info,319,"[[0,1,0,0,0,0,0,1],[0,0,1,1],[0,0,1,0]]",4,0.045697158707449614
level2_receiver_side_info,319,"[[0,1,0,0,0,0,0,1],[0,0,1,1],[0,0,1,0]]",8,0.0647237743260059
level2_receiver_side_info,319,"[[0,1,0,0,0,0,0,1],[0,0,1,1],[0,0,1,0]]",16,0.08128352549864842
level2_receiver_side_info,319,"[[0,1,0,0,0,0,0,1],[0,0,1,1],[0,0,1,0]]",32,0.09305028484361932
level2_receiver_side_info,320,"[[0,1,0,0,0,0,0,1],[0,0,1,1],[0,1,0,0]]",0,0.0
level2_receiver_side_info,320,"[[0,1,0,0,0,0,0,1],[0,0,1,1],[0,1,0,0]]",1,0.01621124580150446
level2_receiver_side_info,320,"[[0,1,0,0,0,0,0,1],[0,0,1,1],[0,1,0,0]]",2,0.028533198169706286
level2_receiver_side_info,320,"[[0,1,0,0,0,0,0,1],[0,0,1,1],[0,1,0,0]]",4,0.0456971587074495
level2_receiver_side_info,320,"[[0,1,0,0,0,0,0,1],[0,0,1,1],[0,1,0,0]]",8,0.0647237743260059
level2_receiver_side_info,320,"[[0,1,0,0,0,0,0,1],[0,0,1,1],[0,1,0,0]]",16,0.08128352549864842
level2_receiver_side_info,320,"[[0,1,0,0,0,0,0,1],[0,0,1,1],[0,1,0,0]]",32,0.09305028484361938
level2_receiver_side_info,321,"[[0,1,0,0,0,0,0,1],[0,0,1,1],[0,1,1,0]]",0,0.0
level2_receiver_side_info,321,"[[0,1,0,0,0,0,0,1],[0,0,1,1],[0,1,1,0]]",1,0.05860388034055081
level2_receiver_side_info,321,"[[0,1,0,0,0,0,0,1],[0,0,1,1],[0,1,1,0]]",2,0.10360963497554826
level2_receiver_side_info,321,"[[0,1,0,0,0,0,0,1],[0,0,1,1],[0,1,1,0]]",4,0.16586347534839643
level2_receiver_side_info,321,"[[0,1,0,0,0,0,0,1],[0,0,1,1],[0,1,1,0]]",8,0.23177388954021425
level2_receiver_side_info,321,"[[0,1,0,0,0,0,0,1],[0,0,1,1],[0,1,1,0]]",16,0.2829520729874759
level2_receiver_side_info,321,"[[0,1,0,0,0,0,0,1],[0,0,1,1],[0,1,1,0]]",32,0.3139496737296405
level2_receiver_side_info,322,"[[0,1,0,0,0,0,0,1],[0,0,1,1],[0,1,1,1]]",0,0.0
level2_receiver_side_info,322,"[[0,1,0,0,0,0,0,1],[0,0,1,1],[0,1,1,1]]",1,0.01621124580150446
level2_receiver_side_info,322,"[[0,1,0,0,0,0,0,1],[0,0,1,1],[0,1,1,1]]",2,0.028533198169706286
level2_receiver_side_info,322,"[[0,1,0,0,0,0,0,1],[0,0,1,1],[0,1,1,1]]",4,0.04569715870744956
level2_receiver_side_info,322,"[[0,1,0,0,0,0,0,1],[0,0,1,1],[0,1,1,1]]",8,0.0647237743260059
level2_receiver_side_info,322,"[[0,1,0,0,0,0,0,1],[0,0,1,1],[0,1,1,1]]",16,0.08128352549864842
level2_receiver_side_info,322,"[[0,1,0,0,0,0,0,1],[0,0,1,1],[0,1,1,1]]",32,0.09305028484361938
level2_receiver_side_info,323,"[[0,1,0,0,0,0,0,1],[0,1,0,1],[0,0,0,1]]",0,0.0
level2_receiver_side_info,323,"[[0,1,0,0,0,0,0,1],[0,1,0,1],[0,0,0,1]]",1,0.01621124580150446
level2_receiver_side_info,323,"[[0,1,0,0,0,0,0,1],[0,1,0,1],[0,0,0,1]]",2,0.028533198169706342
level2_receiver_side_info,323,"[[0,1,0,0,0,0,0,1],[0,1,0,1],[0,0,0,1]]",4,0.0456971587074495
level2_receiver_side_info,323,"[[0,1,0,0,0,0,0,1],[0,1,0,1],[0,0,0,1]]",8,0.0647237743260059
level2_receiver_side_info,323,"[[0,1,0,0,0,0,0,1],[0,1,0,1],[0,0,0,1]]",16,0.08128352549864837
level2_receiver_side_info,323,"[[0,1,0,0,0,0,0,1],[0,1,0,1],[0,0,0,1]]",32,0.09305028484361938
level2_receiver_side_info,324,"[[0,1,0,0,0,0,0,1],[0,1,0,1],[0,0,1,0]]",0,0.0
level2_receiver_side_info,324,"[[0,1,0,0,0,0,0,1],[0,1,0,1],[0,0,1,0]]",1,0.01621124580150446
level2_receiver_side_info,324,"[[0,1,0,0,0,0,0,1],[0,1,0,1],[0,0,1,0]]",2,0.028533198169706342
level2_receiver_side_info,324,"[[0,1,0,0,0,0,0,1],[0,1,0,1],[0,0,1,0]]",4,0.045697158707449614
level2_receiver_side_info,324,"[[0,1,0,0,0,0,0,1],[0,1,0,1],[0,0,1,0]]",8,0.0647237743260059
level2_receiver_side_info,324,"[[0,1,0,0,0,0,0,1],[0,1,0,1],[0,0,1,0]]",16,0.08128352549864842
level2_receiver_side_info,324,"[[0,1,0,0,0,0,0,1],[0,1,0,1],[0,0,1,0]]",32,0.09305028484361932
level2_receiver_side_info,325,"[[0,1,0,0,0,0,0,1],[0,1,0,1],[0,1,0,0]]",0,0.0
level2_receiver_side_info,325,"[[0,1,0,0,0,0,0,1],[0,1,0,1],[0,1,0,0]]",1,0.01621124580150446
level2_receiver_side_info,325,"[[0,1,0,0,0,0,0,1],[0,1,0,1],[0,1,0,0]]",2,0.028533198169706286
level2_receiver_side_info,325,"[[0,1,0,0,0,0,0,1],[0,1,0,1],[0,1,0,0]]",4,0.0456971587074495
level2_receiver_side_info,325,"[[0,1,0,0,0,0,0,1],[0,1,0,1],[0,1,0,0]]",8,0.0647237743260059
level2_receiver_side_info,325,"[[0,1,0,0,0,0,0,1],[0,1,0,1],[0,1,0,0]]",16,0.08128352549864842
level2_receiver_side_info,325,"[[0,1,0,0,0,0,0,1],[0,1,0,1],[0,1,0,0]]",32,0.09305028484361938
level2_receiver_side_info,326,"[[0,1,0,0,0,0,0,1],[0,1,0,1],[0,1,1,0]]",0,0.0
level2_receiver_side_info,326,"[[0,1,0,0,0,0,0,1],[0,1,0,1],[0,1,1,0]]",1,0.05860388034055081
level2_receiver_side_info,326,"[[0,1,0,0,0,0,0,1],[0,1,0,1],[0,1,1,0]]",2,0.10360963497554826
level2_receiver_side_info,326,"[[0,1,0,0,0,0,0,1],[0,1,0,1],[0,1,1,0]]",4,0.16586347534839643
level2_receiver_side_info,326,"[[0,1,0,0,0,0,0,1],[0,1,0,1],[0,1,1,0]]",8,0.23177388954021425
level2_receiver_side_info,326,"[[0,1,0,0,0,0,0,1],[0,1,0,1],[0,1,1,0]]",16,0.2829520729874759
level2_receiver_side_info,326,"[[0,1,0,0,0,0,0,1],[0,1,0,1],[0,1,1,0]]",32,0.3139496737296405
level2_receiver_side_info,327,"[[0,1,0,0,0,0,0,1],[0,1,0,1],[0,1,1,1]]",0,0.0
level2_receiver_side_info,327,"[[0,1,0,0,0,0,0,1],[0,1,0,1],[0,1,1,1]]",1,0.01621124580150446
level2_receiver_side_info,327,"[[0,1,0,0,0,0,0,1],[0,1,0,1],[0,1,1,1]]",2,0.028533198169706286
level2_receiver_side_info,327,"[[0,1,0,0,0,0,0,1],[0,1,0,1],[0,1,1,1]]",4,0.04569715870744956
level2_receiver_side_info,327,"[[0,1,0,0,0,0,0,1],[0,1,0,1],[0,1,1,1]]",8,0.0647237743260059
level2_receiver_side_info,327,"[[0,1,0,0,0,0,0,1],[0,1,0,1],[0,1,1,1]]",16,0.08128352549864842
level2_receiver_side_info,327,"[[0,1,0,0,0,0,0,1],[0,1,0,1],[0,1,1,1]]",32,0.09305028484361938
level2_receiver_side_info,328,"[[0,1,0,0,0,0,0,1],[0,1,0,1],[1,1,1,0]]",0,0.0
level2_receiver_side_info,328,"[[0,1,0,0,0,0,0,1],[0,1,0,1],[1,1,1,0]]",1,0.01621124580150446
level2_receiver_side_info,328,"[[0,1,0,0,0,0,0,1],[0,1,0,1],[1,1,1,0]]",2,0.028533198169706342
level2_receiver_side_info,328,"[[0,1,0,0,0,0,0,1],[0,1,0,1],[1,1,1,0]]",4,0.0456971587074495
level2_receiver_side_info,328,"[[0,1,0,0,0,0,0,1],[0,1,0,1],[1,1,1,0]]",8,0.0647237743260059
level2_receiver_side_info,328,"[[0,1,0,0,0,0,0,1],[0,1,0,1],[1,1,1,0]]",16,0.08128352549864837
level2_receiver_side_info,328,"[[0,1,0,0,0,0,0,1],[0,1,0,1],[1,1,1,0]]",32,0.09305028484361938
level2_receiver_side_info,329,"[[0,1,0,0,0,0,0,1],[0,1,0,1],[1,1,0,1]]",0,0.0
level2_receiver_side_info,329,"[[0,1,0,0,0,0,0,1],[0,1,0,1],[1,1,0,1]]",1,0.01621124580150446
level2_receiver_side_info,329,"[[0,1,0,0,0,0,0,1],[0,1,0,1],[1,1,0,1]]",2,0.028533198169706342
level2_receiver_side_info,329,"[[0,1,0,0,0,0,0,1],[0,1,0,1],[1,1,0,1]]",4,0.045697158707449614
level2_receiver_side_info,329,"[[0,1,0,0,0,0,0,1],[0,1,0,1],[1,1,0,1]]",8,0.0647237743260059
level2_receiver_side_info,329,"[[0,1,0,0,0,0,0,1],[0,1,0,1],[1,1,0,1]]",16,0.08128352549864842
level2_receiver_side_info,329,"[[0,1,0,0,0,0,0,1],[0,1,0,1],[1,1,0,1]]",32,0.09305028484361932
level2_receiver_side_info,330,"[[0,1,0,0,0,0,0,1],[0,1,0,1],[1,0,1,1]]",0,0.0
level2_receiver_side_info,330,"[[0,1,0,0,0,0,0,1],[0,1,0,1],[1,0,1,1]]",1,0.01621124580150446
level2_receiver_side_info,330,"[[0,1,0,0,0,0,0,1],[0,1,0,1],[1,0,1,1]]",2,0.028533198169706286
level2_receiver_side_info,330,"[[0,1,0,0,0,0,0,1],[0,1,0,1],[1,0,1,1]]",4,0.0456971587074495
level2_receiver_side_info,330,"[[0,1,0,0,0,0,0,1],[0,1,0,1],[1,0,1,1]]",8,0.0647237743260059
level2_receiver_side_info,330,"[[0,1,0,0,0,0,0,1],[0,1,0,1],[1,0,1,1]]",16,0.08128352549864842
level2_receiver_side_info,330,"[[0,1,0,0,0,0,0,1],[0,1,0,1],[1,0,1,1]]",32,0.09305028484361938
level2_receiver_side_info,331,"[[0,1,0,0,0,0,0,1],[0,1,0,1],[1,0,0,1]]",0,0.0
level2_receiver_side_info,331,"[[0,1,0,0,0,0,0,1],[0,1,0,1],[1,0,0,1]]",1,0.05860388034055081
level2_receiver_side_info,331,"[[0,1,0,0,0,0,0,1],[0,1,0,1],[1,0,0,1]]",2,0.10360963497554826
level2_receiver_side_info,331,"[[0,1,0,0,0,0,0,1],[0,1,0,1],[1,0,0,1]]",4,0.16586347534839643
level2_receiver_side_info,331,"[[0,1,0,0,0,0,0,1],[0,1,0,1],[1,0,0,1]]",8,0.23177388954021425
level2_receiver_side_info,331,"[[0,1,0,0,0,0,0,1],[0,1,0,1],[1,0,0,1]]",16,0.2829520729874759
level2_receiver_side_info,331,"[[0,1,0,0,0,0,0,1],[0,1,0,1],[1,0,0,1]]",32,0.3139496737296405
level2_receiver_side_info,332,"[[0,1,0,0,0,0,0,1],[0,1,0,1],[1,0,0,0]]",0,0.0
level2_receiver_side_info,332,"[[0,1,0,0,0,0,0,1],[0,1,0,1],[1,0,0,0]]",1,0.01621124580150446
level2_receiver_side_info,332,"[[0,1,0,0,0,0,0,1],[0,1,0,1],[1,0,0,0]]",2,0.028533198169706286
level2_receiver_side_info,332,"[[0,1,0,0,0,0,0,1],[0,1,0,1],[1,0,0,0]]",4,0.04569715870744956
level2_receiver_side_info,332,"[[0,1,0,0,0,0,0,1],[0,1,0,1],[1,0,0,0]]",8,0.0647237743260059
level2_receiver_side_info,332,"[[0,1,0,0,0,0,0,1],[0,1,0,1],[1,0,0,0]]",16,0.08128352549864842
level2_receiver_side_info,332,"[[0,1,0,0,0,0,0,1],[0,1,0,1],[1,0,0,0]]",32,0.09305028484361938
level2_receiver_side_info,333,"[[0,1,0,0,0,0,0,1],[0,0,1,1],[1,1,1,0]]",0,0.0
level2_receiver_side_info,333,"[[0,1,0,0,0,0,0,1],[0,0,1,1],[1,1,1,0]]",1,0.01621124580150446
level2_receiver_side_info,333,"[[0,1,0,0,0,0,0,1],[0,0,1,1],[1,1,1,0]]",2,0.028533198169706342
level2_receiver_side_info,333,"[[0,1,0,0,0,0,0,1],[0,0,1,1],[1,1,1,0]]",4,0.0456971587074495
level2_receiver_side_info,333,"[[0,1,0,0,0,0,0,1],[0,0,1,1],[1,1,1,0]]",8,0.0647237743260059
level2_receiver_side_info,333,"[[0,1,0,0,0,0,0,1],[0,0,1,1],[1,1,1,0]]",16,0.08128352549864837
level2_receiver_side_info,333,"[[0,1,0,0,0,0,0,1],[0,0,1,1],[1,1,1,0]]",32,0.09305028484361938
level2_receiver_side_info,334,"[[0,1,0,0,0,0,0,1],[0,0,1,1],[1,1,0,1]]",0,0.0
level2_receiver_side_info,334,"[[0,1,0,0,0,0,0,1],[0,0,1,1],[1,1,0,1]]",1,0.01621124580150446
level2_receiver_side_info,334,"[[0,1,0,0,0,0,0,1],[0,0,1,1],[1,1,0,1]]",2,0.028533198169706342
level2_receiver_side_info,334,"[[0,1,0,0,0,0,0,1],[0,0,1,1],[1,1,0,1]]",4,0.045697158707449614
level2_receiver_side_info,334,"[[0,1,0,0,0,0,0,1],[0,0,1,1],[1,1,0,1]]",8,0.0647237743260059
level2_receiver_side_info,334,"[[0,1,0,0,0,0,0,1],[0,0,1,1],[1,1,0,1]]",16,0.08128352549864842
level2_receiver_side_info,334,"[[0,1,0,0,0,0,0,1],[0,0,1,1],[1,1,0,1]]",32,0.09305028484361932
level2_receiver_side_info,335,"[[0,1,0,0,0,0,0,1],[0,0,1,1],[1,0,1,1]]",0,0.0
level2_receiver_side_info,335,"[[0,1,0,0,0,0,0,1],[0,0,1,1],[1,0,1,1]]",1,0.01621124580150446
level2_receiver_side_info,335,"[[0,1,0,0,0,0,0,1],[0,0,1,1],[1,0,1,1]]",2,0.028533198169706286
level2_receiver_side_info,335,"[[0,1,0,0,0,0,0,1],[0,0,1,1],[1,0,1,1]]",4,0.0456971587074495
level2_receiver_side_info,335,"[[0,1,0,0,0,0,0,1],[0,0,1,1],[1,0,1,1]]",8,0.0647237743260059
level2_receiver_side_info,335,"[[0,1,0,0,0,0,0,1],[0,0,1,1],[1,0,1,1]]",16,0.08128352549864842
level2_receiver_side_info,335,"[[0,1,0,0,0,0,0,1],[0,0,1,1],[1,0,1,1]]",32,0.09305028484361938
level2_receiver_side_info,336,"[[0,1,0,0,0,0,0,1],[0,0,1,1],[1,0,0,1]]",0,0.0
level2_receiver_side_info,336,"[[0,1,0,0,0,0,0,1],[0,0,1,1],[1,0,0,1]]",1,0.05860388034055081
level2_receiver_side_info,336,"[[0,1,0,0,0,0,0,1],[0,0,1,1],[1,0,0,1]]",2,0.10360963497554826
level2_receiver_side_info,336,"[[0,1,0,0,0,0,0,1],[0,0,1,1],[1,0,0,1]]",4,0.16586347534839643
level2_receiver_side_info,336,"[[0,1,0,0,0,0,0,1],[0,0,1,1],[1,0,0,1]]",8,0.23177388954021425
level2_receiver_side_info,336,"[[0,1,0,0,0,0,0,1],[0,0,1,1],[1,0,0,1]]",16,0.2829520729874759
level2_receiver_side_info,336,"[[0,1,0,0,0,0,0,1],[0,0,1,1],[1,0,0,1]]",32,0.3139496737296405
level2_receiver_side_info,337,"[[0,1,0,0,0,0,0,1],[0,0,1,1],[1,0,0,0]]",0,0.0
level2_receiver_side_info,337,"[[0,1,0,0,0,0,0,1],[0,0,1,1],[1,0,0,0]]",1,0.01621124580150446
level2_receiver_side_info,337,"[[0,1,0,0,0,0,0,1],[0,0,1,1],[1,0,0,0]]",2,0.028533198169706286
level2_receiver_side_info,337,"[[0,1,0,0,0,0,0,1],[0,0,1,1],[1,0,0,0]]",4,0.04569715870744956
level2_receiver_side_info,337,"[[0,1,0,0,0,0,0,1],[0,0,1,1],[1,0,0,0]]",8,0.0647237743260059
level2_receiver_side_info,337,"[[0,1,0,0,0,0,0,1],[0,0,1,1],[1,0,0,0]]",16,0.08128352549864842
level2_receiver_side_info,337,"[[0,1,0,0,0,0,0,1],[0,0,1,1],[1,0,0,0]]",32,0.09305028484361938
level2_receiver_side_info,338,"[[0,1,0,0,0,1,0,0],[0,0,1,1],[0,0,0,1]]",0,0.0
level2_receiver_side_info,338,"[[0,1,0,0,0,1,0,0],[0,0,1,1],[0,0,0,1]]",1,0.01621124580150446
level2_receiver_side_info,338,"[[0,1,0,0,0,1,0,0],[0,0,1,1],[0,0,0,1]]",2,0.028533198169706342
level2_receiver_side_info,338,"[[0,1,0,0,0,1,0,0],[0,0,1,1],[0,0,0,1]]",4,0.0456971587074495
level2_receiver_side_info,338,"[[0,1,0,0,0,1,0,0],[0,0,1,1],[0,0,0,1]]",8,0.0647237743260059
level2_receiver_side_info,338,"[[0,1,0,0,0,1,0,0],[0,0,1,1],[0,0,0,1]]",16,0.08128352549864837
level2_receiver_side_info,338,"[[0,1,0,0,0,1,0,0],[0,0,1,1],[0,0,0,1]]",32,0.09305028484361938
level2_receiver_side_info,339,"[[0,1,0,0,0,1,0,0],[0,0,1,1],[0,0,1,0]]",0,0.0
level2_receiver_side_info,339,"[[0,1,0,0,0,1,0,0],[0,0,1,1],[0,0,1,0]]",1,0.01621124580150446
level2_receiver_side_info,339,"[[0,1,0,0,0,1,0,0],[0,0,1,1],[0,0,1,0]]",2,0.028533198169706342
level2_receiver_side_info,339,"[[0,1,0,0,0,1,0,0],[0,0,1,1],[0,0,1,0]]",4,0.045697158707449614
level2_receiver_side_info,339,"[[0,1,0,0,0,1,0,0],[0,0,1,1],[0,0,1,0]]",8,0.0647237743260059
level2_receiver_side_info,339,"[[0,1,0,0,0,1,0,0],[0,0,1,1],[0,0,1,0]]",16,0.08128352549864842
level2_receiver_side_info,339,"[[0,1,0,0,0,1,0,0],[0,0,1,1],[0,0,1,0]]",32,0.09305028484361932
level2_receiver_side_info,340,"[[0,1,0,0,0,1,0,0],[0,0,1,1],[0,1,0,0]]",0,0.0
level2_receiver_side_info,340,"[[0,1,0,0,0,1,0,0],[0,0,1,1],[0,1,0,0]]",1,0.01621124580150446
level2_receiver_side_info,340,"[[0,1,0,0,0,1,0,0],[0,0,1,1],[0,1,0,0]]",2,0.028533198169706286
level2_receiver_side_info,340,"[[0,1,0,0,0,1,0,0],[0,0,1,1],[0,1,0,0]]",4,0.04569715870744956
level2_receiver_side_info,340,"[[0,1,0,0,0,1,0,0],[0,0,1,1],[0,1,0,0]]",8,0.0647237743260059
level2_receiver_side_info,340,"[[0,1,0,0,0,1,0,0],[0,0,1,1],[0,1,0,0]]",16,0.08128352549864842
level2_receiver_side_info,340,"[[0,1,0,0,0,1,0,0],[0,0,1,1],[0,1,0,0]]",32,0.09305028484361938
level2_receiver_side_info,341,"[[0,1,0,0,0,1,0,0],[0,0,1,1],[0,1,0,1]]",0,0.0
level2_receiver_side_info,341,"[[0,1,0,0,0,1,0,0],[0,0,1,1],[0,1,0,1]]",1,0.05860388034055081
level2_receiver_side_info,341,"[[0,1,0,0,0,1,0,0],[0,0,1,1],[0,1,0,1]]",2,0.10360963497554826
level2_receiver_side_info,341,"[[0,1,0,0,0,1,0,0],[0,0,1,1],[0,1,0,1]]",4,0.16586347534839643
level2_receiver_side_info,341,"[[0,1,0,0,0,1,0,0],[0,0,1,1],[0,1,0,1]]",8,0.23177388954021425
level2_receiver_side_info,341,"[[0,1,0,0,0,1,0,0],[0,0,1,1],[0,1,0,1]]",16,0.2829520729874759
level2_receiver_side_info,341,"[[0,1,0,0,0,1,0,0],[0,0,1,1],[0,1,0,1]]",32,0.3139496737296405
level2_receiver_side_info,342,"[[0,1,0,0,0,1,0,0],[0,0,1,1],[0,1,1,1]]",0,0.0
level2_receiver_side_info,342,"[[0,1,0,0,0,1,0,0],[0,0,1,1],[0,1,1,1]]",1,0.01621124580150446
level2_receiver_side_info,342,"[[0,1,0,0,0,1,0,0],[0,0,1,1],[0,1,1,1]]",2,0.028533198169706286
level2_receiver_side_info,342,"[[0,1,0,0,0,1,0,0],[0,0,1,1],[0,1,1,1]]",4,0.0456971587074495
level2_receiver_side_info,342,"[[0,1,0,0,0,1,0,0],[0,0,1,1],[0,1,1,1]]",8,0.0647237743260059
level2_receiver_side_info,342,"[[0,1,0,0,0,1,0,0],[0,0,1,1],[0,1,1,1]]",16,0.08128352549864842
level2_receiver_side_info,342,"[[0,1,0,0,0,1,0,0],[0,0,1,1],[0,1,1,1]]",32,0.09305028484361938
level2_receiver_side_info,343,"[[0,1,0,0,0,1,0,0],[0,1,1,0],[0,0,0,1]]",0,0.0
level2_receiver_side_info,343,"[[0,1,0,0,0,1,0,0],[0,1,1,0],[0,0,0,1]]",1,0.01621124580150446
level2_receiver_side_info,343,"[[0,1,0,0,0,1,0,0],[0,1,1,0],[0,0,0,1]]",2,0.028533198169706342
level2_receiver_side_info,343,"[[0,1,0,0,0,1,0,0],[0,1,1,0],[0,0,0,1]]",4,0.0456971587074495
level2_receiver_side_info,343,"[[0,1,0,0,0,1,0,0],[0,1,1,0],[0,0,0,1]]",8,0.0647237743260059
level2_receiver_side_info,343,"[[0,1,0,0,0,1,0,0],[0,1,1,0],[0,0,0,1]]",16,0.08128352549864837
level2_receiver_side_info,343,"[[0,1,0,0,0,1,0,0],[0,1,1,0],[0,0,0,1]]",32,0.09305028484361938
level2_receiver_side_info,344,"[[0,1,0,0,0,1,0,0],[0,1,1,0],[0,0,1,0]]",0,0.0
level2_receiver_side_info,344,"[[0,1,0,0,0,1,0,0],[0,1,1,0],[0,0,1,0]]",1,0.01621124580150446
level2_receiver_side_info,344,"[[0,1,0,0,0,1,0,0],[0,1,1,0],[0,0,1,0]]",2,0.028533198169706342
level2_receiver_side_info,344,"[[0,1,0,0,0,1,0,0],[0,1,1,0],[0,0,1,0]]",4,0.045697158707449614
level2_receiver_side_info,344,"[[0,1,0,0,0,1,0,0],[0,1,1,0],[0,0,1,0]]",8,0.0647237743260059
level2_receiver_side_info,344,"[[0,1,0,0,0,1,0,0],[0,1,1,0],[0,0,1,0]]",16,0.08128352549864842
level2_receiver_side_info,344,"[[0,1,0,0,0,1,0,0],[0,1,1,0],[0,0,1,0]]",32,0.09305028484361932
level2_receiver_side_info,345,"[[0,1,0,0,0,1,0,0],[0,1,1,0],[0,1,0,0]]",0,0.0
level2_receiver_side_info,345,"[[0,1,0,0,0,1,0,0],[0,1,1,0],[0,1,0,0]]",1,0.01621124580150446
level2_receiver_side_info,345,"[[0,1,0,0,0,1,0,0],[0,1,1,0],[0,1,0,0]]",2,0.028533198169706286
level2_receiver_side_info,345,"[[0,1,0,0,0,1,0,0],[0,1,1,0],[0,1,0,0]]",4,0.04569715870744956
level2_receiver_side_info,345,"[[0,1,0,0,0,1,0,0],[0,1,1,0],[0,1,0,0]]",8,0.0647237743260059
level2_receiver_side_info,345,"[[0,1,0,0,0,1,0,0],[0,1,1,0],[0,1,0,0]]",16,0.08128352549864842
level2_receiver_side_info,345,"[[0,1,0,0,0,1,0,0],[0,1,1,0],[0,1,0,0]]",32,0.09305028484361938
level2_receiver_side_info,346,"[[0,1,0,0,0,1,0,0],[0,1,1,0],[0,1,0,1]]",0,0.0
level2_receiver_side_info,346,"[[0,1,0,0,0,1,0,0],[0,1,1,0],[0,1,0,1]]",1,0.05860388034055081
level2_receiver_side_info,346,"[[0,1,0,0,0,1,0,0],[0,1,1,0],[0,1,0,1]]",2,0.10360963497554826
level2_receiver_side_info,346,"[[0,1,0,0,0,1,0,0],[0,1,1,0],[0,1,0,1]]",4,0.16586347534839643
level2_receiver_side_info,346,"[[0,1,0,0,0,1,0,0],[0,1,1,0],[0,1,0,1]]",8,0.23177388954021425
level2_receiver_side_info,346,"[[0,1,0,0,0,1,0,0],[0,1,1,0],[0,1,0,1]]",16,0.2829520729874759
level2_receiver_side_info,346,"[[0,1,0,0,0,1,0,0],[0,1,1,0],[0,1,0,1]]",32,0.3139496737296405
level2_receiver_side_info,347,"[[0,1,0,0,0,1,0,0],[0,1,1,0],[0,1,1,1]]",0,0.0
level2_receiver_side_info,347,"[[0,1,0,0,0,1,0,0],[0,1,1,0],[0,1,1,1]]",1,0.01621124580150446
level2_receiver_side_info,347,"[[0,1,0,0,0,1,0,0],[0,1,1,0],[0,1,1,1]]",2,0.028533198169706286
level2_receiver_side_info,347,"[[0,1,0,0,0,1,0,0],[0,1,1,0],[0,1,1,1]]",4,0.0456971587074495
level2_receiver_side_info,347,"[[0,1,0,0,0,1,0,0],[0,1,1,0],[0,1,1,1]]",8,0.0647237743260059
level2_receiver_side_info,347,"[[0,1,0,0,0,1,0,0],[0,1,1,0],[0,1,1,1]]",16,0.08128352549864842
level2_receiver_side_info,347,"[[0,1,0,0,0,1,0,0],[0,1,1,0],[0,1,1,1]]",32,0.09305028484361938
level2_receiver_side_info,348,"[[0,1,0,0,0,1,0,0],[0,1,1,0],[1,1,1,0]]",0,0.0
level2_receiver_side_info,348,"[[0,1,0,0,0,1,0,0],[0,1,1,0],[1,1,1,0]]",1,0.01621124580150446
level2_receiver_side_info,348,"[[0,1,0,0,0,1,0,0],[0,1,1,0],[1,1,1,0]]",2,0.028533198169706342
level2_receiver_side_info,348,"[[0,1,0,0,0,1,0,0],[0,1,1,0],[1,1,1,0]]",4,0.0456971587074495
level2_receiver_side_info,348,"[[0,1,0,0,0,1,0,0],[0,1,1,0],[1,1,1,0]]",8,0.0647237743260059
level2_receiver_side_info,348,"[[0,1,0,0,0,1,0,0],[0,1,1,0],[1,1,1,0]]",16,0.08128352549864837
level2_receiver_side_info,348,"[[0,1,0,0,0,1,0,0],[0,1,1,0],[1,1,1,0]]",32,0.09305028484361938
level2_receiver_side_info,349,"[[0,1,0,0,0,1,0,0],[0,1,1,0],[1,1,0,1]]",0,0.0
level2_receiver_side_info,349,"[[0,1,0,0,0,1,0,0],[0,1,1,0],[1,1,0,1]]",1,0.01621124580150446
level2_receiver_side_info,349,"[[0,1,0,0,0,1,0,0],[0,1,1,0],[1,1,0,1]]",2,0.028533198169706342
level2_receiver_side_info,349,"[[0,1,0,0,0,1,0,0],[0,1,1,0],[1,1,0,1]]",4,0.045697158707449614
level2_receiver_side_info,349,"[[0,1,0,0,0,1,0,0],[0,1,1,0],[1,1,0,1]]",8,0.0647237743260059
level2_receiver_side_info,349,"[[0,1,0,0,0,1,0,0],[0,1,1,0],[1,1,0,1]]",16,0.08128352549864842
level2_receiver_side_info,349,"[[0,1,0,0,0,1,0,0],[0,1,1,0],[1,1,0,1]]",32,0.09305028484361932
level2_receiver_side_info,350,"[[0,1,0,0,0,1,0,0],[0,1,1,0],[1,0,1,1]]",0,0.0
level2_receiver_side_info,350,"[[0,1,0,0,0,1,0,0],[0,1,1,0],[1,0,1,1]]",1,0.01621124580150446
level2_receiver_side_info,350,"[[0,1,0,0,0,1,0,0],[0,1,1,0],[1,0,1,1]]",2,0.028533198169706286
level2_receiver_side_info,350,"[[0,1,0,0,0,1,0,0],[0,1,1,0],[1,0,1,1]]",4,0.04569715870744956
level2_receiver_side_info,350,"[[0,1,0,0,0,1,0,0],[0,1,1,0],[1,0,1,1]]",8,0.0647237743260059
level2_receiver_side_info,350,"[[0,1,0,0,0,1,0,0],[0,1,1,0],[1,0,1,1]]",16,0.08128352549864842
level2_receiver_side_info,350,"[[0,1,0,0,0,1,0,0],[0,1,1,0],[1,0,1,1]]",32,0.09305028484361938
level2_receiver_side_info,351,"[[0,1,0,0,0,1,0,0],[0,1,1,0],[1,0,1,0]]",0,0.0
level2_receiver_side_info,351,"[[0,1,0,0,0,1,0,0],[0,1,1,0],[1,0,1,0]]",1,0.05860388034055081
level2_receiver_side_info,351,"[[0,1,0,0,0,1,0,0],[0,1,1,0],[1,0,1,0]]",2,0.10360963497554826
level2_receiver_side_info,351,"[[0,1,0,0,0,1,0,0],[0,1,1,0],[1,0,1,0]]",4,0.16586347534839643
level2_receiver_side_info,351,"[[0,1,0,0,0,1,0,0],[0,1,1,0],[1,0,1,0]]",8,0.23177388954021425
level2_receiver_side_info,351,"[[0,1,0,0,0,1,0,0],[0,1,1,0],[1,0,1,0]]",16,0.2829520729874759
level2_receiver_side_info,351,"[[0,1,0,0,0,1,0,0],[0,1,1,0],[1,0,1,0]]",32,0.3139496737296405
level2_receiver_side_info,352,"[[0,1,0,0,0,1,0,0],[0,1,1,0],[1,0,0,0]]",0,0.0
level2_receiver_side_info,352,"[[0,1,0,0,0,1,0,0],[0,1,1,0],[1,0,0,0]]",1,0.01621124580150446
level2_receiver_side_info,352,"[[0,1,0,0,0,1,0,0],[0,1,1,0],[1,0,0,0]]",2,0.028533198169706286
level2_receiver_side_info,352,"[[0,1,0,0,0,1,0,0],[0,1,1,0],[1,0,0,0]]",4,0.0456971587074495
level2_receiver_side_info,352,"[[0,1,0,0,0,1,0,0],[0,1,1,0],[1,0,0,0]]",8,0.0647237743260059
level2_receiver_side_info,352,"[[0,1,0,0,0,1,0,0],[0,1,1,0],[1,0,0,0]]",16,0.08128352549864842
level2_receiver_side_info,352,"[[0,1,0,0,0,1,0,0],[0,1,1,0],[1,0,0,0]]",32,0.09305028484361938
level2_receiver_side_info,353,"[[0,1,0,0,0,1,0,0],[0,0,1,1],[1,1,1,0]]",0,0.0
level2_receiver_side_info,353,"[[0,1,0,0,0,1,0,0],[0,0,1,1],[1,1,1,0]]",1,0.01621124580150446
level2_receiver_side_info,353,"[[0,1,0,0,0,1,0,0],[0,0,1,1],[1,1,1,0]]",2,0.028533198169706342
level2_receiver_side_info,353,"[[0,1,0,0,0,1,0,0],[0,0,1,1],[1,1,1,0]]",4,0.0456971587074495
level2_receiver_side_info,353,"[[0,1,0,0,0,1,0,0],[0,0,1,1],[1,1,1,0]]",8,0.0647237743260059
level2_receiver_side_info,353,"[[0,1,0,0,0,1,0,0],[0,0,1,1],[1,1,1,0]]",16,0.08128352549864837
level2_receiver_side_info,353,"[[0,1,0,0,0,1,0,0],[0,0,1,1],[1,1,1,0]]",32,0.09305028484361938
level2_receiver_side_info,354,"[[0,1,0,0,0,1,0,0],[0,0,1,1],[1,1,0,1]]",0,0.0
level2_receiver_side_info,354,"[[0,1,0,0,0,1,0,0],[0,0,1,1],[1,1,0,1]]",1,0.01621124580150446
level2_receiver_side_info,354,"[[0,1,0,0,0,1,0,0],[0,0,1,1],[1,1,0,1]]",2,0.028533198169706342
level2_receiver_side_info,354,"[[0,1,0,0,0,1,0,0],[0,0,1,1],[1,1,0,1]]",4,0.045697158707449614
level2_receiver_side_info,354,"[[0,1,0,0,0,1,0,0],[0,0,1,1],[1,1,0,1]]",8,0.0647237743260059
level2_receiver_side_info,354,"[[0,1,0,0,0,1,0,0],[0,0,1,1],[1,1,0,1]]",16,0.08128352549864842
level2_receiver_side_info,354,"[[0,1,0,0,0,1,0,0],[0,0,1,1],[1,1,0,1]]",32,0.09305028484361932
level2_receiver_side_info,355,"[[0,1,0,0,0,1,0,0],[0,0,1,1],[1,0,1,1]]",0,0.0
level2_receiver_side_info,355,"[[0,1,0,0,0,1,0,0],[0,0,1,1],[1,0,1,1]]",1,0.01621124580150446
level2_receiver_side_info,355,"[[0,1,0,0,0,1,0,0],[0,0,1,1],[1,0,1,1]]",2,0.028533198169706286
level2_receiver_side_info,355,"[[0,1,0,0,0,1,0,0],[0,0,1,1],[1,0,1,1]]",4,0.04569715870744956
level2_receiver_side_info,355,"[[0,1,0,0,0,1,0,0],[0,0,1,1],[1,0,1,1]]",8,0.0647237743260059
level2_receiver_side_info,355,"[[0,1,0,0,0,1,0,0],[0,0,1,1],[1,0,1,1]]",16,0.08128352549864842
level2_receiver_side_info,355,"[[0,1,0,0,0,1,0,0],[0,0,1,1],[1,0,1,1]]",32,0.09305028484361938
level2_receiver_side_info,356,"[[0,1,0,0,0,1,0,0],[0,0,1,1],[1,0,1,0]]",0,0.0
level2_receiver_side_info,356,"[[0,1,0,0,0,1,0,0],[0,0,1,1],[1,0,1,0]]",1,0.05860388034055081
level2_receiver_side_info,356,"[[0,1,0,0,0,1,0,0],[0,0,1,1],[1,0,1,0]]",2,0.10360963497554826
level2_receiver_side_info,356,"[[0,1,0,0,0,1,0,0],[0,0,1,1],[1,0,1,0]]",4,0.16586347534839643
level2_receiver_side_info,356,"[[0,1,0,0,0,1,0,0],[0,0,1,1],[1,0,1,0]]",8,0.23177388954021425
level2_receiver_side_info,356,"[[0,1,0,0,0,1,0,0],[0,0,1,1],[1,0,1,0]]",16,0.2829520729874759
level2_receiver_side_info,356,"[[0,1,0,0,0,1,0,0],[0,0,1,1],[1,0,1,0]]",32,0.3139496737296405
level2_receiver_side_info,357,"[[0,1,0,0,0,1,0,0],[0,0,1,1],[1,0,0,0]]",0,0.0
level2_receiver_side_info,357,"[[0,1,0,0,0,1,0,0],[0,0,1,1],[1,0,0,0]]",1,0.01621124580150446
level2_receiver_side_info,357,"[[0,1,0,0,0,1,0,0],[0,0,1,1],[1,0,0,0]]",2,0.028533198169706286
level2_receiver_side_info,357,"[[0,1,0,0,0,1,0,0],[0,0,1,1],[1,0,0,0]]",4,0.0456971587074495
level2_receiver_side_info,357,"[[0,1,0,0,0,1,0,0],[0,0,1,1],[1,0,0,0]]",8,0.0647237743260059
level2_receiver_side_info,357,"[[0,1,0,0,0,1,0,0],[0,0,1,1],[1,0,0,0]]",16,0.08128352549864842
level2_receiver_side_info,357,"[[0,1,0,0,0,1,0,0],[0,0,1,1],[1,0,0,0]]",32,0.09305028484361938
level2_receiver_side_info,358,"[[0,1,0,0,0,1,0,1],[0,0,0,1],[1,0,1,1]]",0,0.007042719241674045
level2_receiver_side_info,358,"[[0,1,0,0,0,1,0,1],[0,0,0,1],[1,0,1,1]]",1,0.043652143186217685
level2_receiver_side_info,358,"[[0,1,0,0,0,1,0,1],[0,0,0,1],[1,0,1,1]]",2,0.07195128098324621
level2_receiver_side_info,358,"[[0,1,0,0,0,1,0,1],[0,0,0,1],[1,0,1,1]]",4,0.11242296217865766
level2_receiver_side_info,358,"[[0,1,0,0,0,1,0,1],[0,0,0,1],[1,0,1,1]]",8,0.15854956604460907
level2_receiver_side_info,358,"[[0,1,0,0,0,1,0,1],[0,0,0,1],[1,0,1,1]]",16,0.19702626025256342
level2_receiver_side_info,358,"[[0,1,0,0,0,1,0,1],[0,0,0,1],[1,0,1,1]]",32,0.2196961455373196
level2_receiver_side_info,359,"[[0,1,0,0,0,1,0,1],[0,0,1,0],[1,0,1,1]]",0,0.007042719241674045
level2_receiver_side_info,359,"[[0,1,0,0,0,1,0,1],[0,0,1,0],[1,0,1,1]]",1,0.043652143186217685
level2_receiver_side_info,359,"[[0,1,0,0,0,1,0,1],[0,0,1,0],[1,0,1,1]]",2,0.07195128098324621
level2_receiver_side_info,359,"[[0,1,0,0,0,1,0,1],[0,0,1,0],[1,0,1,1]]",4,0.11242296217865766
level2_receiver_side_info,359,"[[0,1,0,0,0,1,0,1],[0,0,1,0],[1,0,1,1]]",8,0.15854956604460907
level2_receiver_side_info,359,"[[0,1,0,0,0,1,0,1],[0,0,1,0],[1,0,1,1]]",16,0.19702626025256348
level2_receiver_side_info,359,"[[0,1,0,0,0,1,0,1],[0,0,1,0],[1,0,1,1]]",32,0.2196961455373196
level2_receiver_side_info,360,"[[0,1,0,0,0,1,0,1],[0,1,1,1],[0,1,0,0]]",0,0.007042719241674045
level2_receiver_side_info,360,"[[0,1,0,0,0,1,0,1],[0,1,1,1],[0,1,0,0]]",1,0.043652143186217685
level2_receiver_side_info,360,"[[0,1,0,0,0,1,0,1],[0,1,1,1],[0,1,0,0]]",2,0.07195128098324621
level2_receiver_side_info,360,"[[0,1,0,0,0,1,0,1],[0,1,1,1],[0,1,0,0]]",4,0.11242296217865766
level2_receiver_side_info,360,"[[0,1,0,0,0,1,0,1],[0,1,1,1],[0,1,0,0]]",8,0.15854956604460907
level2_receiver_side_info,360,"[[0,1,0,0,0,1,0,1],[0,1,1,1],[0,1,0,0]]",16,0.19702626025256342
level2_receiver_side_info,360,"[[0,1,0,0,0,1,0,1],[0,1,1,1],[0,1,0,0]]",32,0.2196961455373196
level2_receiver_side_info,361,"[[0,1,0,0,0,1,0,1],[0,1,1,1],[0,1,0,0]]",0,0.007042719241674045
level2_receiver_side_info,361,"[[0,1,0,0,0,1,0,1],[0,1,1,1],[0,1,0,0]]",1,0.043652143186217685
level2_receiver_side_info,361,"[[0,1,0,0,0,1,0,1],[0,1,1,1],[0,1,0,0]]",2,0.07195128098324621
level2_receiver_side_info,361,"[[0,1,0,0,0,1,0,1],[0,1,1,1],[0,1,0,0]]",4,0.11242296217865766
level2_receiver_side_info,361,"[[0,1,0,0,0,1,0,1],[0,1,1,1],[0,1,0,0]]",8,0.15854956604460907
level2_receiver_side_info,361,"[[0,1,0,0,0,1,0,1],[0,1,1,1],[0,1,0,0]]",16,0.19702626025256342
level2_receiver_side_info,361,"[[0,1,0,0,0,1,0,1],[0,1,1,1],[0,1,0,0]]",32,0.2196961455373196
level2_receiver_side_info,362,"[[0,1,0,0,0,1,0,1],[0,0,1,0],[1,0,1,1]]",0,0.007042719241674045
level2_receiver_side_info,362,"[[0,1,0,0,0,1,0,1],[0,0,1,0],[1,0,1,1]]",1,0.043652143186217685
level2_receiver_side_info,362,"[[0,1,0,0,0,1,0,1],[0,0,1,0],[1,0,1,1]]",2,0.07195128098324621
level2_receiver_side_info,362,"[[0,1,0,0,0,1,0,1],[0,0,1,0],[1,0,1,1]]",4,0.11242296217865766
level2_receiver_side_info,362,"[[0,1,0,0,0,1,0,1],[0,0,1,0],[1,0,1,1]]",8,0.15854956604460907
level2_receiver_side_info,362,"[[0,1,0,0,0,1,0,1],[0,0,1,0],[1,0,1,1]]",16,0.19702626025256348
level2_receiver_side_info,362,"[[0,1,0,0,0,1,0,1],[0,0,1,0],[1,0,1,1]]",32,0.2196961455373196
level2_receiver_side_info,363,"[[0,1,0,0,0,1,0,1],[0,0,0,1],[1,0,1,1]]",0,0.007042719241674045
level2_receiver_side_info,363,"[[0,1,0,0,0,1,0,1],[0,0,0,1],[1,0,1,1]]",1,0.043652143186217685
level2_receiver_side_info,363,"[[0,1,0,0,0,1,0,1],[0,0,0,1],[1,0,1,1]]",2,0.07195128098324621
level2_receiver_side_info,363,"[[0,1,0,0,0,1,0,1],[0,0,0,1],[1,0,1,1]]",4,0.11242296217865766
level2_receiver_side_info,363,"[[0,1,0,0,0,1,0,1],[0,0,0,1],[1,0,1,1]]",8,0.15854956604460907
level2_receiver_side_info,363,"[[0,1,0,0,0,1,0,1],[0,0,0,1],[1,0,1,1]]",16,0.19702626025256342
level2_receiver_side_info,363,"[[0,1,0,0,0,1,0,1],[0,0,0,1],[1,0,1,1]]",32,0.2196961455373196
level2_receiver_side_info,364,"[[0,1,0,1,0,0,0,0],[0,1,0,1],[0,0,0,1]]",0,0.0
level2_receiver_side_info,364,"[[0,1,0,1,0,0,0,0],[0,1,0,1],[0,0,0,1]]",1,0.01621124580150446
level2_receiver_side_info,364,"[[0,1,0,1,0,0,0,0],[0,1,0,1],[0,0,0,1]]",2,0.028533198169706342
level2_receiver_side_info,364,"[[0,1,0,1,0,0,0,0],[0,1,0,1],[0,0,0,1]]",4,0.0456971587074495
level2_receiver_side_info,364,"[[0,1,0,1,0,0,0,0],[0,1,0,1],[0,0,0,1]]",8,0.0647237743260059
level2_receiver_side_info,364,"[[0,1,0,1,0,0,0,0],[0,1,0,1],[0,0,0,1]]",16,0.08128352549864837
level2_receiver_side_info,364,"[[0,1,0,1,0,0,0,0],[0,1,0,1],[0,0,0,1]]",32,0.09305028484361938
level2_receiver_side_info,365,"[[0,1,0,1,0,0,0,0],[0,1,0,1],[0,0,1,0]]",0,0.0
level2_receiver_side_info,365,"[[0,1,0,1,0,0,0,0],[0,1,0,1],[0,0,1,0]]",1,0.01621124580150446
level2_receiver_side_info,365,"[[0,1,0,1,0,0,0,0],[0,1,0,1],[0,0,1,0]]",2,0.028533198169706286
level2_receiver_side_info,365,"[[0,1,0,1,0,0,0,0],[0,1,0,1],[0,0,1,0]]",4,0.04569715870744956
level2_receiver_side_info,365,"[[0,1,0,1,0,0,0,0],[0,1,0,1],[0,0,1,0]]",8,0.0647237743260059
level2_receiver_side_info,365,"[[0,1,0,1,0,0,0,0],[0,1,0,1],[0,0,1,0]]",16,0.08128352549864842
level2_receiver_side_info,365,"[[0,1,0,1,0,0,0,0],[0,1,0,1],[0,0,1,0]]",32,0.09305028484361938
level2_receiver_side_info,366,"[[0,1,0,1,0,0,0,0],[0,1,0,1],[0,0,1,1]]",0,0.0
level2_receiver_side_info,366,"[[0,1,0,1,0,0,0,0],[0,1,0,1],[0,0,1,1]]",1,0.05860388034055081
level2_receiver_side_info,366,"[[0,1,0,1,0,0,0,0],[0,1,0,1],[0,0,1,1]]",2,0.10360963497554826
level2_receiver_side_info,366,"[[0,1,0,1,0,0,0,0],[0,1,0,1],[0,0,1,1]]",4,0.16586347534839643
level2_receiver_side_info,366,"[[0,1,0,1,0,0,0,0],[0,1,0,1],[0,0,1,1]]",8,0.23177388954021425
level2_receiver_side_info,366,"[[0,1,0,1,0,0,0,0],[0,1,0,1],[0,0,1,1]]",16,0.2829520729874759
level2_receiver_side_info,366,"[[0,1,0,1,0,0,0,0],[0,1,0,1],[0,0,1,1]]",32,0.3139496737296405
level2_receiver_side_info,367,"[[0,1,0,1,0,0,0,0],[0,1,0,1],[0,1,0,0]]",0,0.0
level2_receiver_side_info,367,"[[0,1,0,1,0,0,0,0],[0,1,0,1],[0,1,0,0]]",1,0.01621124580150446
level2_receiver_side_info,367,"[[0,1,0,1,0,0,0,0],[0,1,0,1],[0,1,0,0]]",2,0.028533198169706286
level2_receiver_side_info,367,"[[0,1,0,1,0,0,0,0],[0,1,0,1],[0,1,0,0]]",4,0.0456971587074495
level2_receiver_side_info,367,"[[0,1,0,1,0,0,0,0],[0,1,0,1],[0,1,0,0]]",8,0.0647237743260059
level2_receiver_side_info,367,"[[0,1,0,1,0,0,0,0],[0,1,0,1],[0,1,0,0]]",16,0.08128352549864842
level2_receiver_side_info,367,"[[0,1,0,1,0,0,0,0],[0,1,0,1],[0,1,0,0]]",32,0.09305028484361932
level2_receiver_side_info,368,"[[0,1,0,1,0,0,0,0],[0,1,0,1],[0,1,1,1]]",0,0.0
level2_receiver_side_info,368,"[[0,1,0,1,0,0,0,0],[0,1,0,1],[0,1,1,1]]",1,0.01621124580150446
level2_receiver_side_info,368,"[[0,1,0,1,0,0,0,0],[0,1,0,1],[0,1,1,1]]",2,0.028533198169706286
level2_receiver_side_info,368,"[[0,1,0,1,0,0,0,0],[0,1,0,1],[0,1,1,1]]",4,0.045697158707449614
level2_receiver_side_info,368,"[[0,1,0,1,0,0,0,0],[0,1,0,1],[0,1,1,1]]",8,0.0647237743260059
level2_receiver_side_info,368,"[[0,1,0,1,0,0,0,0],[0,1,0,1],[0,1,1,1]]",16,0.08128352549864842
level2_receiver_side_info,368,"[[0,1,0,1,0,0,0,0],[0,1,0,1],[0,1,1,1]]",32,0.09305028484361938
level2_receiver_side_info,369,"[[0,1,0,1,0,0,0,0],[0,1,1,0],[0,0,0,1]]",0,0.0
level2_receiver_side_info,369,"[[0,1,0,1,0,0,0,0],[0,1,1,0],[0,0,0,1]]",1,0.01621124580150446
level2_receiver_side_info,369,"[[0,1,0,1,0,0,0,0],[0,1,1,0],[0,0,0,1]]",2,0.028533198169706342
level2_receiver_side_info,369,"[[0,1,0,1,0,0,0,0],[0,1,1,0],[0,0,0,1]]",4,0.0456971587074495
level2_receiver_side_info,369,"[[0,1,0,1,0,0,0,0],[0,1,1,0],[0,0,0,1]]",8,0.0647237743260059
level2_receiver_side_info,369,"[[0,1,0,1,0,0,0,0],[0,1,1,0],[0,0,0,1]]",16,0.08128352549864837
level2_receiver_side_info,369,"[[0,1,0,1,0,0,0,0],[0,1,1,0],[0,0,0,1]]",32,0.09305028484361938
level2_receiver_side_info,370,"[[0,1,0,1,0,0,0,0],[0,1,1,0],[0,0,1,0]]",0,0.0
level2_receiver_side_info,370,"[[0,1,0,1,0,0,0,0],[0,1,1,0],[0,0,1,0]]",1,0.01621124580150446
level2_receiver_side_info,370,"[[0,1,0,1,0,0,0,0],[0,1,1,0],[0,0,1,0]]",2,0.028533198169706286
level2_receiver_side_info,370,"[[0,1,0,1,0,0,0,0],[0,1,1,0],[0,0,1,0]]",4,0.04569715870744956
level2_receiver_side_info,370,"[[0,1,0,1,0,0,0,0],[0,1,1,0],[0,0,1,0]]",8,0.0647237743260059
level2_receiver_side_info,370,"[[0,1,0,1,0,0,0,0],[0,1,1,0],[0,0,1,0]]",16,0.08128352549864842
level2_receiver_side_info,370,"[[0,1,0,1,0,0,0,0],[0,1,1,0],[0,0,1,0]]",32,0.09305028484361938
level2_receiver_side_info,371,"[[0,1,0,1,0,0,0,0],[0,1,1,0],[0,0,1,1]]",0,0.0
level2_receiver_side_info,371,"[[0,1,0,1,0,0,0,0],[0,1,1,0],[0,0,1,1]]",1,0.05860388034055081
level2_receiver_side_info,371,"[[0,1,0,1,0,0,0,0],[0,1,1,0],[0,0,1,1]]",2,0.10360963497554826
level2_receiver_side_info,371,"[[0,1,0,1,0,0,0,0],[0,1,1,0],[0,0,1,1]]",4,0.16586347534839643
level2_receiver_side_info,371,"[[0,1,0,1,0,0,0,0],[0,1,1,0],[0,0,1,1]]",8,0.23177388954021425
level2_receiver_side_info,371,"[[0,1,0,1,0,0,0,0],[0,1,1,0],[0,0,1,1]]",16,0.2829520729874759
level2_receiver_side_info,371,"[[0,1,0,1,0,0,0,0],[0,1,1,0],[0,0,1,1]]",32,0.3139496737296405
level2_receiver_side_info,372,"[[0,1,0,1,0,0,0,0],[0,1,1,0],[0,1,0,0]]",0,0.0
level2_receiver_side_info,372,"[[0,1,0,1,0,0,0,0],[0,1,1,0],[0,1,0,0]]",1,0.01621124580150446
level2_receiver_side_info,372,"[[0,1,0,1,0,0,0,0],[0,1,1,0],[0,1,0,0]]",2,0.028533198169706286
level2_receiver_side_info,372,"[[0,1,0,1,0,0,0,0],[0,1,1,0],[0,1,0,0]]",4,0.0456971587074495
level2_receiver_side_info,372,"[[0,1,0,1,0,0,0,0],[0,1,1,0],[0,1,0,0]]",8,0.0647237743260059
level2_receiver_side_info,372,"[[0,1,0,1,0,0,0,0],[0,1,1,0],[0,1,0,0]]",16,0.08128352549864842
level2_receiver_side_info,372,"[[0,1,0,1,0,0,0,0],[0,1,1,0],[0,1,0,0]]",32,0.09305028484361932
level2_receiver_side_info,373,"[[0,1,0,1,0,0,0,0],[0,1,1,0],[0,1,1,1]]",0,0.0
level2_receiver_side_info,373,"[[0,1,0,1,0,0,0,0],[0,1,1,0],[0,1,1,1]]",1,0.01621124580150446
level2_receiver_side_info,373,"[[0,1,0,1,0,0,0,0],[0,1,1,0],[0,1,1,1]]",2,0.028533198169706286
level2_receiver_side_info,373,"[[0,1,0,1,0,0,0,0],[0,1,1,0],[0,1,1,1]]",4,0.045697158707449614
level2_receiver_side_info,373,"[[0,1,0,1,0,0,0,0],[0,1,1,0],[0,1,1,1]]",8,0.0647237743260059
level2_receiver_side_info,373,"[[0,1,0,1,0,0,0,0],[0,1,1,0],[0,1,1,1]]",16,0.08128352549864842
level2_receiver_side_info,373,"[[0,1,0,1,0,0,0,0],[0,1,1,0],[0,1,1,1]]",32,0.09305028484361938
level2_receiver_side_info,374,"[[0,1,0,1,0,0,0,0],[0,1,1,0],[1,1,1,0]]",0,0.0
level2_receiver_side_info,374,"[[0,1,0,1,0,0,0,0],[0,1,1,0],[1,1,1,0]]",1,0.01621124580150446
level2_receiver_side_info,374,"[[0,1,0,1,0,0,0,0],[0,1,1,0],[1,1,1,0]]",2,0.028533198169706342
level2_receiver_side_info,374,"[[0,1,0,1,0,0,0,0],[0,1,1,0],[1,1,1,0]]",4,0.0456971587074495
level2_receiver_side_info,374,"[[0,1,0,1,0,0,0,0],[0,1,1,0],[1,1,1,0]]",8,0.0647237743260059
level2_receiver_side_info,374,"[[0,1,0,1,0,0,0,0],[0,1,1,0],[1,1,1,0]]",16,0.08128352549864837
level2_receiver_side_info,374,"[[0,1,0,1,0,0,0,0],[0,1,1,0],[1,1,1,0]]",32,0.09305028484361938
level2_receiver_side_info,375,"[[0,1,0,1,0,0,0,0],[0,1,1,0],[1,1,0,1]]",0,0.0
level2_receiver_side_info,375,"[[0,1,0,1,0,0,0,0],[0,1,1,0],[1,1,0,1]]",1,0.01621124580150446
level2_receiver_side_info,375,"[[0,1,0,1,0,0,0,0],[0,1,1,0],[1,1,0,1]]",2,0.028533198169706286
level2_receiver_side_info,375,"[[0,1,0,1,0,0,0,0],[0,1,1,0],[1,1,0,1]]",4,0.04569715870744956
level2_receiver_side_info,375,"[[0,1,0,1,0,0,0,0],[0,1,1,0],[1,1,0,1]]",8,0.0647237743260059
level2_receiver_side_info,375,"[[0,1,0,1,0,0,0,0],[0,1,1,0],[1,1,0,1]]",16,0.08128352549864842
level2_receiver_side_info,375,"[[0,1,0,1,0,0,0,0],[0,1,1,0],[1,1,0,1]]",32,0.09305028484361938
level2_receiver_side_info,376,"[[0,1,0,1,0,0,0,0],[0,1,1,0],[1,1,0,0]]",0,0.0
level2_receiver_side_info,376,"[[0,1,0,1,0,0,0,0],[0,1,1,0],[1,1,0,0]]",1,0.05860388034055081
level2_receiver_side_info,376,"[[0,1,0,1,0,0,0,0],[0,1,1,0],[1,1,0,0]]",2,0.10360963497554826
level2_receiver_side_info,376,"[[0,1,0,1,0,0,0,0],[0,1,1,0],[1,1,0,0]]",4,0.16586347534839643
level2_receiver_side_info,376,"[[0,1,0,1,0,0,0,0],[0,1,1,0],[1,1,0,0]]",8,0.23177388954021425
level2_receiver_side_info,376,"[[0,1,0,1,0,0,0,0],[0,1,1,0],[1,1,0,0]]",16,0.2829520729874759
level2_receiver_side_info,376,"[[0,1,0,1,0,0,0,0],[0,1,1,0],[1,1,0,0]]",32,0.3139496737296405
level2_receiver_side_info,377,"[[0,1,0,1,0,0,0,0],[0,1,1,0],[1,0,1,1]]",0,0.0
level2_receiver_side_info,377,"[[0,1,0,1,0,0,0,0],[0,1,1,0],[1,0,1,1]]",1,0.01621124580150446
level2_receiver_side_info,377,"[[0,1,0,1,0,0,0,0],[0,1,1,0],[1,0,1,1]]",2,0.028533198169706286
level2_receiver_side_info,377,"[[0,1,0,1,0,0,0,0],[0,1,1,0],[1,0,1,1]]",4,0.0456971587074495
level2_receiver_side_info,377,"[[0,1,0,1,0,0,0,0],[0,1,1,0],[1,0,1,1]]",8,0.0647237743260059
level2_receiver_side_info,377,"[[0,1,0,1,0,0,0,0],[0,1,1,0],[1,0,1,1]]",16,0.08128352549864842
level2_receiver_side_info,377,"[[0,1,0,1,0,0,0,0],[0,1,1,0],[1,0,1,1]]",32,0.09305028484361932
level2_receiver_side_info,378,"[[0,1,0,1,0,0,0,0],[0,1,1,0],[1,0,0,0]]",0,0.0
level2_receiver_side_info,378,"[[0,1,0,1,0,0,0,0],[0,1,1,0],[1,0,0,0]]",1,0.01621124580150446
level2_receiver_side_info,378,"[[0,1,0,1,0,0,0,0],[0,1,1,0],[1,0,0,0]]",2,0.028533198169706286
level2_receiver_side_info,378,"[[0,1,0,1,0,0,0,0],[0,1,1,0],[1,0,0,0]]",4,0.045697158707449614
level2_receiver_side_info,378,"[[0,1,0,1,0,0,0,0],[0,1,1,0],[1,0,0,0]]",8,0.0647237743260059
level2_receiver_side_info,378,"[[0,1,0,1,0,0,0,0],[0,1,1,0],[1,0,0,0]]",16,0.08128352549864842
level2_receiver_side_info,378,"[[0,1,0,1,0,0,0,0],[0,1,1,0],[1,0,0,0]]",32,0.09305028484361938
level2_receiver_side_info,379,"[[0,1,0,1,0,0,0,0],[0,1,0,1],[1,1,1,0]]",0,0.0
level2_receiver_side_info,379,"[[0,1,0,1,0,0,0,0],[0,1,0,1],[1,1,1,0]]",1,0.01621124580150446
level2_receiver_side_info,379,"[[0,1,0,1,0,0,0,0],[0,1,0,1],[1,1,1,0]]",2,0.028533198169706342
level2_receiver_side_info,379,"[[0,1,0,1,0,0,0,0],[0,1,0,1],[1,1,1,0]]",4,0.0456971587074495
level2_receiver_side_info,379,"[[0,1,0,1,0,0,0,0],[0,1,0,1],[1,1,1,0]]",8,0.0647237743260059
level2_receiver_side_info,379,"[[0,1,0,1,0,0,0,0],[0,1,0,1],[1,1,1,0]]",16,0.08128352549864837
level2_receiver_side_info,379,"[[0,1,0,1,0,0,0,0],[0,1,0,1],[1,1,1,0]]",32,0.09305028484361938
level2_receiver_side_info,380,"[[0,1,0,1,0,0,0,0],[0,1,0,1],[1,1,0,1]]",0,0.0
level2_receiver_side_info,380,"[[0,1,0,1,0,0,0,0],[0,1,0,1],[1,1,0,1]]",1,0.01621124580150446
level2_receiver_side_info,380,"[[0,1,0,1,0,0,0,0],[0,1,0,1],[1,1,0,1]]",2,0.028533198169706286
level2_receiver_side_info,380,"[[0,1,0,1,0,0,0,0],[0,1,0,1],[1,1,0,1]]",4,0.04569715870744956
level2_receiver_side_info,380,"[[0,1,0,1,0,0,0,0],[0,1,0,1],[1,1,0,1]]",8,0.0647237743260059
level2_receiver_side_info,380,"[[0,1,0,1,0,0,0,0],[0,1,0,1],[1,1,0,1]]",16,0.08128352549864842
level2_receiver_side_info,380,"[[0,1,0,1,0,0,0,0],[0,1,0,1],[1,1,0,1]]",32,0.09305028484361938
level2_receiver_side_info,381,"[[0,1,0,1,0,0,0,0],[0,1,0,1],[1,1,0,0]]",0,0.0
level2_receiver_side_info,381,"[[0,1,0,1,0,0,0,0],[0,1,0,1],[1,1,0,0]]",1,0.05860388034055081
level2_receiver_side_info,381,"[[0,1,0,1,0,0,0,0],[0,1,0,1],[1,1,0,0]]",2,0.10360963497554826
level2_receiver_side_info,381,"[[0,1,0,1,0,0,0,0],[0,1,0,1],[1,1,0,0]]",4,0.16586347534839643
level2_receiver_side_info,381,"[[0,1,0,1,0,0,0,0],[0,1,0,1],[1,1,0,0]]",8,0.23177388954021425
level2_receiver_side_info,381,"[[0,1,0,1,0,0,0,0],[0,1,0,1],[1,1,0,0]]",16,0.2829520729874759
level2_receiver_side_info,381,"[[0,1,0,1,0,0,0,0],[0,1,0,1],[1,1,0,0]]",32,0.3139496737296405
level2_receiver_side_info,382,"[[0,1,0,1,0,0,0,0],[0,1,0,1],[1,0,1,1]]",0,0.0
level2_receiver_side_info,382,"[[0,1,0,1,0,0,0,0],[0,1,0,1],[1,0,1,1]]",1,0.01621124580150446
level2_receiver_side_info,382,"[[0,1,0,1,0,0,0,0],[0,1,0,1],[1,0,1,1]]",2,0.028533198169706286
level2_receiver_side_info,382,"[[0,1,0,1,0,0,0,0],[0,1,0,1],[1,0,1,1]]",4,0.0456971587074495
level2_receiver_side_info,382,"[[0,1,0,1,0,0,0,0],[0,1,0,1],[1,0,1,1]]",8,0.0647237743260059
level2_receiver_side_info,382,"[[0,1,0,1,0,0,0,0],[0,1,0,1],[1,0,1,1]]",16,0.08128352549864842
level2_receiver_side_info,382,"[[0,1,0,1,0,0,0,0],[0,1,0,1],[1,0,1,1]]",32,0.09305028484361932
level2_receiver_side_info,383,"[[0,1,0,1,0,0,0,0],[0,1,0,1],[1,0,0,0]]",0,0.0
level2_receiver_side_info,383,"[[0,1,0,1,0,0,0,0],[0,1,0,1],[1,0,0,0]]",1,0.01621124580150446
level2_receiver_side_info,383,"[[0,1,0,1,0,0,0,0],[0,1,0,1],[1,0,0,0]]",2,0.028533198169706286
level2_receiver_side_info,383,"[[0,1,0,1,0,0,0,0],[0,1,0,1],[1,0,0,0]]",4,0.045697158707449614
level2_receiver_side_info,383,"[[0,1,0,1,0,0,0,0],[0,1,0,1],[1,0,0,0]]",8,0.0647237743260059
level2_receiver_side_info,383,"[[0,1,0,1,0,0,0,0],[0,1,0,1],[1,0,0,0]]",16,0.08128352549864842
level2_receiver_side_info,383,"[[0,1,0,1,0,0,0,0],[0,1,0,1],[1,0,0,0]]",32,0.09305028484361938
level2_receiver_side_info,384,"[[0,1,0,1,0,0,0,1],[0,0,0,1],[1,1,0,1]]",0,0.007042719241674045
level2_receiver_side_info,384,"[[0,1,0,1,0,0,0,1],[0,0,0,1],[1,1,0,1]]",1,0.043652143186217685
level2_receiver_side_info,384,"[[0,1,0,1,0,0,0,1],[0,0,0,1],[1,1,0,1]]",2,0.07195128098324621
level2_receiver_side_info,384,"[[0,1,0,1,0,0,0,1],[0,0,0,1],[1,1,0,1]]",4,0.11242296217865763
level2_receiver_side_info,384,"[[0,1,0,1,0,0,0,1],[0,0,0,1],[1,1,0,1]]",8,0.1585495660446091
level2_receiver_side_info,384,"[[0,1,0,1,0,0,0,1],[0,0,0,1],[1,1,0,1]]",16,0.1970262602525634
level2_receiver_side_info,384,"[[0,1,0,1,0,0,0,1],[0,0,0,1],[1,1,0,1]]",32,0.2196961455373196
level2_receiver_side_info,385,"[[0,1,0,1,0,0,0,1],[0,1,0,0],[1,1,0,1]]",0,0.007042719241673989
level2_receiver_side_info,385,"[[0,1,0,1,0,0,0,1],[0,1,0,0],[1,1,0,1]]",1,0.043652143186217685
level2_receiver_side_info,385,"[[0,1,0,1,0,0,0,1],[0,1,0,0],[1,1,0,1]]",2,0.07195128098324621
level2_receiver_side_info,385,"[[0,1,0,1,0,0,0,1],[0,1,0,0],[1,1,0,1]]",4,0.11242296217865763
level2_receiver_side_info,385,"[[0,1,0,1,0,0,0,1],[0,1,0,0],[1,1,0,1]]",8,0.1585495660446091
level2_receiver_side_info,385,"[[0,1,0,1,0,0,0,1],[0,1,0,0],[1,1,0,1]]",16,0.19702626025256345
level2_receiver_side_info,385,"[[0,1,0,1,0,0,0,1],[0,1,0,0],[1,1,0,1]]",32,0.2196961455373196
level2_receiver_side_info,386,"[[0,1,0,1,0,0,0,1],[0,1,1,1],[0,0,1,0]]",0,0.007042719241674045
level2_receiver_side_info,386,"[[0,1,0,1,0,0,0,1],[0,1,1,1],[0,0,1,0]]",1,0.043652143186217685
level2_receiver_side_info,386,"[[0,1,0,1,0,0,0,1],[0,1,1,1],[0,0,1,0]]",2,0.07195128098324621
level2_receiver_side_info,386,"[[0,1,0,1,0,0,0,1],[0,1,1,1],[0,0,1,0]]",4,0.11242296217865763
level2_receiver_side_info,386,"[[0,1,0,1,0,0,0,1],[0,1,1,1],[0,0,1,0]]",8,0.1585495660446091
level2_receiver_side_info,386,"[[0,1,0,1,0,0,0,1],[0,1,1,1],[0,0,1,0]]",16,0.19702626025256345
level2_receiver_side_info,386,"[[0,1,0,1,0,0,0,1],[0,1,1,1],[0,0,1,0]]",32,0.2196961455373196
level2_receiver_side_info,387,"[[0,1,0,1,0,0,0,1],[0,1,1,1],[0,0,1,0]]",0,0.007042719241674045
level2_receiver_side_info,387,"[[0,1,0,1,0,0,0,1],[0,1,1,1],[0,0,1,0]]",1,0.043652143186217685
level2_receiver_side_info,387,"[[0,1,0,1,0,0,0,1],[0,1,1,1],[0,0,1,0]]",2,0.07195128098324621
level2_receiver_side_info,387,"[[0,1,0,1,0,0,0,1],[0,1,1,1],[0,0,1,0]]",4,0.11242296217865763
level2_receiver_side_info,387,"[[0,1,0,1,0,0,0,1],[0,1,1,1],[0,0,1,0]]",8,0.1585495660446091
level2_receiver_side_info,387,"[[0,1,0,1,0,0,0,1],[0,1,1,1],[0,0,1,0]]",16,0.19702626025256345
level2_receiver_side_info,387,"[[0,1,0,1,0,0,0,1],[0,1,1,1],[0,0,1,0]]",32,0.2196961455373196
level2_receiver_side_info,388,"[[0,1,0,1,0,0,0,1],[0,1,0,0],[1,1,0,1]]",0,0.007042719241673989
level2_receiver_side_info,388,"[[0,1,0,1,0,0,0,1],[0,1,0,0],[1,1,0,1]]",1,0.043652143186217685
level2_receiver_side_info,388,"[[0,1,0,1,0,0,0,1],[0,1,0,0],[1,1,0,1]]",2,0.07195128098324621
level2_receiver_side_info,388,"[[0,1,0,1,0,0,0,1],[0,1,0,0],[1,1,0,1]]",4,0.11242296217865763
level2_receiver_side_info,388,"[[0,1,0,1,0,0,0,1],[0,1,0,0],[1,1,0,1]]",8,0.1585495660446091
level2_receiver_side_info,388,"[[0,1,0,1,0,0,0,1],[0,1,0,0],[1,1,0,1]]",16,0.19702626025256345
level2_receiver_side_info,388,"[[0,1,0,1,0,0,0,1],[0,1,0,0],[1,1,0,1]]",32,0.2196961455373196
level2_receiver_side_info,389,"[[0,1,0,1,0,0,0,1],[0,0,0,1],[1,1,0,1]]",0,0.007042719241674045
level2_receiver_side_info,389,"[[0,1,0,1,0,0,0,1],[0,0,0,1],[1,1,0,1]]",1,0.043652143186217685
level2_receiver_side_info,389,"[[0,1,0,1,0,0,0,1],[0,0,0,1],[1,1,0,1]]",2,0.07195128098324621
level2_receiver_side_info,389,"[[0,1,0,1,0,0,0,1],[0,0,0,1],[1,1,0,1]]",4,0.11242296217865763
level2_receiver_side_info,389,"[[0,1,0,1,0,0,0,1],[0,0,0,1],[1,1,0,1]]",8,0.1585495660446091
level2_receiver_side_info,389,"[[0,1,0,1,0,0,0,1],[0,0,0,1],[1,1,0,1]]",16,0.1970262602525634
level2_receiver_side_info,389,"[[0,1,0,1,0,0,0,1],[0,0,0,1],[1,1,0,1]]",32,0.2196961455373196
level2_receiver_side_info,390,"[[0,1,0,1,0,1,0,0],[0,0,1,0],[1,1,1,0]]",0,0.007042719241674045
level2_receiver_side_info,390,"[[0,1,0,1,0,1,0,0],[0,0,1,0],[1,1,1,0]]",1,0.04365214318621763
level2_receiver_side_info,390,"[[0,1,0,1,0,1,0,0],[0,0,1,0],[1,1,1,0]]",2,0.07195128098324627
level2_receiver_side_info,390,"[[0,1,0,1,0,1,0,0],[0,0,1,0],[1,1,1,0]]",4,0.11242296217865766
level2_receiver_side_info,390,"[[0,1,0,1,0,1,0,0],[0,0,1,0],[1,1,1,0]]",8,0.1585495660446091
level2_receiver_side_info,390,"[[0,1,0,1,0,1,0,0],[0,0,1,0],[1,1,1,0]]",16,0.1970262602525635
level2_receiver_side_info,390,"[[0,1,0,1,0,1,0,0],[0,0,1,0],[1,1,1,0]]",32,0.2196961455373196
level2_receiver_side_info,391,"[[0,1,0,1,0,1,0,0],[0,1,0,0],[1,1,1,0]]",0,0.007042719241674045
level2_receiver_side_info,391,"[[0,1,0,1,0,1,0,0],[0,1,0,0],[1,1,1,0]]",1,0.04365214318621763
level2_receiver_side_info,391,"[[0,1,0,1,0,1,0,0],[0,1,0,0],[1,1,1,0]]",2,0.07195128098324627
level2_receiver_side_info,391,"[[0,1,0,1,0,1,0,0],[0,1,0,0],[1,1,1,0]]",4,0.11242296217865771
level2_receiver_side_info,391,"[[0,1,0,1,0,1,0,0],[0,1,0,0],[1,1,1,0]]",8,0.1585495660446091
level2_receiver_side_info,391,"[[0,1,0,1,0,1,0,0],[0,1,0,0],[1,1,1,0]]",16,0.1970262602525635
level2_receiver_side_info,391,"[[0,1,0,1,0,1,0,0],[0,1,0,0],[1,1,1,0]]",32,0.2196961455373196
level2_receiver_side_info,392,"[[0,1,0,1,0,1,0,0],[0,1,1,1],[0,0,0,1]]",0,0.0070427192416741
level2_receiver_side_info,392,"[[0,1,0,1,0,1,0,0],[0,1,1,1],[0,0,0,1]]",1,0.04365214318621763
level2_receiver_side_info,392,"[[0,1,0,1,0,1,0,0],[0,1,1,1],[0,0,0,1]]",2,0.07195128098324627
level2_receiver_side_info,392,"[[0,1,0,1,0,1,0,0],[0,1,1,1],[0,0,0,1]]",4,0.11242296217865771
level2_receiver_side_info,392,"[[0,1,0,1,0,1,0,0],[0,1,1,1],[0,0,0,1]]",8,0.1585495660446091
level2_receiver_side_info,392,"[[0,1,0,1,0,1,0,0],[0,1,1,1],[0,0,0,1]]",16,0.1970262602525635
level2_receiver_side_info,392,"[[0,1,0,1,0,1,0,0],[0,1,1,1],[0,0,0,1]]",32,0.2196961455373196
level2_receiver_side_info,393,"[[0,1,0,1,0,1,0,0],[0,1,1,1],[0,0,0,1]]",0,0.0070427192416741
level2_receiver_side_info,393,"[[0,1,0,1,0,1,0,0],[0,1,1,1],[0,0,0,1]]",1,0.04365214318621763
level2_receiver_side_info,393,"[[0,1,0,1,0,1,0,0],[0,1,1,1],[0,0,0,1]]",2,0.07195128098324627
level2_receiver_side_info,393,"[[0,1,0,1,0,1,0,0],[0,1,1,1],[0,0,0,1]]",4,0.11242296217865771
level2_receiver_side_info,393,"[[0,1,0,1,0,1,0,0],[0,1,1,1],[0,0,0,1]]",8,0.1585495660446091
level2_receiver_side_info,393,"[[0,1,0,1,0,1,0,0],[0,1,1,1],[0,0,0,1]]",16,0.1970262602525635
level2_receiver_side_info,393,"[[0,1,0,1,0,1,0,0],[0,1,1,1],[0,0,0,1]]",32,0.2196961455373196
level2_receiver_side_info,394,"[[0,1,0,1,0,1,0,0],[0,1,0,0],[1,1,1,0]]",0,0.007042719241674045
level2_receiver_side_info,394,"[[0,1,0,1,0,1,0,0],[0,1,0,0],[1,1,1,0]]",1,0.04365214318621763
level2_receiver_side_info,394,"[[0,1,0,1,0,1,0,0],[0,1,0,0],[1,1,1,0]]",2,0.07195128098324627
level2_receiver_side_info,394,"[[0,1,0,1,0,1,0,0],[0,1,0,0],[1,1,1,0]]",4,0.11242296217865771
level2_receiver_side_info,394,"[[0,1,0,1,0,1,0,0],[0,1,0,0],[1,1,1,0]]",8,0.1585495660446091
level2_receiver_side_info,394,"[[0,1,0,1,0,1,0,0],[0,1,0,0],[1,1,1,0]]",16,0.1970262602525635
level2_receiver_side_info,394,"[[0,1,0,1,0,1,0,0],[0,1,0,0],[1,1,1,0]]",32,0.2196961455373196
level2_receiver_side_info,395,"[[0,1,0,1,0,1,0,0],[0,0,1,0],[1,1,1,0]]",0,0.007042719241674045
level2_receiver_side_info,395,"[[0,1,0,1,0,1,0,0],[0,0,1,0],[1,1,1,0]]",1,0.04365214318621763
level2_receiver_side_info,395,"[[0,1,0,1,0,1,0,0],[0,0,1,0],[1,1,1,0]]",2,0.07195128098324627
level2_receiver_side_info,395,"[[0,1,0,1,0,1,0,0],[0,0,1,0],[1,1,1,0]]",4,0.11242296217865766
level2_receiver_side_info,395,"[[0,1,0,1,0,1,0,0],[0,0,1,0],[1,1,1,0]]",8,0.1585495660446091
level2_receiver_side_info,395,"[[0,1,0,1,0,1,0,0],[0,0,1,0],[1,1,1,0]]",16,0.1970262602525635
level2_receiver_side_info,395,"[[0,1,0,1,0,1,0,0],[0,0,1,0],[1,1,1,0]]",32,0.2196961455373196
level2_receiver_side_info,396,"[[0,1,0,1,0,1,1,0],[0,0,1,0],[1,1,1,0]]",0,0.09116077839697728
level2_receiver_side_info,396,"[[0,1,0,1,0,1,1,0],[0,0,1,0],[1,1,1,0]]",1,0.14290658343056545
level2_receiver_side_info,396,"[[0,1,0,1,0,1,1,0],[0,0,1,0],[1,1,1,0]]",2,0.18449810329733946
level2_receiver_side_info,396,"[[0,1,0,1,0,1,1,0],[0,0,1,0],[1,1,1,0]]",4,0.246861694803569
level2_receiver_side_info,396,"[[0,1,0,1,0,1,1,0],[0,0,1,0],[1,1,1,0]]",8,0.32298029056872946
level2_receiver_side_info,396,"[[0,1,0,1,0,1,1,0],[0,0,1,0],[1,1,1,0]]",16,0.39196225193885575
level2_receiver_side_info,396,"[[0,1,0,1,0,1,1,0],[0,0,1,0],[1,1,1,0]]",32,0.43644344248314637
level2_receiver_side_info,397,"[[0,1,0,1,0,1,1,0],[0,1,0,0],[1,1,1,0]]",0,0.09116077839697728
level2_receiver_side_info,397,"[[0,1,0,1,0,1,1,0],[0,1,0,0],[1,1,1,0]]",1,0.14290658343056545
level2_receiver_side_info,397,"[[0,1,0,1,0,1,1,0],[0,1,0,0],[1,1,1,0]]",2,0.18449810329733946
level2_receiver_side_info,397,"[[0,1,0,1,0,1,1,0],[0,1,0,0],[1,1,1,0]]",4,0.246861694803569
level2_receiver_side_info,397,"[[0,1,0,1,0,1,1,0],[0,1,0,0],[1,1,1,0]]",8,0.32298029056872946
level2_receiver_side_info,397,"[[0,1,0,1,0,1,1,0],[0,1,0,0],[1,1,1,0]]",16,0.39196225193885575
level2_receiver_side_info,397,"[[0,1,0,1,0,1,1,0],[0,1,0,0],[1,1,1,0]]",32,0.43644344248314637
level2_receiver_side_info,398,"[[0,1,0,1,0,1,1,0],[0,1,1,1],[0,0,0,1]]",0,0.09116077839697728
level2_receiver_side_info,398,"[[0,1,0,1,0,1,1,0],[0,1,1,1],[0,0,0,1]]",1,0.14290658343056534
level2_receiver_side_info,398,"[[0,1,0,1,0,1,1,0],[0,1,1,1],[0,0,0,1]]",2,0.18449810329733946
level2_receiver_side_info,398,"[[0,1,0,1,0,1,1,0],[0,1,1,1],[0,0,0,1]]",4,0.246861694803569
level2_receiver_side_info,398,"[[0,1,0,1,0,1,1,0],[0,1,1,1],[0,0,0,1]]",8,0.32298029056872946
level2_receiver_side_info,398,"[[0,1,0,1,0,1,1,0],[0,1,1,1],[0,0,0,1]]",16,0.39196225193885564
level2_receiver_side_info,398,"[[0,1,0,1,0,1,1,0],[0,1,1,1],[0,0,0,1]]",32,0.43644344248314637
level2_receiver_side_info,399,"[[0,1,0,1,0,1,1,0],[0,1,1,1],[0,0,0,1]]",0,0.09116077839697728
level2_receiver_side_info,399,"[[0,1,0,1,0,1,1,0],[0,1,1,1],[0,0,0,1]]",1,0.14290658343056534
level2_receiver_side_info,399,"[[0,1,0,1,0,1,1,0],[0,1,1,1],[0,0,0,1]]",2,0.18449810329733946
level2_receiver_side_info,399,"[[0,1,0,1,0,1,1,0],[0,1,1,1],[0,0,0,1]]",4,0.246861694803569
level2_receiver_side_info,399,"[[0,1,0,1,0,1,1,0],[0,1,1,1],[0,0,0,1]]",8,0.32298029056872946
level2_receiver_side_info,399,"[[0,1,0,1,0,1,1,0],[0,1,1,1],[0,0,0,1]]",16,0.39196225193885564
level2_receiver_side_info,399,"[[0,1,0,1,0,1,1,0],[0,1,1,1],[0,0,0,1]]",32,0.43644344248314637
level2_receiver_side_info,400,"[[0,1,0,1,0,1,1,0],[0,1,0,0],[1,1,1,0]]",0,0.09116077839697728
level2_receiver_side_info,400,"[[0,1,0,1,0,1,1,0],[0,1,0,0],[1,1,1,0]]",1,0.14290658343056545
level2_receiver_side_info,400,"[[0,1,0,1,0,1,1,0],[0,1,0,0],[1,1,1,0]]",2,0.18449810329733946
level2_receiver_side_info,400,"[[0,1,0,1,0,1,1,0],[0,1,0,0],[1,1,1,0]]",4,0.246861694803569
level2_receiver_side_info,400,"[[0,1,0,1,0,1,1,0],[0,1,0,0],[1,1,1,0]]",8,0.32298029056872946
level2_receiver_side_info,400,"[[0,1,0,1,0,1,1,0],[0,1,0,0],[1,1,1,0]]",16,0.39196225193885575
level2_receiver_side_info,400,"[[0,1,0,1,0,1,1,0],[0,1,0,0],[1,1,1,0]]",32,0.43644344248314637
level2_receiver_side_info,401,"[[0,1,0,1,0,1,1,0],[0,0,1,0],[1,1,1,0]]",0,0.09116077839697728
level2_receiver_side_info,401,"[[0,1,0,1,0,1,1,0],[0,0,1,0],[1,1,1,0]]",1,0.14290658343056545
level2_receiver_side_info,401,"[[0,1,0,1,0,1,1,0],[0,0,1,0],[1,1,1,0]]",2,0.18449810329733946
level2_receiver_side_info,401,"[[0,1,0,1,0,1,1,0],[0,0,1,0],[1,1,1,0]]",4,0.246861694803569
level2_receiver_side_info,401,"[[0,1,0,1,0,1,1,0],[0,0,1,0],[1,1,1,0]]",8,0.32298029056872946
level2_receiver_side_info,401,"[[0,1,0,1,0,1,1,0],[0,0,1,0],[1,1,1,0]]",16,0.39196225193885575
level2_receiver_side_info,401,"[[0,1,0,1,0,1,1,0],[0,0,1,0],[1,1,1,0]]",32,0.43644344248314637
level2_receiver_side_info,402,"[[0,1,0,1,0,1,1,1],[0,0,1,0],[1,1,1,0]]",0,0.007042719241674045
level2_receiver_side_info,402,"[[0,1,0,1,0,1,1,1],[0,0,1,0],[1,1,1,0]]",1,0.04365214318621763
level2_receiver_side_info,402,"[[0,1,0,1,0,1,1,1],[0,0,1,0],[1,1,1,0]]",2,0.07195128098324627
level2_receiver_side_info,402,"[[0,1,0,1,0,1,1,1],[0,0,1,0],[1,1,1,0]]",4,0.11242296217865763
level2_receiver_side_info,402,"[[0,1,0,1,0,1,1,1],[0,0,1,0],[1,1,1,0]]",8,0.1585495660446091
level2_receiver_side_info,402,"[[0,1,0,1,0,1,1,1],[0,0,1,0],[1,1,1,0]]",16,0.19702626025256345
level2_receiver_side_info,402,"[[0,1,0,1,0,1,1,1],[0,0,1,0],[1,1,1,0]]",32,0.2196961455373196
level2_receiver_side_info,403,"[[0,1,0,1,0,1,1,1],[0,0,1,1],[0,0,0,1]]",0,0.06385320297074878
level2_receiver_side_info,403,"[[0,1,0,1,0,1,1,1],[0,0,1,1],[0,0,0,1]]",1,0.07704682264253407
level2_receiver_side_info,403,"[[0,1,0,1,0,1,1,1],[0,0,1,1],[0,0,0,1]]",2,0.08780218399432074
level2_receiver_side_info,403,"[[0,1,0,1,0,1,1,1],[0,0,1,1],[0,0,0,1]]",4,0.10415228924648534
level2_receiver_side_info,403,"[[0,1,0,1,0,1,1,1],[0,0,1,1],[0,0,0,1]]",8,0.12453241233105772
level2_receiver_side_info,403,"[[0,1,0,1,0,1,1,1],[0,0,1,1],[0,0,0,1]]",16,0.14385004263287587
level2_receiver_side_info,403,"[[0,1,0,1,0,1,1,1],[0,0,1,1],[0,0,0,1]]",32,0.15747949742783532
level2_receiver_side_info,404,"[[0,1,0,1,0,1,1,1],[0,1,0,0],[1,1,1,0]]",0,0.007042719241674045
level2_receiver_side_info,404,"[[0,1,0,1,0,1,1,1],[0,1,0,0],[1,1,1,0]]",1,0.043652143186217574
level2_receiver_side_info,404,"[[0,1,0,1,0,1,1,1],[0,1,0,0],[1,1,1,0]]",2,0.07195128098324627
level2_receiver_side_info,404,"[[0,1,0,1,0,1,1,1],[0,1,0,0],[1,1,1,0]]",4,0.11242296217865763
level2_receiver_side_info,404,"[[0,1,0,1,0,1,1,1],[0,1,0,0],[1,1,1,0]]",8,0.1585495660446091
level2_receiver_side_info,404,"[[0,1,0,1,0,1,1,1],[0,1,0,0],[1,1,1,0]]",16,0.19702626025256345
level2_receiver_side_info,404,"[[0,1,0,1,0,1,1,1],[0,1,0,0],[1,1,1,0]]",32,0.2196961455373196
level2_receiver_side_info,405,"[[0,1,0,1,0,1,1,1],[0,1,0,1],[0,0,0,1]]",0,0.06385320297074884
level2_receiver_side_info,405,"[[0,1,0,1,0,1,1,1],[0,1,0,1],[0,0,0,1]]",1,0.07704682264253407
level2_receiver_side_info,405,"[[0,1,0,1,0,1,1,1],[0,1,0,1],[0,0,0,1]]",2,0.08780218399432074
level2_receiver_side_info,405,"[[0,1,0,1,0,1,1,1],[0,1,0,1],[0,0,0,1]]",4,0.1041522892464854
level2_receiver_side_info,405,"[[0,1,0,1,0,1,1,1],[0,1,0,1],[0,0,0,1]]",8,0.12453241233105772
level2_receiver_side_info,405,"[[0,1,0,1,0,1,1,1],[0,1,0,1],[0,0,0,1]]",16,0.14385004263287587
level2_receiver_side_info,405,"[[0,1,0,1,0,1,1,1],[0,1,0,1],[0,0,0,1]]",32,0.15747949742783532
level2_receiver_side_info,406,"[[0,1,0,1,0,1,1,1],[0,1,1,0],[1,1,1,0]]",0,0.06385320297074884
level2_receiver_side_info,406,"[[0,1,0,1,0,1,1,1],[0,1,1,0],[1,1,1,0]]",1,0.07704682264253407
level2_receiver_side_info,406,"[[0,1,0,1,0,1,1,1],[0,1,1,0],[1,1,1,0]]",2,0.08780218399432074
level2_receiver_side_info,406,"[[0,1,0,1,0,1,1,1],[0,1,1,0],[1,1,1,0]]",4,0.10415228924648534
level2_receiver_side_info,406,"[[0,1,0,1,0,1,1,1],[0,1,1,0],[1,1,1,0]]",8,0.12453241233105772
level2_receiver_side_info,406,"[[0,1,0,1,0,1,1,1],[0,1,1,0],[1,1,1,0]]",16,0.14385004263287587
level2_receiver_side_info,406,"[[0,1,0,1,0,1,1,1],[0,1,1,0],[1,1,1,0]]",32,0.15747949742783532
level2_receiver_side_info,407,"[[0,1,0,1,0,1,1,1],[0,1,1,1],[0,0,0,1]]",0,0.0070427192416741
level2_receiver_side_info,407,"[[0,1,0,1,0,1,1,1],[0,1,1,1],[0,0,0,1]]",1,0.043652143186217574
level2_receiver_side_info,407,"[[0,1,0,1,0,1,1,1],[0,1,1,1],[0,0,0,1]]",2,0.07195128098324627
level2_receiver_side_info,407,"[[0,1,0,1,0,1,1,1],[0,1,1,1],[0,0,0,1]]",4,0.11242296217865763
level2_receiver_side_info,407,"[[0,1,0,1,0,1,1,1],[0,1,1,1],[0,0,0,1]]",8,0.1585495660446091
level2_receiver_side_info,407,"[[0,1,0,1,0,1,1,1],[0,1,1,1],[0,0,0,1]]",16,0.19702626025256345
level2_receiver_side_info,407,"[[0,1,0,1,0,1,1,1],[0,1,1,1],[0,0,0,1]]",32,0.2196961455373196
level2_receiver_side_info,408,"[[0,1,0,1,0,1,1,1],[0,1,1,1],[0,0,0,1]]",0,0.0070427192416741
level2_receiver_side_info,408,"[[0,1,0,1,0,1,1,1],[0,1,1,1],[0,0,0,1]]",1,0.043652143186217574
level2_receiver_side_info,408,"[[0,1,0,1,0,1,1,1],[0,1,1,1],[0,0,0,1]]",2,0.07195128098324627
level2_receiver_side_info,408,"[[0,1,0,1,0,1,1,1],[0,1,1,1],[0,0,0,1]]",4,0.11242296217865763
level2_receiver_side_info,408,"[[0,1,0,1,0,1,1,1],[0,1,1,1],[0,0,0,1]]",8,0.1585495660446091
level2_receiver_side_info,408,"[[0,1,0,1,0,1,1,1],[0,1,1,1],[0,0,0,1]]",16,0.19702626025256345
level2_receiver_side_info,408,"[[0,1,0,1,0,1,1,1],[0,1,1,1],[0,0,0,1]]",32,0.2196961455373196
level2_receiver_side_info,409,"[[0,1,0,1,0,1,1,1],[0,1,1,0],[1,1,1,0]]",0,0.06385320297074884
level2_receiver_side_info,409,"[[0,1,0,1,0,1,1,1],[0,1,1,0],[1,1,1,0]]",1,0.07704682264253407
level2_receiver_side_info,409,"[[0,1,0,1,0,1,1,1],[0,1,1,0],[1,1,1,0]]",2,0.08780218399432074
level2_receiver_side_info,409,"[[0,1,0,1,0,1,1,1],[0,1,1,0],[1,1,1,0]]",4,0.10415228924648534
level2_receiver_side_info,409,"[[0,1,0,1,0,1,1,1],[0,1,1,0],[1,1,1,0]]",8,0.12453241233105772
level2_receiver_side_info,409,"[[0,1,0,1,0,1,1,1],[0,1,1,0],[1,1,1,0]]",16,0.14385004263287587
level2_receiver_side_info,409,"[[0,1,0,1,0,1,1,1],[0,1,1,0],[1,1,1,0]]",32,0.15747949742783532
level2_receiver_side_info,410,"[[0,1,0,1,0,1,1,1],[0,1,0,1],[0,0,0,1]]",0,0.06385320297074884
level2_receiver_side_info,410,"[[0,1,0,1,0,1,1,1],[0,1,0,1],[0,0,0,1]]",1,0.07704682264253407
level2_receiver_side_info,410,"[[0,1,0,1,0,1,1,1],[0,1,0,1],[0,0,0,1]]",2,0.08780218399432074
level2_receiver_side_info,410,"[[0,1,0,1,0,1,1,1],[0,1,0,1],[0,0,0,1]]",4,0.1041522892464854
level2_receiver_side_info,410,"[[0,1,0,1,0,1,1,1],[0,1,0,1],[0,0,0,1]]",8,0.12453241233105772
level2_receiver_side_info,410,"[[0,1,0,1,0,1,1,1],[0,1,0,1],[0,0,0,1]]",16,0.14385004263287587
level2_receiver_side_info,410,"[[0,1,0,1,0,1,1,1],[0,1,0,1],[0,0,0,1]]",32,0.15747949742783532
level2_receiver_side_info,411,"[[0,1,0,1,0,1,1,1],[0,1,0,0],[1,1,1,0]]",0,0.007042719241674045
level2_receiver_side_info,411,"[[0,1,0,1,0,1,1,1],[0,1,0,0],[1,1,1,0]]",1,0.043652143186217574
level2_receiver_side_info,411,"[[0,1,0,1,0,1,1,1],[0,1,0,0],[1,1,1,0]]",2,0.07195128098324627
level2_receiver_side_info,411,"[[0,1,0,1,0,1,1,1],[0,1,0,0],[1,1,1,0]]",4,0.11242296217865763
level2_receiver_side_info,411,"[[0,1,0,1,0,1,1,1],[0,1,0,0],[1,1,1,0]]",8,0.1585495660446091
level2_receiver_side_info,411,"[[0,1,0,1,0,1,1,1],[0,1,0,0],[1,1,1,0]]",16,0.19702626025256345
level2_receiver_side_info,411,"[[0,1,0,1,0,1,1,1],[0,1,0,0],[1,1,1,0]]",32,0.2196961455373196
level2_receiver_side_info,412,"[[0,1,0,1,0,1,1,1],[0,0,1,1],[0,0,0,1]]",0,0.06385320297074878
level2_receiver_side_info,412,"[[0,1,0,1,0,1,1,1],[0,0,1,1],[0,0,0,1]]",1,0.07704682264253407
level2_receiver_side_info,412,"[[0,1,0,1,0,1,1,1],[0,0,1,1],[0,0,0,1]]",2,0.08780218399432074
level2_receiver_side_info,412,"[[0,1,0,1,0,1,1,1],[0,0,1,1],[0,0,0,1]]",4,0.10415228924648534
level2_receiver_side_info,412,"[[0,1,0,1,0,1,1,1],[0,0,1,1],[0,0,0,1]]",8,0.12453241233105772
level2_receiver_side_info,412,"[[0,1,0,1,0,1,1,1],[0,0,1,1],[0,0,0,1]]",16,0.14385004263287587
level2_receiver_side_info,412,"[[0,1,0,1,0,1,1,1],[0,0,1,1],[0,0,0,1]]",32,0.15747949742783532
level2_receiver_side_info,413,"[[0,1,0,1,0,1,1,1],[0,0,1,0],[1,1,1,0]]",0,0.007042719241674045
level2_receiver_side_info,413,"[[0,1,0,1,0,1,1,1],[0,0,1,0],[1,1,1,0]]",1,0.04365214318621763
level2_receiver_side_info,413,"[[0,1,0,1,0,1,1,1],[0,0,1,0],[1,1,1,0]]",2,0.07195128098324627
level2_receiver_side_info,413,"[[0,1,0,1,0,1,1,1],[0,0,1,0],[1,1,1,0]]",4,0.11242296217865763
level2_receiver_side_info,413,"[[0,1,0,1,0,1,1,1],[0,0,1,0],[1,1,1,0]]",8,0.1585495660446091
level2_receiver_side_info,413,"[[0,1,0,1,0,1,1,1],[0,0,1,0],[1,1,1,0]]",16,0.19702626025256345
level2_receiver_side_info,413,"[[0,1,0,1,0,1,1,1],[0,0,1,0],[1,1,1,0]]",32,0.2196961455373196
level2_receiver_side_info,414,"[[0,1,0,1,1,0,0,1],[0,0,0,1],[1,1,0,1]]",0,0.09116077839697723
level2_receiver_side_info,414,"[[0,1,0,1,1,0,0,1],[0,0,0,1],[1,1,0,1]]",1,0.1429065834305655
level2_receiver_side_info,414,"[[0,1,0,1,1,0,0,1],[0,0,0,1],[1,1,0,1]]",2,0.18449810329733946
level2_receiver_side_info,414,"[[0,1,0,1,1,0,0,1],[0,0,0,1],[1,1,0,1]]",4,0.246861694803569
level2_receiver_side_info,414,"[[0,1,0,1,1,0,0,1],[0,0,0,1],[1,1,0,1]]",8,0.32298029056872957
level2_receiver_side_info,414,"[[0,1,0,1,1,0,0,1],[0,0,0,1],[1,1,0,1]]",16,0.39196225193885564
level2_receiver_side_info,414,"[[0,1,0,1,1,0,0,1],[0,0,0,1],[1,1,0,1]]",32,0.43644344248314626
level2_receiver_side_info,415,"[[0,1,0,1,1,0,0,1],[0,1,0,0],[1,1,0,1]]",0,0.09116077839697723
level2_receiver_side_info,415,"[[0,1,0,1,1,0,0,1],[0,1,0,0],[1,1,0,1]]",1,0.1429065834305654
level2_receiver_side_info,415,"[[0,1,0,1,1,0,0,1],[0,1,0,0],[1,1,0,1]]",2,0.18449810329733946
level2_receiver_side_info,415,"[[0,1,0,1,1,0,0,1],[0,1,0,0],[1,1,0,1]]",4,0.246861694803569
level2_receiver_side_info,415,"[[0,1,0,1,1,0,0,1],[0,1,0,0],[1,1,0,1]]",8,0.32298029056872957
level2_receiver_side_info,415,"[[0,1,0,1,1,0,0,1],[0,1,0,0],[1,1,0,1]]",16,0.39196225193885564
level2_receiver_side_info,415,"[[0,1,0,1,1,0,0,1],[0,1,0,0],[1,1,0,1]]",32,0.43644344248314626
level2_receiver_side_info,416,"[[0,1,0,1,1,0,0,1],[0,1,1,1],[0,0,1,0]]",0,0.09116077839697723
level2_receiver_side_info,416,"[[0,1,0,1,1,0,0,1],[0,1,1,1],[0,0,1,0]]",1,0.1429065834305654
level2_receiver_side_info,416,"[[0,1,0,1,1,0,0,1],[0,1,1,1],[0,0,1,0]]",2,0.18449810329733946
level2_receiver_side_info,416,"[[0,1,0,1,1,0,0,1],[0,1,1,1],[0,0,1,0]]",4,0.246861694803569
level2_receiver_side_info,416,"[[0,1,0,1,1,0,0,1],[0,1,1,1],[0,0,1,0]]",8,0.32298029056872957
level2_receiver_side_info,416,"[[0,1,0,1,1,0,0,1],[0,1,1,1],[0,0,1,0]]",16,0.39196225193885564
level2_receiver_side_info,416,"[[0,1,0,1,1,0,0,1],[0,1,1,1],[0,0,1,0]]",32,0.43644344248314626
level2_receiver_side_info,417,"[[0,1,0,1,1,0,0,1],[0,1,1,1],[0,0,1,0]]",0,0.09116077839697723
level2_receiver_side_info,417,"[[0,1,0,1,1,0,0,1],[0,1,1,1],[0,0,1,0]]",1,0.1429065834305654
level2_receiver_side_info,417,"[[0,1,0,1,1,0,0,1],[0,1,1,1],[0,0,1,0]]",2,0.18449810329733946
level2_receiver_side_info,417,"[[0,1,0,1,1,0,0,1],[0,1,1,1],[0,0,1,0]]",4,0.246861694803569
level2_receiver_side_info,417,"[[0,1,0,1,1,0,0,1],[0,1,1,1],[0,0,1,0]]",8,0.32298029056872957
level2_receiver_side_info,417,"[[0,1,0,1,1,0,0,1],[0,1,1,1],[0,0,1,0]]",16,0.39196225193885564
level2_receiver_side_info,417,"[[0,1,0,1,1,0,0,1],[0,1,1,1],[0,0,1,0]]",32,0.43644344248314626
level2_receiver_side_info,418,"[[0,1,0,1,1,0,0,1],[0,1,0,0],[1,1,0,1]]",0,0.09116077839697723
level2_receiver_side_info,418,"[[0,1,0,1,1,0,0,1],[0,1,0,0],[1,1,0,1]]",1,0.1429065834305654
level2_receiver_side_info,418,"[[0,1,0,1,1,0,0,1],[0,1,0,0],[1,1,0,1]]",2,0.18449810329733946
level2_receiver_side_info,418,"[[0,1,0,1,1,0,0,1],[0,1,0,0],[1,1,0,1]]",4,0.246861694803569
level2_receiver_side_info,418,"[[0,1,0,1,1,0,0,1],[0,1,0,0],[1,1,0,1]]",8,0.32298029056872957
level2_receiver_side_info,418,"[[0,1,0,1,1,0,0,1],[0,1,0,0],[1,1,0,1]]",16,0.39196225193885564
level2_receiver_side_info,418,"[[0,1,0,1,1,0,0,1],[0,1,0,0],[1,1,0,1]]",32,0.43644344248314626
level2_receiver_side_info,419,"[[0,1,0,1,1,0,0,1],[0,0,0,1],[1,1,0,1]]",0,0.09116077839697723
level2_receiver_side_info,419,"[[0,1,0,1,1,0,0,1],[0,0,0,1],[1,1,0,1]]",1,0.1429065834305655
level2_receiver_side_info,419,"[[0,1,0,1,1,0,0,1],[0,0,0,1],[1,1,0,1]]",2,0.18449810329733946
level2_receiver_side_info,419,"[[0,1,0,1,1,0,0,1],[0,0,0,1],[1,1,0,1]]",4,0.246861694803569
level2_receiver_side_info,419,"[[0,1,0,1,1,0,0,1],[0,0,0,1],[1,1,0,1]]",8,0.32298029056872957
level2_receiver_side_info,419,"[[0,1,0,1,1,0,0,1],[0,0,0,1],[1,1,0,1]]",16,0.39196225193885564
level2_receiver_side_info,419,"[[0,1,0,1,1,0,0,1],[0,0,0,1],[1,1,0,1]]",32,0.43644344248314626
level2_receiver_side_info,420,"[[0,1,0,1,1,0,1,0],[0,1,0,1],[0,0,0,1]]",0,0.0
level2_receiver_side_info,420,"[[0,1,0,1,1,0,1,0],[0,1,0,1],[0,0,0,1]]",1,0.029298145242776408
level2_receiver_side_info,420,"[[0,1,0,1,1,0,1,0],[0,1,0,1],[0,0,0,1]]",2,0.05196690317726649
level2_receiver_side_info,420,"[[0,1,0,1,1,0,1,0],[0,1,0,1],[0,0,0,1]]",4,0.08435950345211596
level2_receiver_side_info,420,"[[0,1,0,1,1,0,1,0],[0,1,0,1],[0,0,0,1]]",8,0.12198650516110154
level2_receiver_side_info,420,"[[0,1,0,1,1,0,1,0],[0,1,0,1],[0,0,0,1]]",16,0.1569947083971185
level2_receiver_side_info,420,"[[0,1,0,1,1,0,1,0],[0,1,0,1],[0,0,0,1]]",32,0.1832648102910467
level2_receiver_side_info,421,"[[0,1,0,1,1,0,1,0],[0,1,0,1],[0,0,1,0]]",0,0.0
level2_receiver_side_info,421,"[[0,1,0,1,1,0,1,0],[0,1,0,1],[0,0,1,0]]",1,0.029298145242776297
level2_receiver_side_info,421,"[[0,1,0,1,1,0,1,0],[0,1,0,1],[0,0,1,0]]",2,0.05196690317726649
level2_receiver_side_info,421,"[[0,1,0,1,1,0,1,0],[0,1,0,1],[0,0,1,0]]",4,0.08435950345211596
level2_receiver_side_info,421,"[[0,1,0,1,1,0,1,0],[0,1,0,1],[0,0,1,0]]",8,0.12198650516110165
level2_receiver_side_info,421,"[[0,1,0,1,1,0,1,0],[0,1,0,1],[0,0,1,0]]",16,0.1569947083971185
level2_receiver_side_info,421,"[[0,1,0,1,1,0,1,0],[0,1,0,1],[0,0,1,0]]",32,0.18326481029104658
level2_receiver_side_info,422,"[[0,1,0,1,1,0,1,0],[0,1,0,1],[0,0,1,1]]",0,0.0
level2_receiver_side_info,422,"[[0,1,0,1,1,0,1,0],[0,1,0,1],[0,0,1,1]]",1,0.11720776068110161
level2_receiver_side_info,422,"[[0,1,0,1,1,0,1,0],[0,1,0,1],[0,0,1,1]]",2,0.2072192699510964
level2_receiver_side_info,422,"[[0,1,0,1,1,0,1,0],[0,1,0,1],[0,0,1,1]]",4,0.3317269506967929
level2_receiver_side_info,422,"[[0,1,0,1,1,0,1,0],[0,1,0,1],[0,0,1,1]]",8,0.46354777908042843
level2_receiver_side_info,422,"[[0,1,0,1,1,0,1,0],[0,1,0,1],[0,0,1,1]]",16,0.5659041459749518
level2_receiver_side_info,422,"[[0,1,0,1,1,0,1,0],[0,1,0,1],[0,0,1,1]]",32,0.627899347459281
level2_receiver_side_info,423,"[[0,1,0,1,1,0,1,0],[0,1,0,1],[0,1,0,0]]",0,0.0
level2_receiver_side_info,423,"[[0,1,0,1,1,0,1,0],[0,1,0,1],[0,1,0,0]]",1,0.029298145242776408
level2_receiver_side_info,423,"[[0,1,0,1,1,0,1,0],[0,1,0,1],[0,1,0,0]]",2,0.05196690317726649
level2_receiver_side_info,423,"[[0,1,0,1,1,0,1,0],[0,1,0,1],[0,1,0,0]]",4,0.08435950345211607
level2_receiver_side_info,423,"[[0,1,0,1,1,0,1,0],[0,1,0,1],[0,1,0,0]]",8,0.12198650516110165
level2_receiver_side_info,423,"[[0,1,0,1,1,0,1,0],[0,1,0,1],[0,1,0,0]]",16,0.15699470839711838
level2_receiver_side_info,423,"[[0,1,0,1,1,0,1,0],[0,1,0,1],[0,1,0,0]]",32,0.1832648102910467
level2_receiver_side_info,424,"[[0,1,0,1,1,0,1,0],[0,1,0,1],[0,1,1,1]]",0,0.0
level2_receiver_side_info,424,"[[0,1,0,1,1,0,1,0],[0,1,0,1],[0,1,1,1]]",1,0.029298145242776408
level2_receiver_side_info,424,"[[0,1,0,1,1,0,1,0],[0,1,0,1],[0,1,1,1]]",2,0.05196690317726649
level2_receiver_side_info,424,"[[0,1,0,1,1,0,1,0],[0,1,0,1],[0,1,1,1]]",4,0.08435950345211607
level2_receiver_side_info,424,"[[0,1,0,1,1,0,1,0],[0,1,0,1],[0,1,1,1]]",8,0.12198650516110165
level2_receiver_side_info,424,"[[0,1,0,1,1,0,1,0],[0,1,0,1],[0,1,1,1]]",16,0.15699470839711838
level2_receiver_side_info,424,"[[0,1,0,1,1,0,1,0],[0,1,0,1],[0,1,1,1]]",32,0.1832648102910467
level2_receiver_side_info,425,"[[0,1,0,1,1,0,1,0],[0,1,1,0],[0,0,0,1]]",0,0.0
level2_receiver_side_info,425,"[[0,1,0,1,1,0,1,0],[0,1,1,0],[0,0,0,1]]",1,0.029298145242776408
level2_receiver_side_info,425,"[[0,1,0,1,1,0,1,0],[0,1,1,0],[0,0,0,1]]",2,0.05196690317726649
level2_receiver_side_info,425,"[[0,1,0,1,1,0,1,0],[0,1,1,0],[0,0,0,1]]",4,0.08435950345211596
level2_receiver_side_info,425,"[[0,1,0,1,1,0,1,0],[0,1,1,0],[0,0,0,1]]",8,0.12198650516110154
level2_receiver_side_info,425,"[[0,1,0,1,1,0,1,0],[0,1,1,0],[0,0,0,1]]",16,0.1569947083971185
level2_receiver_side_info,425,"[[0,1,0,1,1,0,1,0],[0,1,1,0],[0,0,0,1]]",32,0.1832648102910467
level2_receiver_side_info,426,"[[0,1,0,1,1,0,1,0],[0,1,1,0],[0,0,1,0]]",0,0.0
level2_receiver_side_info,426,"[[0,1,0,1,1,0,1,0],[0,1,1,0],[0,0,1,0]]",1,0.029298145242776297
level2_receiver_side_info,426,"[[0,1,0,1,1,0,1,0],[0,1,1,0],[0,0,1,0]]",2,0.05196690317726649
level2_receiver_side_info,426,"[[0,1,0,1,1,0,1,0],[0,1,1,0],[0,0,1,0]]",4,0.08435950345211596
level2_receiver_side_info,426,"[[0,1,0,1,1,0,1,0],[0,1,1,0],[0,0,1,0]]",8,0.12198650516110165
level2_receiver_side_info,426,"[[0,1,0,1,1,0,1,0],[0,1,1,0],[0,0,1,0]]",16,0.1569947083971185
level2_receiver_side_info,426,"[[0,1,0,1,1,0,1,0],[0,1,1,0],[0,0,1,0]]",32,0.18326481029104658
level2_receiver_side_info,427,"[[0,1,0,1,1,0,1,0],[0,1,1,0],[0,0,1,1]]",0,0.0
level2_receiver_side_info,427,"[[0,1,0,1,1,0,1,0],[0,1,1,0],[0,0,1,1]]",1,0.11720776068110161
level2_receiver_side_info,427,"[[0,1,0,1,1,0,1,0],[0,1,1,0],[0,0,1,1]]",2,0.2072192699510964
level2_receiver_side_info,427,"[[0,1,0,1,1,0,1,0],[0,1,1,0],[0,0,1,1]]",4,0.3317269506967929
level2_receiver_side_info,427,"[[0,1,0,1,1,0,1,0],[0,1,1,0],[0,0,1,1]]",8,0.46354777908042843
level2_receiver_side_info,427,"[[0,1,0,1,1,0,1,0],[0,1,1,0],[0,0,1,1]]",16,0.5659041459749518
level2_receiver_side_info,427,"[[0,1,0,1,1,0,1,0],[0,1,1,0],[0,0,1,1]]",32,0.627899347459281
level2_receiver_side_info,428,"[[0,1,0,1,1,0,1,0],[0,1,1,0],[0,1,0,0]]",0,0.0
level2_receiver_side_info,428,"[[0,1,0,1,1,0,1,0],[0,1,1,0],[0,1,0,0]]",1,0.029298145242776408
level2_receiver_side_info,428,"[[0,1,0,1,1,0,1,0],[0,1,1,0],[0,1,0,0]]",2,0.05196690317726649
level2_receiver_side_info,428,"[[0,1,0,1,1,0,1,0],[0,1,1,0],[0,1,0,0]]",4,0.08435950345211607
level2_receiver_side_info,428,"[[0,1,0,1,1,0,1,0],[0,1,1,0],[0,1,0,0]]",8,0.12198650516110165
level2_receiver_side_info,428,"[[0,1,0,1,1,0,1,0],[0,1,1,0],[0,1,0,0]]",16,0.15699470839711838
level2_receiver_side_info,428,"[[0,1,0,1,1,0,1,0],[0,1,1,0],[0,1,0,0]]",32,0.1832648102910467
level2_receiver_side_info,429,"[[0,1,0,1,1,0,1,0],[0,1,1,0],[0,1,1,1]]",0,0.0
level2_receiver_side_info,429,"[[0,1,0,1,1,0,1,0],[0,1,1,0],[0,1,1,1]]",1,0.029298145242776408
level2_receiver_side_info,429,"[[0,1,0,1,1,0,1,0],[0,1,1,0],[0,1,1,1]]",2,0.05196690317726649
level2_receiver_side_info,429,"[[0,1,0,1,1,0,1,0],[0,1,1,0],[0,1,1,1]]",4,0.08435950345211607
level2_receiver_side_info,429,"[[0,1,0,1,1,0,1,0],[0,1,1,0],[0,1,1,1]]",8,0.12198650516110165
level2_receiver_side_info,429,"[[0,1,0,1,1,0,1,0],[0,1,1,0],[0,1,1,1]]",16,0.15699470839711838
level2_receiver_side_info,429,"[[0,1,0,1,1,0,1,0],[0,1,1,0],[0,1,1,1]]",32,0.1832648102910467
level2_receiver_side_info,430,"[[0,1,0,1,1,0,1,0],[0,1,1,0],[1,1,1,0]]",0,0.0
level2_receiver_side_info,430,"[[0,1,0,1,1,0,1,0],[0,1,1,0],[1,1,1,0]]",1,0.029298145242776408
level2_receiver_side_info,430,"[[0,1,0,1,1,0,1,0],[0,1,1,0],[1,1,1,0]]",2,0.05196690317726649
level2_receiver_side_info,430,"[[0,1,0,1,1,0,1,0],[0,1,1,0],[1,1,1,0]]",4,0.08435950345211596
level2_receiver_side_info,430,"[[0,1,0,1,1,0,1,0],[0,1,1,0],[1,1,1,0]]",8,0.12198650516110154
level2_receiver_side_info,430,"[[0,1,0,1,1,0,1,0],[0,1,1,0],[1,1,1,0]]",16,0.1569947083971185
level2_receiver_side_info,430,"[[0,1,0,1,1,0,1,0],[0,1,1,0],[1,1,1,0]]",32,0.1832648102910467
level2_receiver_side_info,431,"[[0,1,0,1,1,0,1,0],[0,1,1,0],[1,1,0,1]]",0,0.0
level2_receiver_side_info,431,"[[0,1,0,1,1,0,1,0],[0,1,1,0],[1,1,0,1]]",1,0.029298145242776297
level2_receiver_side_info,431,"[[0,1,0,1,1,0,1,0],[0,1,1,0],[1,1,0,1]]",2,0.05196690317726649
level2_receiver_side_info,431,"[[0,1,0,1,1,0,1,0],[0,1,1,0],[1,1,0,1]]",4,0.08435950345211596
level2_receiver_side_info,431,"[[0,1,0,1,1,0,1,0],[0,1,1,0],[1,1,0,1]]",8,0.12198650516110165
level2_receiver_side_info,431,"[[0,1,0,1,1,0,1,0],[0,1,1,0],[1,1,0,1]]",16,0.1569947083971185
level2_receiver_side_info,431,"[[0,1,0,1,1,0,1,0],[0,1,1,0],[1,1,0,1]]",32,0.18326481029104658
level2_receiver_side_info,432,"[[0,1,0,1,1,0,1,0],[0,1,1,0],[1,1,0,0]]",0,0.0
level2_receiver_side_info,432,"[[0,1,0,1,1,0,1,0],[0,1,1,0],[1,1,0,0]]",1,0.11720776068110161
level2_receiver_side_info,432,"[[0,1,0,1,1,0,1,0],[0,1,1,0],[1,1,0,0]]",2,0.2072192699510964
level2_receiver_side_info,432,"[[0,1,0,1,1,0,1,0],[0,1,1,0],[1,1,0,0]]",4,0.3317269506967929
level2_receiver_side_info,432,"[[0,1,0,1,1,0,1,0],[0,1,1,0],[1,1,0,0]]",8,0.46354777908042843
level2_receiver_side_info,432,"[[0,1,0,1,1,0,1,0],[0,1,1,0],[1,1,0,0]]",16,0.5659041459749518
level2_receiver_side_info,432,"[[0,1,0,1,1,0,1,0],[0,1,1,0],[1,1,0,0]]",32,0.627899347459281
level2_receiver_side_info,433,"[[0,1,0,1,1,0,1,0],[0,1,1,0],[1,0,1,1]]",0,0.0
level2_receiver_side_info,433,"[[0,1,0,1,1,0,1,0],[0,1,1,0],[1,0,1,1]]",1,0.029298145242776408
level2_receiver_side_info,433,"[[0,1,0,1,1,0,1,0],[0,1,1,0],[1,0,1,1]]",2,0.05196690317726649
level2_receiver_side_info,433,"[[0,1,0,1,1,0,1,0],[0,1,1,0],[1,0,1,1]]",4,0.08435950345211607
level2_receiver_side_info,433,"[[0,1,0,1,1,0,1,0],[0,1,1,0],[1,0,1,1]]",8,0.12198650516110165
level2_receiver_side_info,433,"[[0,1,0,1,1,0,1,0],[0,1,1,0],[1,0,1,1]]",16,0.15699470839711838
level2_receiver_side_info,433,"[[0,1,0,1,1,0,1,0],[0,1,1,0],[1,0,1,1]]",32,0.1832648102910467
level2_receiver_side_info,434,"[[0,1,0,1,1,0,1,0],[0,1,1,0],[1,0,0,0]]",0,0.0
level2_receiver_side_info,434,"[[0,1,0,1,1,0,1,0],[0,1,1,0],[1,0,0,0]]",1,0.029298145242776408
level2_receiver_side_info,434,"[[0,1,0,1,1,0,1,0],[0,1,1,0],[1,0,0,0]]",2,0.05196690317726649
level2_receiver_side_info,434,"[[0,1,0,1,1,0,1,0],[0,1,1,0],[1,0,0,0]]",4,0.08435950345211607
level2_receiver_side_info,434,"[[0,1,0,1,1,0,1,0],[0,1,1,0],[1,0,0,0]]",8,0.12198650516110165
level2_receiver_side_info,434,"[[0,1,0,1,1,0,1,0],[0,1,1,0],[1,0,0,0]]",16,0.15699470839711838
level2_receiver_side_info,434,"[[0,1,0,1,1,0,1,0],[0,1,1,0],[1,0,0,0]]",32,0.1832648102910467
level2_receiver_side_info,435,"[[0,1,0,1,1,0,1,0],[0,1,0,1],[1,1,1,0]]",0,0.0
level2_receiver_side_info,435,"[[0,1,0,1,1,0,1,0],[0,1,0,1],[1,1,1,0]]",1,0.029298145242776408
level2_receiver_side_info,435,"[[0,1,0,1,1,0,1,0],[0,1,0,1],[1,1,1,0]]",2,0.05196690317726649
level2_receiver_side_info,435,"[[0,1,0,1,1,0,1,0],[0,1,0,1],[1,1,1,0]]",4,0.08435950345211596
level2_receiver_side_info,435,"[[0,1,0,1,1,0,1,0],[0,1,0,1],[1,1,1,0]]",8,0.12198650516110154
level2_receiver_side_info,435,"[[0,1,0,1,1,0,1,0],[0,1,0,1],[1,1,1,0]]",16,0.1569947083971185
level2_receiver_side_info,435,"[[0,1,0,1,1,0,1,0],[0,1,0,1],[1,1,1,0]]",32,0.1832648102910467
level2_receiver_side_info,436,"[[0,1,0,1,1,0,1,0],[0,1,0,1],[1,1,0,1]]",0,0.0
level2_receiver_side_info,436,"[[0,1,0,1,1,0,1,0],[0,1,0,1],[1,1,0,1]]",1,0.029298145242776297
level2_receiver_side_info,436,"[[0,1,0,1,1,0,1,0],[0,1,0,1],[1,1,0,1]]",2,0.05196690317726649
level2_receiver_side_info,436,"[[0,1,0,1,1,0,1,0],[0,1,0,1],[1,1,0,1]]",4,0.08435950345211596
level2_receiver_side_info,436,"[[0,1,0,1,1,0,1,0],[0,1,0,1],[1,1,0,1]]",8,0.12198650516110165
level2_receiver_side_info,436,"[[0,1,0,1,1,0,1,0],[0,1,0,1],[1,1,0,1]]",16,0.1569947083971185
level2_receiver_side_info,436,"[[0,1,0,1,1,0,1,0],[0,1,0,1],[1,1,0,1]]",32,0.18326481029104658
level2_receiver_side_info,437,"[[0,1,0,1,1,0,1,0],[0,1,0,1],[1,1,0,0]]",0,0.0
level2_receiver_side_info,437,"[[0,1,0,1,1,0,1,0],[0,1,0,1],[1,1,0,0]]",1,0.11720776068110161
level2_receiver_side_info,437,"[[0,1,0,1,1,0,1,0],[0,1,0,1],[1,1,0,0]]",2,0.2072192699510964
level2_receiver_side_info,437,"[[0,1,0,1,1,0,1,0],[0,1,0,1],[1,1,0,0]]",4,0.3317269506967929
level2_receiver_side_info,437,"[[0,1,0,1,1,0,1,0],[0,1,0,1],[1,1,0,0]]",8,0.46354777908042843
level2_receiver_side_info,437,"[[0,1,0,1,1,0,1,0],[0,1,0,1],[1,1,0,0]]",16,0.5659041459749518
level2_receiver_side_info,437,"[[0,1,0,1,1,0,1,0],[0,1,0,1],[1,1,0,0]]",32,0.627899347459281
level2_receiver_side_info,438,"[[0,1,0,1,1,0,1,0],[0,1,0,1],[1,0,1,1]]",0,0.0
level2_receiver_side_info,438,"[[0,1,0,1,1,0,1,0],[0,1,0,1],[1,0,1,1]]",1,0.029298145242776408
level2_receiver_side_info,438,"[[0,1,0,1,1,0,1,0],[0,1,0,1],[1,0,1,1]]",2,0.05196690317726649
level2_receiver_side_info,438,"[[0,1,0,1,1,0,1,0],[0,1,0,1],[1,0,1,1]]",4,0.08435950345211607
level2_receiver_side_info,438,"[[0,1,0,1,1,0,1,0],[0,1,0,1],[1,0,1,1]]",8,0.12198650516110165
level2_receiver_side_info,438,"[[0,1,0,1,1,0,1,0],[0,1,0,1],[1,0,1,1]]",16,0.15699470839711838
level2_receiver_side_info,438,"[[0,1,0,1,1,0,1,0],[0,1,0,1],[1,0,1,1]]",32,0.1832648102910467
level2_receiver_side_info,439,"[[0,1,0,1,1,0,1,0],[0,1,0,1],[1,0,0,0]]",0,0.0
level2_receiver_side_info,439,"[[0,1,0,1,1,0,1,0],[0,1,0,1],[1,0,0,0]]",1,0.029298145242776408
level2_receiver_side_info,439,"[[0,1,0,1,1,0,1,0],[0,1,0,1],[1,0,0,0]]",2,0.05196690317726649
level2_receiver_side_info,439,"[[0,1,0,1,1,0,1,0],[0,1,0,1],[1,0,0,0]]",4,0.08435950345211607
level2_receiver_side_info,439,"[[0,1,0,1,1,0,1,0],[0,1,0,1],[1,0,0,0]]",8,0.12198650516110165
level2_receiver_side_info,439,"[[0,1,0,1,1,0,1,0],[0,1,0,1],[1,0,0,0]]",16,0.15699470839711838
level2_receiver_side_info,439,"[[0,1,0,1,1,0,1,0],[0,1,0,1],[1,0,0,0]]",32,0.1832648102910467
level2_receiver_side_info,440,"[[0,1,0,1,1,1,0,1],[0,0,0,1],[1,1,0,1]]",0,0.007042719241674045
level2_receiver_side_info,440,"[[0,1,0,1,1,1,0,1],[0,0,0,1],[1,1,0,1]]",1,0.043652143186217685
level2_receiver_side_info,440,"[[0,1,0,1,1,1,0,1],[0,0,0,1],[1,1,0,1]]",2,0.07195128098324627
level2_receiver_side_info,440,"[[0,1,0,1,1,1,0,1],[0,0,0,1],[1,1,0,1]]",4,0.11242296217865763
level2_receiver_side_info,440,"[[0,1,0,1,1,1,0,1],[0,0,0,1],[1,1,0,1]]",8,0.1585495660446091
level2_receiver_side_info,440,"[[0,1,0,1,1,1,0,1],[0,0,0,1],[1,1,0,1]]",16,0.19702626025256345
level2_receiver_side_info,440,"[[0,1,0,1,1,1,0,1],[0,0,0,1],[1,1,0,1]]",32,0.2196961455373196
level2_receiver_side_info,441,"[[0,1,0,1,1,1,0,1],[0,0,1,1],[0,0,1,0]]",0,0.06385320297074878
level2_receiver_side_info,441,"[[0,1,0,1,1,1,0,1],[0,0,1,1],[0,0,1,0]]",1,0.07704682264253407
level2_receiver_side_info,441,"[[0,1,0,1,1,1,0,1],[0,0,1,1],[0,0,1,0]]",2,0.08780218399432074
level2_receiver_side_info,441,"[[0,1,0,1,1,1,0,1],[0,0,1,1],[0,0,1,0]]",4,0.10415228924648534
level2_receiver_side_info,441,"[[0,1,0,1,1,1,0,1],[0,0,1,1],[0,0,1,0]]",8,0.12453241233105775
level2_receiver_side_info,441,"[[0,1,0,1,1,1,0,1],[0,0,1,1],[0,0,1,0]]",16,0.14385004263287587
level2_receiver_side_info,441,"[[0,1,0,1,1,1,0,1],[0,0,1,1],[0,0,1,0]]",32,0.15747949742783532
level2_receiver_side_info,442,"[[0,1,0,1,1,1,0,1],[0,1,0,0],[1,1,0,1]]",0,0.007042719241673989
level2_receiver_side_info,442,"[[0,1,0,1,1,1,0,1],[0,1,0,0],[1,1,0,1]]",1,0.04365214318621763
level2_receiver_side_info,442,"[[0,1,0,1,1,1,0,1],[0,1,0,0],[1,1,0,1]]",2,0.07195128098324627
level2_receiver_side_info,442,"[[0,1,0,1,1,1,0,1],[0,1,0,0],[1,1,0,1]]",4,0.11242296217865763
level2_receiver_side_info,442,"[[0,1,0,1,1,1,0,1],[0,1,0,0],[1,1,0,1]]",8,0.1585495660446091
level2_receiver_side_info,442,"[[0,1,0,1,1,1,0,1],[0,1,0,0],[1,1,0,1]]",16,0.1970262602525635
level2_receiver_side_info,442,"[[0,1,0,1,1,1,0,1],[0,1,0,0],[1,1,0,1]]",32,0.2196961455373196
level2_receiver_side_info,443,"[[0,1,0,1,1,1,0,1],[0,1,0,1],[1,1,0,1]]",0,0.06385320297074878
level2_receiver_side_info,443,"[[0,1,0,1,1,1,0,1],[0,1,0,1],[1,1,0,1]]",1,0.07704682264253407
level2_receiver_side_info,443,"[[0,1,0,1,1,1,0,1],[0,1,0,1],[1,1,0,1]]",2,0.08780218399432074
level2_receiver_side_info,443,"[[0,1,0,1,1,1,0,1],[0,1,0,1],[1,1,0,1]]",4,0.10415228924648534
level2_receiver_side_info,443,"[[0,1,0,1,1,1,0,1],[0,1,0,1],[1,1,0,1]]",8,0.12453241233105775
level2_receiver_side_info,443,"[[0,1,0,1,1,1,0,1],[0,1,0,1],[1,1,0,1]]",16,0.14385004263287587
level2_receiver_side_info,443,"[[0,1,0,1,1,1,0,1],[0,1,0,1],[1,1,0,1]]",32,0.15747949742783532
level2_receiver_side_info,444,"[[0,1,0,1,1,1,0,1],[0,1,1,0],[0,0,1,0]]",0,0.06385320297074878
level2_receiver_side_info,444,"[[0,1,0,1,1,1,0,1],[0,1,1,0],[0,0,1,0]]",1,0.07704682264253407
level2_receiver_side_info,444,"[[0,1,0,1,1,1,0,1],[0,1,1,0],[0,0,1,0]]",2,0.08780218399432074
level2_receiver_side_info,444,"[[0,1,0,1,1,1,0,1],[0,1,1,0],[0,0,1,0]]",4,0.1041522892464854
level2_receiver_side_info,444,"[[0,1,0,1,1,1,0,1],[0,1,1,0],[0,0,1,0]]",8,0.12453241233105775
level2_receiver_side_info,444,"[[0,1,0,1,1,1,0,1],[0,1,1,0],[0,0,1,0]]",16,0.14385004263287587
level2_receiver_side_info,444,"[[0,1,0,1,1,1,0,1],[0,1,1,0],[0,0,1,0]]",32,0.15747949742783532
level2_receiver_side_info,445,"[[0,1,0,1,1,1,0,1],[0,1,1,1],[0,0,1,0]]",0,0.007042719241674045
level2_receiver_side_info,445,"[[0,1,0,1,1,1,0,1],[0,1,1,1],[0,0,1,0]]",1,0.04365214318621763
level2_receiver_side_info,445,"[[0,1,0,1,1,1,0,1],[0,1,1,1],[0,0,1,0]]",2,0.07195128098324627
level2_receiver_side_info,445,"[[0,1,0,1,1,1,0,1],[0,1,1,1],[0,0,1,0]]",4,0.11242296217865763
level2_receiver_side_info,445,"[[0,1,0,1,1,1,0,1],[0,1,1,1],[0,0,1,0]]",8,0.1585495660446091
level2_receiver_side_info,445,"[[0,1,0,1,1,1,0,1],[0,1,1,1],[0,0,1,0]]",16,0.19702626025256345
level2_receiver_side_info,445,"[[0,1,0,1,1,1,0,1],[0,1,1,1],[0,0,1,0]]",32,0.2196961455373196
level2_receiver_side_info,446,"[[0,1,0,1,1,1,0,1],[0,1,1,1],[0,0,1,0]]",0,0.007042719241674045
level2_receiver_side_info,446,"[[0,1,0,1,1,1,0,1],[0,1,1,1],[0,0,1,0]]",1,0.04365214318621763
level2_receiver_side_info,446,"[[0,1,0,1,1,1,0,1],[0,1,1,1],[0,0,1,0]]",2,0.07195128098324627
level2_receiver_side_info,446,"[[0,1,0,1,1,1,0,1],[0,1,1,1],[0,0,1,0]]",4,0.11242296217865763
level2_receiver_side_info,446,"[[0,1,0,1,1,1,0,1],[0,1,1,1],[0,0,1,0]]",8,0.1585495660446091
level2_receiver_side_info,446,"[[0,1,0,1,1,1,0,1],[0,1,1,1],[0,0,1,0]]",16,0.19702626025256345
level2_receiver_side_info,446,"[[0,1,0,1,1,1,0,1],[0,1,1,1],[0,0,1,0]]",32,0.2196961455373196
level2_receiver_side_info,447,"[[0,1,0,1,1,1,0,1],[0,1,1,0],[0,0,1,0]]",0,0.06385320297074878
level2_receiver_side_info,447,"[[0,1,0,1,1,1,0,1],[0,1,1,0],[0,0,1,0]]",1,0.07704682264253407
level2_receiver_side_info,447,"[[0,1,0,1,1,1,0,1],[0,1,1,0],[0,0,1,0]]",2,0.08780218399432074
level2_receiver_side_info,447,"[[0,1,0,1,1,1,0,1],[0,1,1,0],[0,0,1,0]]",4,0.1041522892464854
level2_receiver_side_info,447,"[[0,1,0,1,1,1,0,1],[0,1,1,0],[0,0,1,0]]",8,0.12453241233105775
level2_receiver_side_info,447,"[[0,1,0,1,1,1,0,1],[0,1,1,0],[0,0,1,0]]",16,0.14385004263287587
level2_receiver_side_info,447,"[[0,1,0,1,1,1,0,1],[0,1,1,0],[0,0,1,0]]",32,0.15747949742783532
level2_receiver_side_info,448,"[[0,1,0,1,1,1,0,1],[0,1,0,1],[1,1,0,1]]",0,0.06385320297074878
level2_receiver_side_info,448,"[[0,1,0,1,1,1,0,1],[0,1,0,1],[1,1,0,1]]",1,0.07704682264253407
level2_receiver_side_info,448,"[[0,1,0,1,1,1,0,1],[0,1,0,1],[1,1,0,1]]",2,0.08780218399432074
level2_receiver_side_info,448,"[[0,1,0,1,1,1,0,1],[0,1,0,1],[1,1,0,1]]",4,0.10415228924648534
level2_receiver_side_info,448,"[[0,1,0,1,1,1,0,1],[0,1,0,1],[1,1,0,1]]",8,0.12453241233105775
level2_receiver_side_info,448,"[[0,1,0,1,1,1,0,1],[0,1,0,1],[1,1,0,1]]",16,0.14385004263287587
level2_receiver_side_info,448,"[[0,1,0,1,1,1,0,1],[0,1,0,1],[1,1,0,1]]",32,0.15747949742783532
level2_receiver_side_info,449,"[[0,1,0,1,1,1,0,1],[0,1,0,0],[1,1,0,1]]",0,0.007042719241673989
level2_receiver_side_info,449,"[[0,1,0,1,1,1,0,1],[0,1,0,0],[1,1,0,1]]",1,0.04365214318621763
level2_receiver_side_info,449,"[[0,1,0,1,1,1,0,1],[0,1,0,0],[1,1,0,1]]",2,0.07195128098324627
level2_receiver_side_info,449,"[[0,1,0,1,1,1,0,1],[0,1,0,0],[1,1,0,1]]",4,0.11242296217865763
level2_receiver_side_info,449,"[[0,1,0,1,1,1,0,1],[0,1,0,0],[1,1,0,1]]",8,0.1585495660446091
level2_receiver_side_info,449,"[[0,1,0,1,1,1,0,1],[0,1,0,0],[1,1,0,1]]",16,0.1970262602525635
level2_receiver_side_info,449,"[[0,1,0,1,1,1,0,1],[0,1,0,0],[1,1,0,1]]",32,0.2196961455373196
level2_receiver_side_info,450,"[[0,1,0,1,1,1,0,1],[0,0,1,1],[0,0,1,0]]",0,0.06385320297074878
level2_receiver_side_info,450,"[[0,1,0,1,1,1,0,1],[0,0,1,1],[0,0,1,0]]",1,0.07704682264253407
level2_receiver_side_info,450,"[[0,1,0,1,1,1,0,1],[0,0,1,1],[0,0,1,0]]",2,0.08780218399432074
level2_receiver_side_info,450,"[[0,1,0,1,1,1,0,1],[0,0,1,1],[0,0,1,0]]",4,0.10415228924648534
level2_receiver_side_info,450,"[[0,1,0,1,1,1,0,1],[0,0,1,1],[0,0,1,0]]",8,0.12453241233105775
level2_receiver_side_info,450,"[[0,1,0,1,1,1,0,1],[0,0,1,1],[0,0,1,0]]",16,0.14385004263287587
level2_receiver_side_info,450,"[[0,1,0,1,1,1,0,1],[0,0,1,1],[0,0,1,0]]",32,0.15747949742783532
level2_receiver_side_info,451,"[[0,1,0,1,1,1,0,1],[0,0,0,1],[1,1,0,1]]",0,0.007042719241674045
level2_receiver_side_info,451,"[[0,1,0,1,1,1,0,1],[0,0,0,1],[1,1,0,1]]",1,0.043652143186217685
level2_receiver_side_info,451,"[[0,1,0,1,1,1,0,1],[0,0,0,1],[1,1,0,1]]",2,0.07195128098324627
level2_receiver_side_info,451,"[[0,1,0,1,1,1,0,1],[0,0,0,1],[1,1,0,1]]",4,0.11242296217865763
level2_receiver_side_info,451,"[[0,1,0,1,1,1,0,1],[0,0,0,1],[1,1,0,1]]",8,0.1585495660446091
level2_receiver_side_info,451,"[[0,1,0,1,1,1,0,1],[0,0,0,1],[1,1,0,1]]",16,0.19702626025256345
level2_receiver_side_info,451,"[[0,1,0,1,1,1,0,1],[0,0,0,1],[1,1,0,1]]",32,0.2196961455373196
level2_receiver_side_info,452,"[[0,1,0,1,1,1,1,1],[0,1,0,1],[0,0,0,1]]",0,0.0
level2_receiver_side_info,452,"[[0,1,0,1,1,1,1,1],[0,1,0,1],[0,0,0,1]]",1,0.01621124580150446
level2_receiver_side_info,452,"[[0,1,0,1,1,1,1,1],[0,1,0,1],[0,0,0,1]]",2,0.028533198169706342
level2_receiver_side_info,452,"[[0,1,0,1,1,1,1,1],[0,1,0,1],[0,0,0,1]]",4,0.0456971587074495
level2_receiver_side_info,452,"[[0,1,0,1,1,1,1,1],[0,1,0,1],[0,0,0,1]]",8,0.0647237743260059
level2_receiver_side_info,452,"[[0,1,0,1,1,1,1,1],[0,1,0,1],[0,0,0,1]]",16,0.08128352549864837
level2_receiver_side_info,452,"[[0,1,0,1,1,1,1,1],[0,1,0,1],[0,0,0,1]]",32,0.09305028484361938
level2_receiver_side_info,453,"[[0,1,0,1,1,1,1,1],[0,1,0,1],[0,0,1,0]]",0,0.0
level2_receiver_side_info,453,"[[0,1,0,1,1,1,1,1],[0,1,0,1],[0,0,1,0]]",1,0.01621124580150446
level2_receiver_side_info,453,"[[0,1,0,1,1,1,1,1],[0,1,0,1],[0,0,1,0]]",2,0.028533198169706397
level2_receiver_side_info,453,"[[0,1,0,1,1,1,1,1],[0,1,0,1],[0,0,1,0]]",4,0.04569715870744956
level2_receiver_side_info,453,"[[0,1,0,1,1,1,1,1],[0,1,0,1],[0,0,1,0]]",8,0.0647237743260059
level2_receiver_side_info,453,"[[0,1,0,1,1,1,1,1],[0,1,0,1],[0,0,1,0]]",16,0.08128352549864842
level2_receiver_side_info,453,"[[0,1,0,1,1,1,1,1],[0,1,0,1],[0,0,1,0]]",32,0.09305028484361938
level2_receiver_side_info,454,"[[0,1,0,1,1,1,1,1],[0,1,0,1],[0,0,1,1]]",0,0.0
level2_receiver_side_info,454,"[[0,1,0,1,1,1,1,1],[0,1,0,1],[0,0,1,1]]",1,0.05860388034055081
level2_receiver_side_info,454,"[[0,1,0,1,1,1,1,1],[0,1,0,1],[0,0,1,1]]",2,0.10360963497554826
level2_receiver_side_info,454,"[[0,1,0,1,1,1,1,1],[0,1,0,1],[0,0,1,1]]",4,0.16586347534839643
level2_receiver_side_info,454,"[[0,1,0,1,1,1,1,1],[0,1,0,1],[0,0,1,1]]",8,0.23177388954021425
level2_receiver_side_info,454,"[[0,1,0,1,1,1,1,1],[0,1,0,1],[0,0,1,1]]",16,0.2829520729874759
level2_receiver_side_info,454,"[[0,1,0,1,1,1,1,1],[0,1,0,1],[0,0,1,1]]",32,0.3139496737296405
level2_receiver_side_info,455,"[[0,1,0,1,1,1,1,1],[0,1,0,1],[0,1,0,0]]",0,0.0
level2_receiver_side_info,455,"[[0,1,0,1,1,1,1,1],[0,1,0,1],[0,1,0,0]]",1,0.01621124580150446
level2_receiver_side_info,455,"[[0,1,0,1,1,1,1,1],[0,1,0,1],[0,1,0,0]]",2,0.028533198169706342
level2_receiver_side_info,455,"[[0,1,0,1,1,1,1,1],[0,1,0,1],[0,1,0,0]]",4,0.045697158707449614
level2_receiver_side_info,455,"[[0,1,0,1,1,1,1,1],[0,1,0,1],[0,1,0,0]]",8,0.0647237743260059
level2_receiver_side_info,455,"[[0,1,0,1,1,1,1,1],[0,1,0,1],[0,1,0,0]]",16,0.08128352549864842
level2_receiver_side_info,455,"[[0,1,0,1,1,1,1,1],[0,1,0,1],[0,1,0,0]]",32,0.09305028484361932
level2_receiver_side_info,456,"[[0,1,0,1,1,1,1,1],[0,1,0,1],[0,1,1,1]]",0,0.0
level2_receiver_side_info,456,"[[0,1,0,1,1,1,1,1],[0,1,0,1],[0,1,1,1]]",1,0.01621124580150446
level2_receiver_side_info,456,"[[0,1,0,1,1,1,1,1],[0,1,0,1],[0,1,1,1]]",2,0.028533198169706342
level2_receiver_side_info,456,"[[0,1,0,1,1,1,1,1],[0,1,0,1],[0,1,1,1]]",4,0.045697158707449614
level2_receiver_side_info,456,"[[0,1,0,1,1,1,1,1],[0,1,0,1],[0,1,1,1]]",8,0.0647237743260059
level2_receiver_side_info,456,"[[0,1,0,1,1,1,1,1],[0,1,0,1],[0,1,1,1]]",16,0.08128352549864842
level2_receiver_side_info,456,"[[0,1,0,1,1,1,1,1],[0,1,0,1],[0,1,1,1]]",32,0.09305028484361938
level2_receiver_side_info,457,"[[0,1,0,1,1,1,1,1],[0,1,1,0],[0,0,0,1]]",0,0.0
level2_receiver_side_info,457,"[[0,1,0,1,1,1,1,1],[0,1,1,0],[0,0,0,1]]",1,0.01621124580150446
level2_receiver_side_info,457,"[[0,1,0,1,1,1,1,1],[0,1,1,0],[0,0,0,1]]",2,0.028533198169706342
level2_receiver_side_info,457,"[[0,1,0,1,1,1,1,1],[0,1,1,0],[0,0,0,1]]",4,0.0456971587074495
level2_receiver_side_info,457,"[[0,1,0,1,1,1,1,1],[0,1,1,0],[0,0,0,1]]",8,0.0647237743260059
level2_receiver_side_info,457,"[[0,1,0,1,1,1,1,1],[0,1,1,0],[0,0,0,1]]",16,0.08128352549864837
level2_receiver_side_info,457,"[[0,1,0,1,1,1,1,1],[0,1,1,0],[0,0,0,1]]",32,0.09305028484361938
level2_receiver_side_info,458,"[[0,1,0,1,1,1,1,1],[0,1,1,0],[0,0,1,0]]",0,0.0
level2_receiver_side_info,458,"[[0,1,0,1,1,1,1,1],[0,1,1,0],[0,0,1,0]]",1,0.01621124580150446
level2_receiver_side_info,458,"[[0,1,0,1,1,1,1,1],[0,1,1,0],[0,0,1,0]]",2,0.028533198169706397
level2_receiver_side_info,458,"[[0,1,0,1,1,1,1,1],[0,1,1,0],[0,0,1,0]]",4,0.04569715870744956
level2_receiver_side_info,458,"[[0,1,0,1,1,1,1,1],[0,1,1,0],[0,0,1,0]]",8,0.0647237743260059
level2_receiver_side_info,458,"[[0,1,0,1,1,1,1,1],[0,1,1,0],[0,0,1,0]]",16,0.08128352549864842
level2_receiver_side_info,458,"[[0,1,0,1,1,1,1,1],[0,1,1,0],[0,0,1,0]]",32,0.09305028484361938
level2_receiver_side_info,459,"[[0,1,0,1,1,1,1,1],[0,1,1,0],[0,0,1,1]]",0,0.0
level2_receiver_side_info,459,"[[0,1,0,1,1,1,1,1],[0,1,1,0],[0,0,1,1]]",1,0.05860388034055081
level2_receiver_side_info,459,"[[0,1,0,1,1,1,1,1],[0,1,1,0],[0,0,1,1]]",2,0.10360963497554826
level2_receiver_side_info,459,"[[0,1,0,1,1,1,1,1],[0,1,1,0],[0,0,1,1]]",4,0.16586347534839643
level2_receiver_side_info,459,"[[0,1,0,1,1,1,1,1],[0,1,1,0],[0,0,1,1]]",8,0.23177388954021425
level2_receiver_side_info,459,"[[0,1,0,1,1,1,1,1],[0,1,1,0],[0,0,1,1]]",16,0.2829520729874759
level2_receiver_side_info,459,"[[0,1,0,1,1,1,1,1],[0,1,1,0],[0,0,1,1]]",32,0.3139496737296405
level2_receiver_side_info,460,"[[0,1,0,1,1,1,1,1],[0,1,1,0],[0,1,0,0]]",0,0.0
level2_receiver_side_info,460,"[[0,1,0,1,1,1,1,1],[0,1,1,0],[0,1,0,0]]",1,0.01621124580150446
level2_receiver_side_info,460,"[[0,1,0,1,1,1,1,1],[0,1,1,0],[0,1,0,0]]",2,0.028533198169706342
level2_receiver_side_info,460,"[[0,1,0,1,1,1,1,1],[0,1,1,0],[0,1,0,0]]",4,0.045697158707449614
level2_receiver_side_info,460,"[[0,1,0,1,1,1,1,1],[0,1,1,0],[0,1,0,0]]",8,0.0647237743260059
level2_receiver_side_info,460,"[[0,1,0,1,1,1,1,1],[0,1,1,0],[0,1,0,0]]",16,0.08128352549864842
level2_receiver_side_info,460,"[[0,1,0,1,1,1,1,1],[0,1,1,0],[0,1,0,0]]",32,0.09305028484361932
level2_receiver_side_info,461,"[[0,1,0,1,1,1,1,1],[0,1,1,0],[0,1,1,1]]",0,0.0
level2_receiver_side_info,461,"[[0,1,0,1,1,1,1,1],[0,1,1,0],[0,1,1,1]]",1,0.01621124580150446
level2_receiver_side_info,461,"[[0,1,0,1,1,1,1,1],[0,1,1,0],[0,1,1,1]]",2,0.028533198169706342
level2_receiver_side_info,461,"[[0,1,0,1,1,1,1,1],[0,1,1,0],[0,1,1,1]]",4,0.045697158707449614
level2_receiver_side_info,461,"[[0,1,0,1,1,1,1,1],[0,1,1,0],[0,1,1,1]]",8,0.0647237743260059
level2_receiver_side_info,461,"[[0,1,0,1,1,1,1,1],[0,1,1,0],[0,1,1,1]]",16,0.08128352549864842
level2_receiver_side_info,461,"[[0,1,0,1,1,1,1,1],[0,1,1,0],[0,1,1,1]]",32,0.09305028484361938
level2_receiver_side_info,462,"[[0,1,0,1,1,1,1,1],[0,1,1,0],[1,1,1,0]]",0,0.0
level2_receiver_side_info,462,"[[0,1,0,1,1,1,1,1],[0,1,1,0],[1,1,1,0]]",1,0.01621124580150446
level2_receiver_side_info,462,"[[0,1,0,1,1,1,1,1],[0,1,1,0],[1,1,1,0]]",2,0.028533198169706342
level2_receiver_side_info,462,"[[0,1,0,1,1,1,1,1],[0,1,1,0],[1,1,1,0]]",4,0.0456971587074495
level2_receiver_side_info,462,"[[0,1,0,1,1,1,1,1],[0,1,1,0],[1,1,1,0]]",8,0.0647237743260059
level2_receiver_side_info,462,"[[0,1,0,1,1,1,1,1],[0,1,1,0],[1,1,1,0]]",16,0.08128352549864837
level2_receiver_side_info,462,"[[0,1,0,1,1,1,1,1],[0,1,1,0],[1,1,1,0]]",32,0.09305028484361938
level2_receiver_side_info,463,"[[0,1,0,1,1,1,1,1],[0,1,1,0],[1,1,0,1]]",0,0.0
level2_receiver_side_info,463,"[[0,1,0,1,1,1,1,1],[0,1,1,0],[1,1,0,1]]",1,0.01621124580150446
level2_receiver_side_info,463,"[[0,1,0,1,1,1,1,1],[0,1,1,0],[1,1,0,1]]",2,0.028533198169706397
level2_receiver_side_info,463,"[[0,1,0,1,1,1,1,1],[0,1,1,0],[1,1,0,1]]",4,0.04569715870744956
level2_receiver_side_info,463,"[[0,1,0,1,1,1,1,1],[0,1,1,0],[1,1,0,1]]",8,0.0647237743260059
level2_receiver_side_info,463,"[[0,1,0,1,1,1,1,1],[0,1,1,0],[1,1,0,1]]",16,0.08128352549864842
level2_receiver_side_info,463,"[[0,1,0,1,1,1,1,1],[0,1,1,0],[1,1,0,1]]",32,0.09305028484361938
level2_receiver_side_info,464,"[[0,1,0,1,1,1,1,1],[0,1,1,0],[1,1,0,0]]",0,0.0
level2_receiver_side_info,464,"[[0,1,0,1,1,1,1,1],[0,1,1,0],[1,1,0,0]]",1,0.05860388034055081
level2_receiver_side_info,464,"[[0,1,0,1,1,1,1,1],[0,1,1,0],[1,1,0,0]]",2,0.10360963497554826
level2_receiver_side_info,464,"[[0,1,0,1,1,1,1,1],[0,1,1,0],[1,1,0,0]]",4,0.16586347534839643
level2_receiver_side_info,464,"[[0,1,0,1,1,1,1,1],[0,1,1,0],[1,1,0,0]]",8,0.23177388954021425
level2_receiver_side_info,464,"[[0,1,0,1,1,1,1,1],[0,1,1,0],[1,1,0,0]]",16,0.2829520729874759
level2_receiver_side_info,464,"[[0,1,0,1,1,1,1,1],[0,1,1,0],[1,1,0,0]]",32,0.3139496737296405
level2_receiver_side_info,465,"[[0,1,0,1,1,1,1,1],[0,1,1,0],[1,0,1,1]]",0,0.0
level2_receiver_side_info,465,"[[0,1,0,1,1,1,1,1],[0,1,1,0],[1,0,1,1]]",1,0.01621124580150446
level2_receiver_side_info,465,"[[0,1,0,1,1,1,1,1],[0,1,1,0],[1,0,1,1]]",2,0.028533198169706342
level2_receiver_side_info,465,"[[0,1,0,1,1,1,1,1],[0,1,1,0],[1,0,1,1]]",4,0.045697158707449614
level2_receiver_side_info,465,"[[0,1,0,1,1,1,1,1],[0,1,1,0],[1,0,1,1]]",8,0.0647237743260059
level2_receiver_side_info,465,"[[0,1,0,1,1,1,1,1],[0,1,1,0],[1,0,1,1]]",16,0.08128352549864842
level2_receiver_side_info,465,"[[0,1,0,1,1,1,1,1],[0,1,1,0],[1,0,1,1]]",32,0.09305028484361932
level2_receiver_side_info,466,"[[0,1,0,1,1,1,1,1],[0,1,1,0],[1,0,0,0]]",0,0.0
level2_receiver_side_info,466,"[[0,1,0,1,1,1,1,1],[0,1,1,0],[1,0,0,0]]",1,0.01621124580150446
level2_receiver_side_info,466,"[[0,1,0,1,1,1,1,1],[0,1,1,0],[1,0,0,0]]",2,0.028533198169706342
level2_receiver_side_info,466,"[[0,1,0,1,1,1,1,1],[0,1,1,0],[1,0,0,0]]",4,0.045697158707449614
level2_receiver_side_info,466,"[[0,1,0,1,1,1,1,1],[0,1,1,0],[1,0,0,0]]",8,0.0647237743260059
level2_receiver_side_info,466,"[[0,1,0,1,1,1,1,1],[0,1,1,0],[1,0,0,0]]",16,0.08128352549864842
level2_receiver_side_info,466,"[[0,1,0,1,1,1,1,1],[0,1,1,0],[1,0,0,0]]",32,0.09305028484361938
level2_receiver_side_info,467,"[[0,1,0,1,1,1,1,1],[0,1,0,1],[1,1,1,0]]",0,0.0
level2_receiver_side_info,467,"[[0,1,0,1,1,1,1,1],[0,1,0,1],[1,1,1,0]]",1,0.01621124580150446
level2_receiver_side_info,467,"[[0,1,0,1,1,1,1,1],[0,1,0,1],[1,1,1,0]]",2,0.028533198169706342
level2_receiver_side_info,467,"[[0,1,0,1,1,1,1,1],[0,1,0,1],[1,1,1,0]]",4,0.0456971587074495
level2_receiver_side_info,467,"[[0,1,0,1,1,1,1,1],[0,1,0,1],[1,1,1,0]]",8,0.0647237743260059
level2_receiver_side_info,467,"[[0,1,0,1,1,1,1,1],[0,1,0,1],[1,1,1,0]]",16,0.08128352549864837
level2_receiver_side_info,467,"[[0,1,0,1,1,1,1,1],[0,1,0,1],[1,1,1,0]]",32,0.09305028484361938
level2_receiver_side_info,468,"[[0,1,0,1,1,1,1,1],[0,1,0,1],[1,1,0,1]]",0,0.0
level2_receiver_side_info,468,"[[0,1,0,1,1,1,1,1],[0,1,0,1],[1,1,0,1]]",1,0.01621124580150446
level2_receiver_side_info,468,"[[0,1,0,1,1,1,1,1],[0,1,0,1],[1,1,0,1]]",2,0.028533198169706397
level2_receiver_side_info,468,"[[0,1,0,1,1,1,1,1],[0,1,0,1],[1,1,0,1]]",4,0.04569715870744956
level2_receiver_side_info,468,"[[0,1,0,1,1,1,1,1],[0,1,0,1],[1,1,0,1]]",8,0.0647237743260059
level2_receiver_side_info,468,"[[0,1,0,1,1,1,1,1],[0,1,0,1],[1,1,0,1]]",16,0.08128352549864842
level2_receiver_side_info,468,"[[0,1,0,1,1,1,1,1],[0,1,0,1],[1,1,0,1]]",32,0.09305028484361938
level2_receiver_side_info,469,"[[0,1,0,1,1,1,1,1],[0,1,0,1],[1,1,0,0]]",0,0.0
level2_receiver_side_info,469,"[[0,1,0,1,1,1,1,1],[0,1,0,1],[1,1,0,0]]",1,0.05860388034055081
level2_receiver_side_info,469,"[[0,1,0,1,1,1,1,1],[0,1,0,1],[1,1,0,0]]",2,0.10360963497554826
level2_receiver_side_info,469,"[[0,1,0,1,1,1,1,1],[0,1,0,1],[1,1,0,0]]",4,0.16586347534839643
level2_receiver_side_info,469,"[[0,1,0,1,1,1,1,1],[0,1,0,1],[1,1,0,0]]",8,0.23177388954021425
level2_receiver_side_info,469,"[[0,1,0,1,1,1,1,1],[0,1,0,1],[1,1,0,0]]",16,0.2829520729874759
level2_receiver_side_info,469,"[[0,1,0,1,1,1,1,1],[0,1,0,1],[1,1,0,0]]",32,0.3139496737296405
level2_receiver_side_info,470,"[[0,1,0,1,1,1,1,1],[0,1,0,1],[1,0,1,1]]",0,0.0
level2_receiver_side_info,470,"[[0,1,0,1,1,1,1,1],[0,1,0,1],[1,0,1,1]]",1,0.01621124580150446
level2_receiver_side_info,470,"[[0,1,0,1,1,1,1,1],[0,1,0,1],[1,0,1,1]]",2,0.028533198169706342
level2_receiver_side_info,470,"[[0,1,0,1,1,1,1,1],[0,1,0,1],[1,0,1,1]]",4,0.045697158707449614
level2_receiver_side_info,470,"[[0,1,0,1,1,1,1,1],[0,1,0,1],[1,0,1,1]]",8,0.0647237743260059
level2_receiver_side_info,470,"[[0,1,0,1,1,1,1,1],[0,1,0,1],[1,0,1,1]]",16,0.08128352549864842
level2_receiver_side_info,470,"[[0,1,0,1,1,1,1,1],[0,1,0,1],[1,0,1,1]]",32,0.09305028484361932
level2_receiver_side_info,471,"[[0,1,0,1,1,1,1,1],[0,1,0,1],[1,0,0,0]]",0,0.0
level2_receiver_side_info,471,"[[0,1,0,1,1,1,1,1],[0,1,0,1],[1,0,0,0]]",1,0.01621124580150446
level2_receiver_side_info,471,"[[0,1,0,1,1,1,1,1],[0,1,0,1],[1,0,0,0]]",2,0.028533198169706342
level2_receiver_side_info,471,"[[0,1,0,1,1,1,1,1],[0,1,0,1],[1,0,0,0]]",4,0.045697158707449614
level2_receiver_side_info,471,"[[0,1,0,1,1,1,1,1],[0,1,0,1],[1,0,0,0]]",8,0.0647237743260059
level2_receiver_side_info,471,"[[0,1,0,1,1,1,1,1],[0,1,0,1],[1,0,0,0]]",16,0.08128352549864842
level2_receiver_side_info,471,"[[0,1,0,1,1,1,1,1],[0,1,0,1],[1,0,0,0]]",32,0.09305028484361938
level2_receiver_side_info,472,"[[0,1,1,0,0,1,0,1],[0,0,0,1],[1,0,1,1]]",0,0.09116077839697717
level2_receiver_side_info,472,"[[0,1,1,0,0,1,0,1],[0,0,0,1],[1,0,1,1]]",1,0.14290658343056556
level2_receiver_side_info,472,"[[0,1,1,0,0,1,0,1],[0,0,0,1],[1,0,1,1]]",2,0.1844981032973394
level2_receiver_side_info,472,"[[0,1,1,0,0,1,0,1],[0,0,0,1],[1,0,1,1]]",4,0.246861694803569
level2_receiver_side_info,472,"[[0,1,1,0,0,1,0,1],[0,0,0,1],[1,0,1,1]]",8,0.3229802905687297
level2_receiver_side_info,472,"[[0,1,1,0,0,1,0,1],[0,0,0,1],[1,0,1,1]]",16,0.39196225193885564
level2_receiver_side_info,472,"[[0,1,1,0,0,1,0,1],[0,0,0,1],[1,0,1,1]]",32,0.43644344248314637
level2_receiver_side_info,473,"[[0,1,1,0,0,1,0,1],[0,0,1,0],[1,0,1,1]]",0,0.09116077839697717
level2_receiver_side_info,473,"[[0,1,1,0,0,1,0,1],[0,0,1,0],[1,0,1,1]]",1,0.14290658343056556
level2_receiver_side_info,473,"[[0,1,1,0,0,1,0,1],[0,0,1,0],[1,0,1,1]]",2,0.1844981032973394
level2_receiver_side_info,473,"[[0,1,1,0,0,1,0,1],[0,0,1,0],[1,0,1,1]]",4,0.246861694803569
level2_receiver_side_info,473,"[[0,1,1,0,0,1,0,1],[0,0,1,0],[1,0,1,1]]",8,0.32298029056872957
level2_receiver_side_info,473,"[[0,1,1,0,0,1,0,1],[0,0,1,0],[1,0,1,1]]",16,0.39196225193885564
level2_receiver_side_info,473,"[[0,1,1,0,0,1,0,1],[0,0,1,0],[1,0,1,1]]",32,0.43644344248314637
level2_receiver_side_info,474,"[[0,1,1,0,0,1,0,1],[0,1,1,1],[0,1,0,0]]",0,0.09116077839697717
level2_receiver_side_info,474,"[[0,1,1,0,0,1,0,1],[0,1,1,1],[0,1,0,0]]",1,0.14290658343056545
level2_receiver_side_info,474,"[[0,1,1,0,0,1,0,1],[0,1,1,1],[0,1,0,0]]",2,0.1844981032973394
level2_receiver_side_info,474,"[[0,1,1,0,0,1,0,1],[0,1,1,1],[0,1,0,0]]",4,0.2468616948035689
level2_receiver_side_info,474,"[[0,1,1,0,0,1,0,1],[0,1,1,1],[0,1,0,0]]",8,0.3229802905687297
level2_receiver_side_info,474,"[[0,1,1,0,0,1,0,1],[0,1,1,1],[0,1,0,0]]",16,0.39196225193885564
level2_receiver_side_info,474,"[[0,1,1,0,0,1,0,1],[0,1,1,1],[0,1,0,0]]",32,0.43644344248314637
level2_receiver_side_info,475,"[[0,1,1,0,0,1,0,1],[0,1,1,1],[0,1,0,0]]",0,0.09116077839697717
level2_receiver_side_info,475,"[[0,1,1,0,0,1,0,1],[0,1,1,1],[0,1,0,0]]",1,0.14290658343056545
level2_receiver_side_info,475,"[[0,1,1,0,0,1,0,1],[0,1,1,1],[0,1,0,0]]",2,0.1844981032973394
level2_receiver_side_info,475,"[[0,1,1,0,0,1,0,1],[0,1,1,1],[0,1,0,0]]",4,0.2468616948035689
level2_receiver_side_info,475,"[[0,1,1,0,0,1,0,1],[0,1,1,1],[0,1,0,0]]",8,0.3229802905687297
level2_receiver_side_info,475,"[[0,1,1,0,0,1,0,1],[0,1,1,1],[0,1,0,0]]",16,0.39196225193885564
level2_receiver_side_info,475,"[[0,1,1,0,0,1,0,1],[0,1,1,1],[0,1,0,0]]",32,0.43644344248314637
level2_receiver_side_info,476,"[[0,1,1,0,0,1,0,1],[0,0,1,0],[1,0,1,1]]",0,0.09116077839697717
level2_receiver_side_info,476,"[[0,1,1,0,0,1,0,1],[0,0,1,0],[1,0,1,1]]",1,0.14290658343056556
level2_receiver_side_info,476,"[[0,1,1,0,0,1,0,1],[0,0,1,0],[1,0,1,1]]",2,0.1844981032973394
level2_receiver_side_info,476,"[[0,1,1,0,0,1,0,1],[0,0,1,0],[1,0,1,1]]",4,0.246861694803569
level2_receiver_side_info,476,"[[0,1,1,0,0,1,0,1],[0,0,1,0],[1,0,1,1]]",8,0.32298029056872957
level2_receiver_side_info,476,"[[0,1,1,0,0,1,0,1],[0,0,1,0],[1,0,1,1]]",16,0.39196225193885564
level2_receiver_side_info,476,"[[0,1,1,0,0,1,0,1],[0,0,1,0],[1,0,1,1]]",32,0.43644344248314637
level2_receiver_side_info,477,"[[0,1,1,0,0,1,0,1],[0,0,0,1],[1,0,1,1]]",0,0.09116077839697717
level2_receiver_side_info,477,"[[0,1,1,0,0,1,0,1],[0,0,0,1],[1,0,1,1]]",1,0.14290658343056556
level2_receiver_side_info,477,"[[0,1,1,0,0,1,0,1],[0,0,0,1],[1,0,1,1]]",2,0.1844981032973394
level2_receiver_side_info,477,"[[0,1,1,0,0,1,0,1],[0,0,0,1],[1,0,1,1]]",4,0.246861694803569
level2_receiver_side_info,477,"[[0,1,1,0,0,1,0,1],[0,0,0,1],[1,0,1,1]]",8,0.3229802905687297
level2_receiver_side_info,477,"[[0,1,1,0,0,1,0,1],[0,0,0,1],[1,0,1,1]]",16,0.39196225193885564
level2_receiver_side_info,477,"[[0,1,1,0,0,1,0,1],[0,0,0,1],[1,0,1,1]]",32,0.43644344248314637
level2_receiver_side_info,478,"[[0,1,1,0,0,1,1,0],[0,0,1,1],[0,0,0,1]]",0,0.0
level2_receiver_side_info,478,"[[0,1,1,0,0,1,1,0],[0,0,1,1],[0,0,0,1]]",1,0.029298145242776408
level2_receiver_side_info,478,"[[0,1,1,0,0,1,1,0],[0,0,1,1],[0,0,0,1]]",2,0.05196690317726649
level2_receiver_side_info,478,"[[0,1,1,0,0,1,1,0],[0,0,1,1],[0,0,0,1]]",4,0.08435950345211596
level2_receiver_side_info,478,"[[0,1,1,0,0,1,1,0],[0,0,1,1],[0,0,0,1]]",8,0.12198650516110154
level2_receiver_side_info,478,"[[0,1,1,0,0,1,1,0],[0,0,1,1],[0,0,0,1]]",16,0.1569947083971185
level2_receiver_side_info,478,"[[0,1,1,0,0,1,1,0],[0,0,1,1],[0,0,0,1]]",32,0.1832648102910467
level2_receiver_side_info,479,"[[0,1,1,0,0,1,1,0],[0,0,1,1],[0,0,1,0]]",0,0.0
level2_receiver_side_info,479,"[[0,1,1,0,0,1,1,0],[0,0,1,1],[0,0,1,0]]",1,0.029298145242776408
level2_receiver_side_info,479,"[[0,1,1,0,0,1,1,0],[0,0,1,1],[0,0,1,0]]",2,0.05196690317726649
level2_receiver_side_info,479,"[[0,1,1,0,0,1,1,0],[0,0,1,1],[0,0,1,0]]",4,0.08435950345211607
level2_receiver_side_info,479,"[[0,1,1,0,0,1,1,0],[0,0,1,1],[0,0,1,0]]",8,0.12198650516110165
level2_receiver_side_info,479,"[[0,1,1,0,0,1,1,0],[0,0,1,1],[0,0,1,0]]",16,0.15699470839711838
level2_receiver_side_info,479,"[[0,1,1,0,0,1,1,0],[0,0,1,1],[0,0,1,0]]",32,0.1832648102910467
level2_receiver_side_info,480,"[[0,1,1,0,0,1,1,0],[0,0,1,1],[0,1,0,0]]",0,0.0
level2_receiver_side_info,480,"[[0,1,1,0,0,1,1,0],[0,0,1,1],[0,1,0,0]]",1,0.029298145242776297
level2_receiver_side_info,480,"[[0,1,1,0,0,1,1,0],[0,0,1,1],[0,1,0,0]]",2,0.05196690317726638
level2_receiver_side_info,480,"[[0,1,1,0,0,1,1,0],[0,0,1,1],[0,1,0,0]]",4,0.08435950345211607
level2_receiver_side_info,480,"[[0,1,1,0,0,1,1,0],[0,0,1,1],[0,1,0,0]]",8,0.12198650516110165
level2_receiver_side_info,480,"[[0,1,1,0,0,1,1,0],[0,0,1,1],[0,1,0,0]]",16,0.1569947083971185
level2_receiver_side_info,480,"[[0,1,1,0,0,1,1,0],[0,0,1,1],[0,1,0,0]]",32,0.18326481029104658
level2_receiver_side_info,481,"[[0,1,1,0,0,1,1,0],[0,0,1,1],[0,1,0,1]]",0,0.0
level2_receiver_side_info,481,"[[0,1,1,0,0,1,1,0],[0,0,1,1],[0,1,0,1]]",1,0.11720776068110161
level2_receiver_side_info,481,"[[0,1,1,0,0,1,1,0],[0,0,1,1],[0,1,0,1]]",2,0.2072192699510964
level2_receiver_side_info,481,"[[0,1,1,0,0,1,1,0],[0,0,1,1],[0,1,0,1]]",4,0.3317269506967929
level2_receiver_side_info,481,"[[0,1,1,0,0,1,1,0],[0,0,1,1],[0,1,0,1]]",8,0.46354777908042843
level2_receiver_side_info,481,"[[0,1,1,0,0,1,1,0],[0,0,1,1],[0,1,0,1]]",16,0.5659041459749518
level2_receiver_side_info,481,"[[0,1,1,0,0,1,1,0],[0,0,1,1],[0,1,0,1]]",32,0.627899347459281
level2_receiver_side_info,482,"[[0,1,1,0,0,1,1,0],[0,0,1,1],[0,1,1,1]]",0,0.0
level2_receiver_side_info,482,"[[0,1,1,0,0,1,1,0],[0,0,1,1],[0,1,1,1]]",1,0.029298145242776408
level2_receiver_side_info,482,"[[0,1,1,0,0,1,1,0],[0,0,1,1],[0,1,1,1]]",2,0.05196690317726649
level2_receiver_side_info,482,"[[0,1,1,0,0,1,1,0],[0,0,1,1],[0,1,1,1]]",4,0.08435950345211607
level2_receiver_side_info,482,"[[0,1,1,0,0,1,1,0],[0,0,1,1],[0,1,1,1]]",8,0.12198650516110165
level2_receiver_side_info,482,"[[0,1,1,0,0,1,1,0],[0,0,1,1],[0,1,1,1]]",16,0.1569947083971185
level2_receiver_side_info,482,"[[0,1,1,0,0,1,1,0],[0,0,1,1],[0,1,1,1]]",32,0.1832648102910467
level2_receiver_side_info,483,"[[0,1,1,0,0,1,1,0],[0,1,1,0],[0,0,0,1]]",0,0.0
level2_receiver_side_info,483,"[[0,1,1,0,0,1,1,0],[0,1,1,0],[0,0,0,1]]",1,0.029298145242776408
level2_receiver_side_info,483,"[[0,1,1,0,0,1,1,0],[0,1,1,0],[0,0,0,1]]",2,0.05196690317726649
level2_receiver_side_info,483,"[[0,1,1,0,0,1,1,0],[0,1,1,0],[0,0,0,1]]",4,0.08435950345211596
level2_receiver_side_info,483,"[[0,1,1,0,0,1,1,0],[0,1,1,0],[0,0,0,1]]",8,0.12198650516110154
level2_receiver_side_info,483,"[[0,1,1,0,0,1,1,0],[0,1,1,0],[0,0,0,1]]",16,0.1569947083971185
level2_receiver_side_info,483,"[[0,1,1,0,0,1,1,0],[0,1,1,0],[0,0,0,1]]",32,0.1832648102910467
level2_receiver_side_info,484,"[[0,1,1,0,0,1,1,0],[0,1,1,0],[0,0,1,0]]",0,0.0
level2_receiver_side_info,484,"[[0,1,1,0,0,1,1,0],[0,1,1,0],[0,0,1,0]]",1,0.029298145242776408
level2_receiver_side_info,484,"[[0,1,1,0,0,1,1,0],[0,1,1,0],[0,0,1,0]]",2,0.05196690317726649
level2_receiver_side_info,484,"[[0,1,1,0,0,1,1,0],[0,1,1,0],[0,0,1,0]]",4,0.08435950345211607
level2_receiver_side_info,484,"[[0,1,1,0,0,1,1,0],[0,1,1,0],[0,0,1,0]]",8,0.12198650516110165
level2_receiver_side_info,484,"[[0,1,1,0,0,1,1,0],[0,1,1,0],[0,0,1,0]]",16,0.15699470839711838
level2_receiver_side_info,484,"[[0,1,1,0,0,1,1,0],[0,1,1,0],[0,0,1,0]]",32,0.1832648102910467
level2_receiver_side_info,485,"[[0,1,1,0,0,1,1,0],[0,1,1,0],[0,1,0,0]]",0,0.0
level2_receiver_side_info,485,"[[0,1,1,0,0,1,1,0],[0,1,1,0],[0,1,0,0]]",1,0.029298145242776297
level2_receiver_side_info,485,"[[0,1,1,0,0,1,1,0],[0,1,1,0],[0,1,0,0]]",2,0.05196690317726638
level2_receiver_side_info,485,"[[0,1,1,0,0,1,1,0],[0,1,1,0],[0,1,0,0]]",4,0.08435950345211607
level2_receiver_side_info,485,"[[0,1,1,0,0,1,1,0],[0,1,1,0],[0,1,0,0]]",8,0.12198650516110165
level2_receiver_side_info,485,"[[0,1,1,0,0,1,1,0],[0,1,1,0],[0,1,0,0]]",16,0.1569947083971185
level2_receiver_side_info,485,"[[0,1,1,0,0,1,1,0],[0,1,1,0],[0,1,0,0]]",32,0.18326481029104658
level2_receiver_side_info,486,"[[0,1,1,0,0,1,1,0],[0,1,1,0],[0,1,0,1]]",0,0.0
level2_receiver_side_info,486,"[[0,1,1,0,0,1,1,0],[0,1,1,0],[0,1,0,1]]",1,0.11720776068110161
level2_receiver_side_info,486,"[[0,1,1,0,0,1,1,0],[0,1,1,0],[0,1,0,1]]",2,0.2072192699510964
level2_receiver_side_info,486,"[[0,1,1,0,0,1,1,0],[0,1,1,0],[0,1,0,1]]",4,0.3317269506967929
level2_receiver_side_info,486,"[[0,1,1,0,0,1,1,0],[0,1,1,0],[0,1,0,1]]",8,0.46354777908042843
level2_receiver_side_info,486,"[[0,1,1,0,0,1,1,0],[0,1,1,0],[0,1,0,1]]",16,0.5659041459749518
level2_receiver_side_info,486,"[[0,1,1,0,0,1,1,0],[0,1,1,0],[0,1,0,1]]",32,0.627899347459281
level2_receiver_side_info,487,"[[0,1,1,0,0,1,1,0],[0,1,1,0],[0,1,1,1]]",0,0.0
level2_receiver_side_info,487,"[[0,1,1,0,0,1,1,0],[0,1,1,0],[0,1,1,1]]",1,0.029298145242776408
level2_receiver_side_info,487,"[[0,1,1,0,0,1,1,0],[0,1,1,0],[0,1,1,1]]",2,0.05196690317726649
level2_receiver_side_info,487,"[[0,1,1,0,0,1,1,0],[0,1,1,0],[0,1,1,1]]",4,0.08435950345211607
level2_receiver_side_info,487,"[[0,1,1,0,0,1,1,0],[0,1,1,0],[0,1,1,1]]",8,0.12198650516110165
level2_receiver_side_info,487,"[[0,1,1,0,0,1,1,0],[0,1,1,0],[0,1,1,1]]",16,0.1569947083971185
level2_receiver_side_info,487,"[[0,1,1,0,0,1,1,0],[0,1,1,0],[0,1,1,1]]",32,0.1832648102910467
level2_receiver_side_info,488,"[[0,1,1,0,0,1,1,0],[0,1,1,0],[1,1,1,0]]",0,0.0
level2_receiver_side_info,488,"[[0,1,1,0,0,1,1,0],[0,1,1,0],[1,1,1,0]]",1,0.029298145242776408
level2_receiver_side_info,488,"[[0,1,1,0,0,1,1,0],[0,1,1,0],[1,1,1,0]]",2,0.05196690317726649
level2_receiver_side_info,488,"[[0,1,1,0,0,1,1,0],[0,1,1,0],[1,1,1,0]]",4,0.08435950345211596
level2_receiver_side_info,488,"[[0,1,1,0,0,1,1,0],[0,1,1,0],[1,1,1,0]]",8,0.12198650516110154
level2_receiver_side_info,488,"[[0,1,1,0,0,1,1,0],[0,1,1,0],[1,1,1,0]]",16,0.1569947083971185
level2_receiver_side_info,488,"[[0,1,1,0,0,1,1,0],[0,1,1,0],[1,1,1,0]]",32,0.1832648102910467
level2_receiver_side_info,489,"[[0,1,1,0,0,1,1,0],[0,1,1,0],[1,1,0,1]]",0,0.0
level2_receiver_side_info,489,"[[0,1,1,0,0,1,1,0],[0,1,1,0],[1,1,0,1]]",1,0.029298145242776408
level2_receiver_side_info,489,"[[0,1,1,0,0,1,1,0],[0,1,1,0],[1,1,0,1]]",2,0.05196690317726649
level2_receiver_side_info,489,"[[0,1,1,0,0,1,1,0],[0,1,1,0],[1,1,0,1]]",4,0.08435950345211607
level2_receiver_side_info,489,"[[0,1,1,0,0,1,1,0],[0,1,1,0],[1,1,0,1]]",8,0.12198650516110165
level2_receiver_side_info,489,"[[0,1,1,0,0,1,1,0],[0,1,1,0],[1,1,0,1]]",16,0.15699470839711838
level2_receiver_side_info,489,"[[0,1,1,0,0,1,1,0],[0,1,1,0],[1,1,0,1]]",32,0.1832648102910467
level2_receiver_side_info,490,"[[0,1,1,0,0,1,1,0],[0,1,1,0],[1,0,1,1]]",0,0.0
level2_receiver_side_info,490,"[[0,1,1,0,0,1,1,0],[0,1,1,0],[1,0,1,1]]",1,0.029298145242776297
level2_receiver_side_info,490,"[[0,1,1,0,0,1,1,0],[0,1,1,0],[1,0,1,1]]",2,0.05196690317726638
level2_receiver_side_info,490,"[[0,1,1,0,0,1,1,0],[0,1,1,0],[1,0,1,1]]",4,0.08435950345211607
level2_receiver_side_info,490,"[[0,1,1,0,0,1,1,0],[0,1,1,0],[1,0,1,1]]",8,0.12198650516110165
level2_receiver_side_info,490,"[[0,1,1,0,0,1,1,0],[0,1,1,0],[1,0,1,1]]",16,0.1569947083971185
level2_receiver_side_info,490,"[[0,1,1,0,0,1,1,0],[0,1,1,0],[1,0,1,1]]",32,0.18326481029104658
level2_receiver_side_info,491,"[[0,1,1,0,0,1,1,0],[0,1,1,0],[1,0,1,0]]",0,0.0
level2_receiver_side_info,491,"[[0,1,1,0,0,1,1,0],[0,1,1,0],[1,0,1,0]]",1,0.11720776068110161
level2_receiver_side_info,491,"[[0,1,1,0,0,1,1,0],[0,1,1,0],[1,0,1,0]]",2,0.2072192699510964
level2_receiver_side_info,491,"[[0,1,1,0,0,1,1,0],[0,1,1,0],[1,0,1,0]]",4,0.3317269506967929
level2_receiver_side_info,491,"[[0,1,1,0,0,1,1,0],[0,1,1,0],[1,0,1,0]]",8,0.46354777908042843
level2_receiver_side_info,491,"[[0,1,1,0,0,1,1,0],[0,1,1,0],[1,0,1,0]]",16,0.5659041459749518
level2_receiver_side_info,491,"[[0,1,1,0,0,1,1,0],[0,1,1,0],[1,0,1,0]]",32,0.627899347459281
level2_receiver_side_info,492,"[[0,1,1,0,0,1,1,0],[0,1,1,0],[1,0,0,0]]",0,0.0
level2_receiver_side_info,492,"[[0,1,1,0,0,1,1,0],[0,1,1,0],[1,0,0,0]]",1,0.029298145242776408
level2_receiver_side_info,492,"[[0,1,1,0,0,1,1,0],[0,1,1,0],[1,0,0,0]]",2,0.05196690317726649
level2_receiver_side_info,492,"[[0,1,1,0,0,1,1,0],[0,1,1,0],[1,0,0,0]]",4,0.08435950345211607
level2_receiver_side_info,492,"[[0,1,1,0,0,1,1,0],[0,1,1,0],[1,0,0,0]]",8,0.12198650516110165
level2_receiver_side_info,492,"[[0,1,1,0,0,1,1,0],[0,1,1,0],[1,0,0,0]]",16,0.1569947083971185
level2_receiver_side_info,492,"[[0,1,1,0,0,1,1,0],[0,1,1,0],[1,0,0,0]]",32,0.1832648102910467
level2_receiver_side_info,493,"[[0,1,1,0,0,1,1,0],[0,0,1,1],[1,1,1,0]]",0,0.0
level2_receiver_side_info,493,"[[0,1,1,0,0,1,1,0],[0,0,1,1],[1,1,1,0]]",1,0.029298145242776408
level2_receiver_side_info,493,"[[0,1,1,0,0,1,1,0],[0,0,1,1],[1,1,1,0]]",2,0.05196690317726649
level2_receiver_side_info,493,"[[0,1,1,0,0,1,1,0],[0,0,1,1],[1,1,1,0]]",4,0.08435950345211596
level2_receiver_side_info,493,"[[0,1,1,0,0,1,1,0],[0,0,1,1],[1,1,1,0]]",8,0.12198650516110154
level2_receiver_side_info,493,"[[0,1,1,0,0,1,1,0],[0,0,1,1],[1,1,1,0]]",16,0.1569947083971185
level2_receiver_side_info,493,"[[0,1,1,0,0,1,1,0],[0,0,1,1],[1,1,1,0]]",32,0.1832648102910467
level2_receiver_side_info,494,"[[0,1,1,0,0,1,1,0],[0,0,1,1],[1,1,0,1]]",0,0.0
level2_receiver_side_info,494,"[[0,1,1,0,0,1,1,0],[0,0,1,1],[1,1,0,1]]",1,0.029298145242776408
level2_receiver_side_info,494,"[[0,1,1,0,0,1,1,0],[0,0,1,1],[1,1,0,1]]",2,0.05196690317726649
level2_receiver_side_info,494,"[[0,1,1,0,0,1,1,0],[0,0,1,1],[1,1,0,1]]",4,0.08435950345211607
level2_receiver_side_info,494,"[[0,1,1,0,0,1,1,0],[0,0,1,1],[1,1,0,1]]",8,0.12198650516110165
level2_receiver_side_info,494,"[[0,1,1,0,0,1,1,0],[0,0,1,1],[1,1,0,1]]",16,0.15699470839711838
level2_receiver_side_info,494,"[[0,1,1,0,0,1,1,0],[0,0,1,1],[1,1,0,1]]",32,0.1832648102910467
level2_receiver_side_info,495,"[[0,1,1,0,0,1,1,0],[0,0,1,1],[1,0,1,1]]",0,0.0
level2_receiver_side_info,495,"[[0,1,1,0,0,1,1,0],[0,0,1,1],[1,0,1,1]]",1,0.029298145242776297
level2_receiver_side_info,495,"[[0,1,1,0,0,1,1,0],[0,0,1,1],[1,0,1,1]]",2,0.05196690317726638
level2_receiver_side_info,495,"[[0,1,1,0,0,1,1,0],[0,0,1,1],[1,0,1,1]]",4,0.08435950345211607
level2_receiver_side_info,495,"[[0,1,1,0,0,1,1,0],[0,0,1,1],[1,0,1,1]]",8,0.12198650516110165
level2_receiver_side_info,495,"[[0,1,1,0,0,1,1,0],[0,0,1,1],[1,0,1,1]]",16,0.1569947083971185
level2_receiver_side_info,495,"[[0,1,1,0,0,1,1,0],[0,0,1,1],[1,0,1,1]]",32,0.18326481029104658
level2_receiver_side_info,496,"[[0,1,1,0,0,1,1,0],[0,0,1,1],[1,0,1,0]]",0,0.0
level2_receiver_side_info,496,"[[0,1,1,0,0,1,1,0],[0,0,1,1],[1,0,1,0]]",1,0.11720776068110161
level2_receiver_side_info,496,"[[0,1,1,0,0,1,1,0],[0,0,1,1],[1,0,1,0]]",2,0.2072192699510964
level2_receiver_side_info,496,"[[0,1,1,0,0,1,1,0],[0,0,1,1],[1,0,1,0]]",4,0.3317269506967929
level2_receiver_side_info,496,"[[0,1,1,0,0,1,1,0],[0,0,1,1],[1,0,1,0]]",8,0.46354777908042843
level2_receiver_side_info,496,"[[0,1,1,0,0,1,1,0],[0,0,1,1],[1,0,1,0]]",16,0.5659041459749518
level2_receiver_side_info,496,"[[0,1,1,0,0,1,1,0],[0,0,1,1],[1,0,1,0]]",32,0.627899347459281
level2_receiver_side_info,497,"[[0,1,1,0,0,1,1,0],[0,0,1,1],[1,0,0,0]]",0,0.0
level2_receiver_side_info,497,"[[0,1,1,0,0,1,1,0],[0,0,1,1],[1,0,0,0]]",1,0.029298145242776408
level2_receiver_side_info,497,"[[0,1,1,0,0,1,1,0],[0,0,1,1],[1,0,0,0]]",2,0.05196690317726649
level2_receiver_side_info,497,"[[0,1,1,0,0,1,1,0],[0,0,1,1],[1,0,0,0]]",4,0.08435950345211607
level2_receiver_side_info,497,"[[0,1,1,0,0,1,1,0],[0,0,1,1],[1,0,0,0]]",8,0.12198650516110165
level2_receiver_side_info,497,"[[0,1,1,0,0,1,1,0],[0,0,1,1],[1,0,0,0]]",16,0.1569947083971185
level2_receiver_side_info,497,"[[0,1,1,0,0,1,1,0],[0,0,1,1],[1,0,0,0]]",32,0.1832648102910467
level2_receiver_side_info,498,"[[0,1,1,0,1,0,0,1],[0,0,1,1],[0,0,0,1]]",0,0.0
level2_receiver_side_info,498,"[[0,1,1,0,1,0,0,1],[0,0,1,1],[0,0,0,1]]",1,0.029298145242776408
level2_receiver_side_info,498,"[[0,1,1,0,1,0,0,1],[0,0,1,1],[0,0,0,1]]",2,0.05196690317726638
level2_receiver_side_info,498,"[[0,1,1,0,1,0,0,1],[0,0,1,1],[0,0,0,1]]",4,0.08435950345211607
level2_receiver_side_info,498,"[[0,1,1,0,1,0,0,1],[0,0,1,1],[0,0,0,1]]",8,0.12198650516110154
level2_receiver_side_info,498,"[[0,1,1,0,1,0,0,1],[0,0,1,1],[0,0,0,1]]",16,0.1569947083971185
level2_receiver_side_info,498,"[[0,1,1,0,1,0,0,1],[0,0,1,1],[0,0,0,1]]",32,0.1832648102910467
level2_receiver_side_info,499,"[[0,1,1,0,1,0,0,1],[0,0,1,1],[0,0,1,0]]",0,0.0
level2_receiver_side_info,499,"[[0,1,1,0,1,0,0,1],[0,0,1,1],[0,0,1,0]]",1,0.029298145242776408
level2_receiver_side_info,499,"[[0,1,1,0,1,0,0,1],[0,0,1,1],[0,0,1,0]]",2,0.0519669031772666
level2_receiver_side_info,499,"[[0,1,1,0,1,0,0,1],[0,0,1,1],[0,0,1,0]]",4,0.08435950345211607
level2_receiver_side_info,499,"[[0,1,1,0,1,0,0,1],[0,0,1,1],[0,0,1,0]]",8,0.12198650516110165
level2_receiver_side_info,499,"[[0,1,1,0,1,0,0,1],[0,0,1,1],[0,0,1,0]]",16,0.15699470839711838
level2_receiver_side_info,499,"[[0,1,1,0,1,0,0,1],[0,0,1,1],[0,0,1,0]]",32,0.1832648102910467
level2_receiver_side_info,500,"[[0,1,1,0,1,0,0,1],[0,0,1,1],[0,1,0,0]]",0,0.0
level2_receiver_side_info,500,"[[0,1,1,0,1,0,0,1],[0,0,1,1],[0,1,0,0]]",1,0.029298145242776408
level2_receiver_side_info,500,"[[0,1,1,0,1,0,0,1],[0,0,1,1],[0,1,0,0]]",2,0.05196690317726649
level2_receiver_side_info,500,"[[0,1,1,0,1,0,0,1],[0,0,1,1],[0,1,0,0]]",4,0.08435950345211607
level2_receiver_side_info,500,"[[0,1,1,0,1,0,0,1],[0,0,1,1],[0,1,0,0]]",8,0.12198650516110165
level2_receiver_side_info,500,"[[0,1,1,0,1,0,0,1],[0,0,1,1],[0,1,0,0]]",16,0.15699470839711838
level2_receiver_side_info,500,"[[0,1,1,0,1,0,0,1],[0,0,1,1],[0,1,0,0]]",32,0.1832648102910467
level2_receiver_side_info,501,"[[0,1,1,0,1,0,0,1],[0,0,1,1],[0,1,1,0]]",0,0.0
level2_receiver_side_info,501,"[[0,1,1,0,1,0,0,1],[0,0,1,1],[0,1,1,0]]",1,0.11720776068110161
level2_receiver_side_info,501,"[[0,1,1,0,1,0,0,1],[0,0,1,1],[0,1,1,0]]",2,0.2072192699510964
level2_receiver_side_info,501,"[[0,1,1,0,1,0,0,1],[0,0,1,1],[0,1,1,0]]",4,0.3317269506967929
level2_receiver_side_info,501,"[[0,1,1,0,1,0,0,1],[0,0,1,1],[0,1,1,0]]",8,0.46354777908042843
level2_receiver_side_info,501,"[[0,1,1,0,1,0,0,1],[0,0,1,1],[0,1,1,0]]",16,0.5659041459749518
level2_receiver_side_info,501,"[[0,1,1,0,1,0,0,1],[0,0,1,1],[0,1,1,0]]",32,0.627899347459281
level2_receiver_side_info,502,"[[0,1,1,0,1,0,0,1],[0,0,1,1],[0,1,1,1]]",0,0.0
level2_receiver_side_info,502,"[[0,1,1,0,1,0,0,1],[0,0,1,1],[0,1,1,1]]",1,0.029298145242776297
level2_receiver_side_info,502,"[[0,1,1,0,1,0,0,1],[0,0,1,1],[0,1,1,1]]",2,0.05196690317726638
level2_receiver_side_info,502,"[[0,1,1,0,1,0,0,1],[0,0,1,1],[0,1,1,1]]",4,0.08435950345211607
level2_receiver_side_info,502,"[[0,1,1,0,1,0,0,1],[0,0,1,1],[0,1,1,1]]",8,0.12198650516110165
level2_receiver_side_info,502,"[[0,1,1,0,1,0,0,1],[0,0,1,1],[0,1,1,1]]",16,0.1569947083971185
level2_receiver_side_info,502,"[[0,1,1,0,1,0,0,1],[0,0,1,1],[0,1,1,1]]",32,0.18326481029104658
level2_receiver_side_info,503,"[[0,1,1,0,1,0,0,1],[0,1,0,1],[0,0,0,1]]",0,0.0
level2_receiver_side_info,503,"[[0,1,1,0,1,0,0,1],[0,1,0,1],[0,0,0,1]]",1,0.029298145242776408
level2_receiver_side_info,503,"[[0,1,1,0,1,0,0,1],[0,1,0,1],[0,0,0,1]]",2,0.05196690317726638
level2_receiver_side_info,503,"[[0,1,1,0,1,0,0,1],[0,1,0,1],[0,0,0,1]]",4,0.08435950345211607
level2_receiver_side_info,503,"[[0,1,1,0,1,0,0,1],[0,1,0,1],[0,0,0,1]]",8,0.12198650516110154
level2_receiver_side_info,503,"[[0,1,1,0,1,0,0,1],[0,1,0,1],[0,0,0,1]]",16,0.1569947083971185
level2_receiver_side_info,503,"[[0,1,1,0,1,0,0,1],[0,1,0,1],[0,0,0,1]]",32,0.1832648102910467
level2_receiver_side_info,504,"[[0,1,1,0,1,0,0,1],[0,1,0,1],[0,0,1,0]]",0,0.0
level2_receiver_side_info,504,"[[0,1,1,0,1,0,0,1],[0,1,0,1],[0,0,1,0]]",1,0.029298145242776408
level2_receiver_side_info,504,"[[0,1,1,0,1,0,0,1],[0,1,0,1],[0,0,1,0]]",2,0.0519669031772666
level2_receiver_side_info,504,"[[0,1,1,0,1,0,0,1],[0,1,0,1],[0,0,1,0]]",4,0.08435950345211607
level2_receiver_side_info,504,"[[0,1,1,0,1,0,0,1],[0,1,0,1],[0,0,1,0]]",8,0.12198650516110165
level2_receiver_side_info,504,"[[0,1,1,0,1,0,0,1],[0,1,0,1],[0,0,1,0]]",16,0.15699470839711838
level2_receiver_side_info,504,"[[0,1,1,0,1,0,0,1],[0,1,0,1],[0,0,1,0]]",32,0.1832648102910467
level2_receiver_side_info,505,"[[0,1,1,0,1,0,0,1],[0,1,0,1],[0,1,0,0]]",0,0.0
level2_receiver_side_info,505,"[[0,1,1,0,1,0,0,1],[0,1,0,1],[0,1,0,0]]",1,0.029298145242776408
level2_receiver_side_info,505,"[[0,1,1,0,1,0,0,1],[0,1,0,1],[0,1,0,0]]",2,0.05196690317726649
level2_receiver_side_info,505,"[[0,1,1,0,1,0,0,1],[0,1,0,1],[0,1,0,0]]",4,0.08435950345211607
level2_receiver_side_info,505,"[[0,1,1,0,1,0,0,1],[0,1,0,1],[0,1,0,0]]",8,0.12198650516110165
level2_receiver_side_info,505,"[[0,1,1,0,1,0,0,1],[0,1,0,1],[0,1,0,0]]",16,0.15699470839711838
level2_receiver_side_info,505,"[[0,1,1,0,1,0,0,1],[0,1,0,1],[0,1,0,0]]",32,0.1832648102910467
level2_receiver_side_info,506,"[[0,1,1,0,1,0,0,1],[0,1,0,1],[0,1,1,0]]",0,0.0
level2_receiver_side_info,506,"[[0,1,1,0,1,0,0,1],[0,1,0,1],[0,1,1,0]]",1,0.11720776068110161
level2_receiver_side_info,506,"[[0,1,1,0,1,0,0,1],[0,1,0,1],[0,1,1,0]]",2,0.2072192699510964
level2_receiver_side_info,506,"[[0,1,1,0,1,0,0,1],[0,1,0,1],[0,1,1,0]]",4,0.3317269506967929
level2_receiver_side_info,506,"[[0,1,1,0,1,0,0,1],[0,1,0,1],[0,1,1,0]]",8,0.46354777908042843
level2_receiver_side_info,506,"[[0,1,1,0,1,0,0,1],[0,1,0,1],[0,1,1,0]]",16,0.5659041459749518
level2_receiver_side_info,506,"[[0,1,1,0,1,0,0,1],[0,1,0,1],[0,1,1,0]]",32,0.627899347459281
level2_receiver_side_info,507,"[[0,1,1,0,1,0,0,1],[0,1,0,1],[0,1,1,1]]",0,0.0
level2_receiver_side_info,507,"[[0,1,1,0,1,0,0,1],[0,1,0,1],[0,1,1,1]]",1,0.029298145242776297
level2_receiver_side_info,507,"[[0,1,1,0,1,0,0,1],[0,1,0,1],[0,1,1,1]]",2,0.05196690317726638
level2_receiver_side_info,507,"[[0,1,1,0,1,0,0,1],[0,1,0,1],[0,1,1,1]]",4,0.08435950345211607
level2_receiver_side_info,507,"[[0,1,1,0,1,0,0,1],[0,1,0,1],[0,1,1,1]]",8,0.12198650516110165
level2_receiver_side_info,507,"[[0,1,1,0,1,0,0,1],[0,1,0,1],[0,1,1,1]]",16,0.1569947083971185
level2_receiver_side_info,507,"[[0,1,1,0,1,0,0,1],[0,1,0,1],[0,1,1,1]]",32,0.18326481029104658
level2_receiver_side_info,508,"[[0,1,1,0,1,0,0,1],[0,1,0,1],[1,1,1,0]]",0,0.0
level2_receiver_side_info,508,"[[0,1,1,0,1,0,0,1],[0,1,0,1],[1,1,1,0]]",1,0.029298145242776408
level2_receiver_side_info,508,"[[0,1,1,0,1,0,0,1],[0,1,0,1],[1,1,1,0]]",2,0.05196690317726638
level2_receiver_side_info,508,"[[0,1,1,0,1,0,0,1],[0,1,0,1],[1,1,1,0]]",4,0.08435950345211607
level2_receiver_side_info,508,"[[0,1,1,0,1,0,0,1],[0,1,0,1],[1,1,1,0]]",8,0.12198650516110154
level2_receiver_side_info,508,"[[0,1,1,0,1,0,0,1],[0,1,0,1],[1,1,1,0]]",16,0.1569947083971185
level2_receiver_side_info,508,"[[0,1,1,0,1,0,0,1],[0,1,0,1],[1,1,1,0]]",32,0.1832648102910467
level2_receiver_side_info,509,"[[0,1,1,0,1,0,0,1],[0,1,0,1],[1,1,0,1]]",0,0.0
level2_receiver_side_info,509,"[[0,1,1,0,1,0,0,1],[0,1,0,1],[1,1,0,1]]",1,0.029298145242776408
level2_receiver_side_info,509,"[[0,1,1,0,1,0,0,1],[0,1,0,1],[1,1,0,1]]",2,0.0519669031772666
level2_receiver_side_info,509,"[[0,1,1,0,1,0,0,1],[0,1,0,1],[1,1,0,1]]",4,0.08435950345211607
level2_receiver_side_info,509,"[[0,1,1,0,1,0,0,1],[0,1,0,1],[1,1,0,1]]",8,0.12198650516110165
level2_receiver_side_info,509,"[[0,1,1,0,1,0,0,1],[0,1,0,1],[1,1,0,1]]",16,0.15699470839711838
level2_receiver_side_info,509,"[[0,1,1,0,1,0,0,1],[0,1,0,1],[1,1,0,1]]",32,0.1832648102910467
level2_receiver_side_info,510,"[[0,1,1,0,1,0,0,1],[0,1,0,1],[1,0,1,1]]",0,0.0
level2_receiver_side_info,510,"[[0,1,1,0,1,0,0,1],[0,1,0,1],[1,0,1,1]]",1,0.029298145242776408
level2_receiver_side_info,510,"[[0,1,1,0,1,0,0,1],[0,1,0,1],[1,0,1,1]]",2,0.05196690317726649
level2_receiver_side_info,510,"[[0,1,1,0,1,0,0,1],[0,1,0,1],[1,0,1,1]]",4,0.08435950345211607
level2_receiver_side_info,510,"[[0,1,1,0,1,0,0,1],[0,1,0,1],[1,0,1,1]]",8,0.12198650516110165
level2_receiver_side_info,510,"[[0,1,1,0,1,0,0,1],[0,1,0,1],[1,0,1,1]]",16,0.15699470839711838
level2_receiver_side_info,510,"[[0,1,1,0,1,0,0,1],[0,1,0,1],[1,0,1,1]]",32,0.1832648102910467
level2_receiver_side_info,511,"[[0,1,1,0,1,0,0,1],[0,1,0,1],[1,0,0,1]]",0,0.0
level2_receiver_side_info,511,"[[0,1,1,0,1,0,0,1],[0,1,0,1],[1,0,0,1]]",1,0.11720776068110161
level2_receiver_side_info,511,"[[0,1,1,0,1,0,0,1],[0,1,0,1],[1,0,0,1]]",2,0.2072192699510964
level2_receiver_side_info,511,"[[0,1,1,0,1,0,0,1],[0,1,0,1],[1,0,0,1]]",4,0.3317269506967929
level2_receiver_side_info,511,"[[0,1,1,0,1,0,0,1],[0,1,0,1],[1,0,0,1]]",8,0.46354777908042843
level2_receiver_side_info,511,"[[0,1,1,0,1,0,0,1],[0,1,0,1],[1,0,0,1]]",16,0.5659041459749518
level2_receiver_side_info,511,"[[0,1,1,0,1,0,0,1],[0,1,0,1],[1,0,0,1]]",32,0.627899347459281
level2_receiver_side_info,512,"[[0,1,1,0,1,0,0,1],[0,1,0,1],[1,0,0,0]]",0,0.0
level2_receiver_side_info,512,"[[0,1,1,0,1,0,0,1],[0,1,0,1],[1,0,0,0]]",1,0.029298145242776297
level2_receiver_side_info,512,"[[0,1,1,0,1,0,0,1],[0,1,0,1],[1,0,0,0]]",2,0.05196690317726638
level2_receiver_side_info,512,"[[0,1,1,0,1,0,0,1],[0,1,0,1],[1,0,0,0]]",4,0.08435950345211607
level2_receiver_side_info,512,"[[0,1,1,0,1,0,0,1],[0,1,0,1],[1,0,0,0]]",8,0.12198650516110165
level2_receiver_side_info,512,"[[0,1,1,0,1,0,0,1],[0,1,0,1],[1,0,0,0]]",16,0.1569947083971185
level2_receiver_side_info,512,"[[0,1,1,0,1,0,0,1],[0,1,0,1],[1,0,0,0]]",32,0.18326481029104658
level2_receiver_side_info,513,"[[0,1,1,0,1,0,0,1],[0,0,1,1],[1,1,1,0]]",0,0.0
level2_receiver_side_info,513,"[[0,1,1,0,1,0,0,1],[0,0,1,1],[1,1,1,0]]",1,0.029298145242776408
level2_receiver_side_info,513,"[[0,1,1,0,1,0,0,1],[0,0,1,1],[1,1,1,0]]",2,0.05196690317726638
level2_receiver_side_info,513,"[[0,1,1,0,1,0,0,1],[0,0,1,1],[1,1,1,0]]",4,0.08435950345211607
level2_receiver_side_info,513,"[[0,1,1,0,1,0,0,1],[0,0,1,1],[1,1,1,0]]",8,0.12198650516110154
level2_receiver_side_info,513,"[[0,1,1,0,1,0,0,1],[0,0,1,1],[1,1,1,0]]",16,0.1569947083971185
level2_receiver_side_info,513,"[[0,1,1,0,1,0,0,1],[0,0,1,1],[1,1,1,0]]",32,0.1832648102910467
level2_receiver_side_info,514,"[[0,1,1,0,1,0,0,1],[0,0,1,1],[1,1,0,1]]",0,0.0
level2_receiver_side_info,514,"[[0,1,1,0,1,0,0,1],[0,0,1,1],[1,1,0,1]]",1,0.029298145242776408
level2_receiver_side_info,514,"[[0,1,1,0,1,0,0,1],[0,0,1,1],[1,1,0,1]]",2,0.0519669031772666
level2_receiver_side_info,514,"[[0,1,1,0,1,0,0,1],[0,0,1,1],[1,1,0,1]]",4,0.08435950345211607
level2_receiver_side_info,514,"[[0,1,1,0,1,0,0,1],[0,0,1,1],[1,1,0,1]]",8,0.12198650516110165
level2_receiver_side_info,514,"[[0,1,1,0,1,0,0,1],[0,0,1,1],[1,1,0,1]]",16,0.15699470839711838
level2_receiver_side_info,514,"[[0,1,1,0,1,0,0,1],[0,0,1,1],[1,1,0,1]]",32,0.1832648102910467
level2_receiver_side_info,515,"[[0,1,1,0,1,0,0,1],[0,0,1,1],[1,0,1,1]]",0,0.0
level2_receiver_side_info,515,"[[0,1,1,0,1,0,0,1],[0,0,1,1],[1,0,1,1]]",1,0.029298145242776408
level2_receiver_side_info,515,"[[0,1,1,0,1,0,0,1],[0,0,1,1],[1,0,1,1]]",2,0.05196690317726649
level2_receiver_side_info,515,"[[0,1,1,0,1,0,0,1],[0,0,1,1],[1,0,1,1]]",4,0.08435950345211607
level2_receiver_side_info,515,"[[0,1,1,0,1,0,0,1],[0,0,1,1],[1,0,1,1]]",8,0.12198650516110165
level2_receiver_side_info,515,"[[0,1,1,0,1,0,0,1],[0,0,1,1],[1,0,1,1]]",16,0.15699470839711838
level2_receiver_side_info,515,"[[0,1,1,0,1,0,0,1],[0,0,1,1],[1,0,1,1]]",32,0.1832648102910467
level2_receiver_side_info,516,"[[0,1,1,0,1,0,0,1],[0,0,1,1],[1,0,0,1]]",0,0.0
level2_receiver_side_info,516,"[[0,1,1,0,1,0,0,1],[0,0,1,1],[1,0,0,1]]",1,0.11720776068110161
level2_receiver_side_info,516,"[[0,1,1,0,1,0,0,1],[0,0,1,1],[1,0,0,1]]",2,0.2072192699510964
level2_receiver_side_info,516,"[[0,1,1,0,1,0,0,1],[0,0,1,1],[1,0,0,1]]",4,0.3317269506967929
level2_receiver_side_info,516,"[[0,1,1,0,1,0,0,1],[0,0,1,1],[1,0,0,1]]",8,0.46354777908042843
level2_receiver_side_info,516,"[[0,1,1,0,1,0,0,1],[0,0,1,1],[1,0,0,1]]",16,0.5659041459749518
level2_receiver_side_info,516,"[[0,1,1,0,1,0,0,1],[0,0,1,1],[1,0,0,1]]",32,0.627899347459281
level2_receiver_side_info,517,"[[0,1,1,0,1,0,0,1],[0,0,1,1],[1,0,0,0]]",0,0.0
level2_receiver_side_info,517,"[[0,1,1,0,1,0,0,1],[0,0,1,1],[1,0,0,0]]",1,0.029298145242776297
level2_receiver_side_info,517,"[[0,1,1,0,1,0,0,1],[0,0,1,1],[1,0,0,0]]",2,0.05196690317726638
level2_receiver_side_info,517,"[[0,1,1,0,1,0,0,1],[0,0,1,1],[1,0,0,0]]",4,0.08435950345211607
level2_receiver_side_info,517,"[[0,1,1,0,1,0,0,1],[0,0,1,1],[1,0,0,0]]",8,0.12198650516110165
level2_receiver_side_info,517,"[[0,1,1,0,1,0,0,1],[0,0,1,1],[1,0,0,0]]",16,0.1569947083971185
level2_receiver_side_info,517,"[[0,1,1,0,1,0,0,1],[0,0,1,1],[1,0,0,0]]",32,0.18326481029104658
level2_receiver_side_info,518,"[[0,1,1,0,1,0,1,0],[0,0,0,1],[0,1,1,1]]",0,0.09116077839697717
level2_receiver_side_info,518,"[[0,1,1,0,1,0,1,0],[0,0,0,1],[0,1,1,1]]",1,0.14290658343056545
level2_receiver_side_info,518,"[[0,1,1,0,1,0,1,0],[0,0,0,1],[0,1,1,1]]",2,0.1844981032973394
level2_receiver_side_info,518,"[[0,1,1,0,1,0,1,0],[0,0,0,1],[0,1,1,1]]",4,0.246861694803569
level2_receiver_side_info,518,"[[0,1,1,0,1,0,1,0],[0,0,0,1],[0,1,1,1]]",8,0.3229802905687297
level2_receiver_side_info,518,"[[0,1,1,0,1,0,1,0],[0,0,0,1],[0,1,1,1]]",16,0.3919622519388556
level2_receiver_side_info,518,"[[0,1,1,0,1,0,1,0],[0,0,0,1],[0,1,1,1]]",32,0.43644344248314637
level2_receiver_side_info,519,"[[0,1,1,0,1,0,1,0],[0,0,1,0],[0,1,1,1]]",0,0.09116077839697717
level2_receiver_side_info,519,"[[0,1,1,0,1,0,1,0],[0,0,1,0],[0,1,1,1]]",1,0.14290658343056545
level2_receiver_side_info,519,"[[0,1,1,0,1,0,1,0],[0,0,1,0],[0,1,1,1]]",2,0.1844981032973394
level2_receiver_side_info,519,"[[0,1,1,0,1,0,1,0],[0,0,1,0],[0,1,1,1]]",4,0.2468616948035689
level2_receiver_side_info,519,"[[0,1,1,0,1,0,1,0],[0,0,1,0],[0,1,1,1]]",8,0.32298029056872957
level2_receiver_side_info,519,"[[0,1,1,0,1,0,1,0],[0,0,1,0],[0,1,1,1]]",16,0.3919622519388556
level2_receiver_side_info,519,"[[0,1,1,0,1,0,1,0],[0,0,1,0],[0,1,1,1]]",32,0.43644344248314637
level2_receiver_side_info,520,"[[0,1,1,0,1,0,1,0],[0,1,0,0],[0,1,1,1]]",0,0.09116077839697717
level2_receiver_side_info,520,"[[0,1,1,0,1,0,1,0],[0,1,0,0],[0,1,1,1]]",1,0.14290658343056545
level2_receiver_side_info,520,"[[0,1,1,0,1,0,1,0],[0,1,0,0],[0,1,1,1]]",2,0.1844981032973394
level2_receiver_side_info,520,"[[0,1,1,0,1,0,1,0],[0,1,0,0],[0,1,1,1]]",4,0.2468616948035689
level2_receiver_side_info,520,"[[0,1,1,0,1,0,1,0],[0,1,0,0],[0,1,1,1]]",8,0.32298029056872957
level2_receiver_side_info,520,"[[0,1,1,0,1,0,1,0],[0,1,0,0],[0,1,1,1]]",16,0.3919622519388556
level2_receiver_side_info,520,"[[0,1,1,0,1,0,1,0],[0,1,0,0],[0,1,1,1]]",32,0.43644344248314637
level2_receiver_side_info,521,"[[0,1,1,0,1,0,1,0],[0,1,0,0],[0,1,1,1]]",0,0.09116077839697717
level2_receiver_side_info,521,"[[0,1,1,0,1,0,1,0],[0,1,0,0],[0,1,1,1]]",1,0.14290658343056545
level2_receiver_side_info,521,"[[0,1,1,0,1,0,1,0],[0,1,0,0],[0,1,1,1]]",2,0.1844981032973394
level2_receiver_side_info,521,"[[0,1,1,0,1,0,1,0],[0,1,0,0],[0,1,1,1]]",4,0.2468616948035689
level2_receiver_side_info,521,"[[0,1,1,0,1,0,1,0],[0,1,0,0],[0,1,1,1]]",8,0.32298029056872957
level2_receiver_side_info,521,"[[0,1,1,0,1,0,1,0],[0,1,0,0],[0,1,1,1]]",16,0.3919622519388556
level2_receiver_side_info,521,"[[0,1,1,0,1,0,1,0],[0,1,0,0],[0,1,1,1]]",32,0.43644344248314637
level2_receiver_side_info,522,"[[0,1,1,0,1,0,1,0],[0,0,1,0],[0,1,1,1]]",0,0.09116077839697717
level2_receiver_side_info,522,"[[0,1,1,0,1,0,1,0],[0,0,1,0],[0,1,1,1]]",1,0.14290658343056545
level2_receiver_side_info,522,"[[0,1,1,0,1,0,1,0],[0,0,1,0],[0,1,1,1]]",2,0.1844981032973394
level2_receiver_side_info,522,"[[0,1,1,0,1,0,1,0],[0,0,1,0],[0,1,1,1]]",4,0.2468616948035689
level2_receiver_side_info,522,"[[0,1,1,0,1,0,1,0],[0,0,1,0],[0,1,1,1]]",8,0.32298029056872957
level2_receiver_side_info,522,"[[0,1,1,0,1,0,1,0],[0,0,1,0],[0,1,1,1]]",16,0.3919622519388556
level2_receiver_side_info,522,"[[0,1,1,0,1,0,1,0],[0,0,1,0],[0,1,1,1]]",32,0.43644344248314637
level2_receiver_side_info,523,"[[0,1,1,0,1,0,1,0],[0,0,0,1],[0,1,1,1]]",0,0.09116077839697717
level2_receiver_side_info,523,"[[0,1,1,0,1,0,1,0],[0,0,0,1],[0,1,1,1]]",1,0.14290658343056545
level2_receiver_side_info,523,"[[0,1,1,0,1,0,1,0],[0,0,0,1],[0,1,1,1]]",2,0.1844981032973394
level2_receiver_side_info,523,"[[0,1,1,0,1,0,1,0],[0,0,0,1],[0,1,1,1]]",4,0.246861694803569
level2_receiver_side_info,523,"[[0,1,1,0,1,0,1,0],[0,0,0,1],[0,1,1,1]]",8,0.3229802905687297
level2_receiver_side_info,523,"[[0,1,1,0,1,0,1,0],[0,0,0,1],[0,1,1,1]]",16,0.3919622519388556
level2_receiver_side_info,523,"[[0,1,1,0,1,0,1,0],[0,0,0,1],[0,1,1,1]]",32,0.43644344248314637
level2_receiver_side_info,524,"[[0,1,1,1,0,1,0,1],[0,0,0,1],[1,0,1,1]]",0,0.007042719241674045
level2_receiver_side_info,524,"[[0,1,1,1,0,1,0,1],[0,0,0,1],[1,0,1,1]]",1,0.043652143186217685
level2_receiver_side_info,524,"[[0,1,1,1,0,1,0,1],[0,0,0,1],[1,0,1,1]]",2,0.07195128098324621
level2_receiver_side_info,524,"[[0,1,1,1,0,1,0,1],[0,0,0,1],[1,0,1,1]]",4,0.11242296217865763
level2_receiver_side_info,524,"[[0,1,1,1,0,1,0,1],[0,0,0,1],[1,0,1,1]]",8,0.15854956604460907
level2_receiver_side_info,524,"[[0,1,1,1,0,1,0,1],[0,0,0,1],[1,0,1,1]]",16,0.19702626025256342
level2_receiver_side_info,524,"[[0,1,1,1,0,1,0,1],[0,0,0,1],[1,0,1,1]]",32,0.21969614553731964
level2_receiver_side_info,525,"[[0,1,1,1,0,1,0,1],[0,0,1,0],[1,0,1,1]]",0,0.007042719241674045
level2_receiver_side_info,525,"[[0,1,1,1,0,1,0,1],[0,0,1,0],[1,0,1,1]]",1,0.043652143186217685
level2_receiver_side_info,525,"[[0,1,1,1,0,1,0,1],[0,0,1,0],[1,0,1,1]]",2,0.07195128098324621
level2_receiver_side_info,525,"[[0,1,1,1,0,1,0,1],[0,0,1,0],[1,0,1,1]]",4,0.11242296217865763
level2_receiver_side_info,525,"[[0,1,1,1,0,1,0,1],[0,0,1,0],[1,0,1,1]]",8,0.15854956604460907
level2_receiver_side_info,525,"[[0,1,1,1,0,1,0,1],[0,0,1,0],[1,0,1,1]]",16,0.19702626025256348
level2_receiver_side_info,525,"[[0,1,1,1,0,1,0,1],[0,0,1,0],[1,0,1,1]]",32,0.21969614553731964
level2_receiver_side_info,526,"[[0,1,1,1,0,1,0,1],[0,0,1,1],[1,0,1,1]]",0,0.06385320297074876
level2_receiver_side_info,526,"[[0,1,1,1,0,1,0,1],[0,0,1,1],[1,0,1,1]]",1,0.07704682264253404
level2_receiver_side_info,526,"[[0,1,1,1,0,1,0,1],[0,0,1,1],[1,0,1,1]]",2,0.08780218399432074
level2_receiver_side_info,526,"[[0,1,1,1,0,1,0,1],[0,0,1,1],[1,0,1,1]]",4,0.1041522892464854
level2_receiver_side_info,526,"[[0,1,1,1,0,1,0,1],[0,0,1,1],[1,0,1,1]]",8,0.12453241233105772
level2_receiver_side_info,526,"[[0,1,1,1,0,1,0,1],[0,0,1,1],[1,0,1,1]]",16,0.14385004263287587
level2_receiver_side_info,526,"[[0,1,1,1,0,1,0,1],[0,0,1,1],[1,0,1,1]]",32,0.15747949742783532
level2_receiver_side_info,527,"[[0,1,1,1,0,1,0,1],[0,1,0,1],[0,1,0,0]]",0,0.06385320297074881
level2_receiver_side_info,527,"[[0,1,1,1,0,1,0,1],[0,1,0,1],[0,1,0,0]]",1,0.07704682264253404
level2_receiver_side_info,527,"[[0,1,1,1,0,1,0,1],[0,1,0,1],[0,1,0,0]]",2,0.08780218399432074
level2_receiver_side_info,527,"[[0,1,1,1,0,1,0,1],[0,1,0,1],[0,1,0,0]]",4,0.1041522892464854
level2_receiver_side_info,527,"[[0,1,1,1,0,1,0,1],[0,1,0,1],[0,1,0,0]]",8,0.12453241233105772
level2_receiver_side_info,527,"[[0,1,1,1,0,1,0,1],[0,1,0,1],[0,1,0,0]]",16,0.14385004263287587
level2_receiver_side_info,527,"[[0,1,1,1,0,1,0,1],[0,1,0,1],[0,1,0,0]]",32,0.15747949742783532
level2_receiver_side_info,528,"[[0,1,1,1,0,1,0,1],[0,1,1,0],[0,1,0,0]]",0,0.06385320297074876
level2_receiver_side_info,528,"[[0,1,1,1,0,1,0,1],[0,1,1,0],[0,1,0,0]]",1,0.07704682264253404
level2_receiver_side_info,528,"[[0,1,1,1,0,1,0,1],[0,1,1,0],[0,1,0,0]]",2,0.08780218399432074
level2_receiver_side_info,528,"[[0,1,1,1,0,1,0,1],[0,1,1,0],[0,1,0,0]]",4,0.1041522892464854
level2_receiver_side_info,528,"[[0,1,1,1,0,1,0,1],[0,1,1,0],[0,1,0,0]]",8,0.12453241233105772
level2_receiver_side_info,528,"[[0,1,1,1,0,1,0,1],[0,1,1,0],[0,1,0,0]]",16,0.14385004263287587
level2_receiver_side_info,528,"[[0,1,1,1,0,1,0,1],[0,1,1,0],[0,1,0,0]]",32,0.15747949742783532
level2_receiver_side_info,529,"[[0,1,1,1,0,1,0,1],[0,1,1,1],[0,1,0,0]]",0,0.007042719241674045
level2_receiver_side_info,529,"[[0,1,1,1,0,1,0,1],[0,1,1,1],[0,1,0,0]]",1,0.043652143186217685
level2_receiver_side_info,529,"[[0,1,1,1,0,1,0,1],[0,1,1,1],[0,1,0,0]]",2,0.07195128098324621
level2_receiver_side_info,529,"[[0,1,1,1,0,1,0,1],[0,1,1,1],[0,1,0,0]]",4,0.11242296217865763
level2_receiver_side_info,529,"[[0,1,1,1,0,1,0,1],[0,1,1,1],[0,1,0,0]]",8,0.15854956604460907
level2_receiver_side_info,529,"[[0,1,1,1,0,1,0,1],[0,1,1,1],[0,1,0,0]]",16,0.19702626025256342
level2_receiver_side_info,529,"[[0,1,1,1,0,1,0,1],[0,1,1,1],[0,1,0,0]]",32,0.2196961455373196
level2_receiver_side_info,530,"[[0,1,1,1,0,1,0,1],[0,1,1,1],[0,1,0,0]]",0,0.007042719241674045
level2_receiver_side_info,530,"[[0,1,1,1,0,1,0,1],[0,1,1,1],[0,1,0,0]]",1,0.043652143186217685
level2_receiver_side_info,530,"[[0,1,1,1,0,1,0,1],[0,1,1,1],[0,1,0,0]]",2,0.07195128098324621
level2_receiver_side_info,530,"[[0,1,1,1,0,1,0,1],[0,1,1,1],[0,1,0,0]]",4,0.11242296217865763
level2_receiver_side_info,530,"[[0,1,1,1,0,1,0,1],[0,1,1,1],[0,1,0,0]]",8,0.15854956604460907
level2_receiver_side_info,530,"[[0,1,1,1,0,1,0,1],[0,1,1,1],[0,1,0,0]]",16,0.19702626025256342
level2_receiver_side_info,530,"[[0,1,1,1,0,1,0,1],[0,1,1,1],[0,1,0,0]]",32,0.2196961455373196
level2_receiver_side_info,531,"[[0,1,1,1,0,1,0,1],[0,1,1,0],[0,1,0,0]]",0,0.06385320297074876
level2_receiver_side_info,531,"[[0,1,1,1,0,1,0,1],[0,1,1,0],[0,1,0,0]]",1,0.07704682264253404
level2_receiver_side_info,531,"[[0,1,1,1,0,1,0,1],[0,1,1,0],[0,1,0,0]]",2,0.08780218399432074
level2_receiver_side_info,531,"[[0,1,1,1,0,1,0,1],[0,1,1,0],[0,1,0,0]]",4,0.1041522892464854
level2_receiver_side_info,531,"[[0,1,1,1,0,1,0,1],[0,1,1,0],[0,1,0,0]]",8,0.12453241233105772
level2_receiver_side_info,531,"[[0,1,1,1,0,1,0,1],[0,1,1,0],[0,1,0,0]]",16,0.14385004263287587
level2_receiver_side_info,531,"[[0,1,1,1,0,1,0,1],[0,1,1,0],[0,1,0,0]]",32,0.15747949742783532
level2_receiver_side_info,532,"[[0,1,1,1,0,1,0,1],[0,1,0,1],[0,1,0,0]]",0,0.06385320297074881
level2_receiver_side_info,532,"[[0,1,1,1,0,1,0,1],[0,1,0,1],[0,1,0,0]]",1,0.07704682264253404
level2_receiver_side_info,532,"[[0,1,1,1,0,1,0,1],[0,1,0,1],[0,1,0,0]]",2,0.08780218399432074
level2_receiver_side_info,532,"[[0,1,1,1,0,1,0,1],[0,1,0,1],[0,1,0,0]]",4,0.1041522892464854
level2_receiver_side_info,532,"[[0,1,1,1,0,1,0,1],[0,1,0,1],[0,1,0,0]]",8,0.12453241233105772
level2_receiver_side_info,532,"[[0,1,1,1,0,1,0,1],[0,1,0,1],[0,1,0,0]]",16,0.14385004263287587
level2_receiver_side_info,532,"[[0,1,1,1,0,1,0,1],[0,1,0,1],[0,1,0,0]]",32,0.15747949742783532
level2_receiver_side_info,533,"[[0,1,1,1,0,1,0,1],[0,0,1,1],[1,0,1,1]]",0,0.06385320297074876
level2_receiver_side_info,533,"[[0,1,1,1,0,1,0,1],[0,0,1,1],[1,0,1,1]]",1,0.07704682264253404
level2_receiver_side_info,533,"[[0,1,1,1,0,1,0,1],[0,0,1,1],[1,0,1,1]]",2,0.08780218399432074
level2_receiver_side_info,533,"[[0,1,1,1,0,1,0,1],[0,0,1,1],[1,0,1,1]]",4,0.1041522892464854
level2_receiver_side_info,533,"[[0,1,1,1,0,1,0,1],[0,0,1,1],[1,0,1,1]]",8,0.12453241233105772
level2_receiver_side_info,533,"[[0,1,1,1,0,1,0,1],[0,0,1,1],[1,0,1,1]]",16,0.14385004263287587
level2_receiver_side_info,533,"[[0,1,1,1,0,1,0,1],[0,0,1,1],[1,0,1,1]]",32,0.15747949742783532
level2_receiver_side_info,534,"[[0,1,1,1,0,1,0,1],[0,0,1,0],[1,0,1,1]]",0,0.007042719241674045
level2_receiver_side_info,534,"[[0,1,1,1,0,1,0,1],[0,0,1,0],[1,0,1,1]]",1,0.043652143186217685
level2_receiver_side_info,534,"[[0,1,1,1,0,1,0,1],[0,0,1,0],[1,0,1,1]]",2,0.07195128098324621
level2_receiver_side_info,534,"[[0,1,1,1,0,1,0,1],[0,0,1,0],[1,0,1,1]]",4,0.11242296217865763
level2_receiver_side_info,534,"[[0,1,1,1,0,1,0,1],[0,0,1,0],[1,0,1,1]]",8,0.15854956604460907
level2_receiver_side_info,534,"[[0,1,1,1,0,1,0,1],[0,0,1,0],[1,0,1,1]]",16,0.19702626025256348
level2_receiver_side_info,534,"[[0,1,1,1,0,1,0,1],[0,0,1,0],[1,0,1,1]]",32,0.21969614553731964
level2_receiver_side_info,535,"[[0,1,1,1,0,1,0,1],[0,0,0,1],[1,0,1,1]]",0,0.007042719241674045
level2_receiver_side_info,535,"[[0,1,1,1,0,1,0,1],[0,0,0,1],[1,0,1,1]]",1,0.043652143186217685
level2_receiver_side_info,535,"[[0,1,1,1,0,1,0,1],[0,0,0,1],[1,0,1,1]]",2,0.07195128098324621
level2_receiver_side_info,535,"[[0,1,1,1,0,1,0,1],[0,0,0,1],[1,0,1,1]]",4,0.11242296217865763
level2_receiver_side_info,535,"[[0,1,1,1,0,1,0,1],[0,0,0,1],[1,0,1,1]]",8,0.15854956604460907
level2_receiver_side_info,535,"[[0,1,1,1,0,1,0,1],[0,0,0,1],[1,0,1,1]]",16,0.19702626025256342
level2_receiver_side_info,535,"[[0,1,1,1,0,1,0,1],[0,0,0,1],[1,0,1,1]]",32,0.21969614553731964
level2_receiver_side_info,536,"[[0,1,1,1,0,1,1,1],[0,0,1,1],[0,0,0,1]]",0,0.0
level2_receiver_side_info,536,"[[0,1,1,1,0,1,1,1],[0,0,1,1],[0,0,0,1]]",1,0.01621124580150446
level2_receiver_side_info,536,"[[0,1,1,1,0,1,1,1],[0,0,1,1],[0,0,0,1]]",2,0.028533198169706342
level2_receiver_side_info,536,"[[0,1,1,1,0,1,1,1],[0,0,1,1],[0,0,0,1]]",4,0.0456971587074495
level2_receiver_side_info,536,"[[0,1,1,1,0,1,1,1],[0,0,1,1],[0,0,0,1]]",8,0.0647237743260059
level2_receiver_side_info,536,"[[0,1,1,1,0,1,1,1],[0,0,1,1],[0,0,0,1]]",16,0.08128352549864837
level2_receiver_side_info,536,"[[0,1,1,1,0,1,1,1],[0,0,1,1],[0,0,0,1]]",32,0.09305028484361938
level2_receiver_side_info,537,"[[0,1,1,1,0,1,1,1],[0,0,1,1],[0,0,1,0]]",0,0.0
level2_receiver_side_info,537,"[[0,1,1,1,0,1,1,1],[0,0,1,1],[0,0,1,0]]",1,0.01621124580150446
level2_receiver_side_info,537,"[[0,1,1,1,0,1,1,1],[0,0,1,1],[0,0,1,0]]",2,0.028533198169706286
level2_receiver_side_info,537,"[[0,1,1,1,0,1,1,1],[0,0,1,1],[0,0,1,0]]",4,0.0456971587074495
level2_receiver_side_info,537,"[[0,1,1,1,0,1,1,1],[0,0,1,1],[0,0,1,0]]",8,0.0647237743260059
level2_receiver_side_info,537,"[[0,1,1,1,0,1,1,1],[0,0,1,1],[0,0,1,0]]",16,0.08128352549864842
level2_receiver_side_info,537,"[[0,1,1,1,0,1,1,1],[0,0,1,1],[0,0,1,0]]",32,0.09305028484361932
level2_receiver_side_info,538,"[[0,1,1,1,0,1,1,1],[0,0,1,1],[0,1,0,0]]",0,0.0
level2_receiver_side_info,538,"[[0,1,1,1,0,1,1,1],[0,0,1,1],[0,1,0,0]]",1,0.01621124580150446
level2_receiver_side_info,538,"[[0,1,1,1,0,1,1,1],[0,0,1,1],[0,1,0,0]]",2,0.028533198169706397
level2_receiver_side_info,538,"[[0,1,1,1,0,1,1,1],[0,0,1,1],[0,1,0,0]]",4,0.0456971587074495
level2_receiver_side_info,538,"[[0,1,1,1,0,1,1,1],[0,0,1,1],[0,1,0,0]]",8,0.0647237743260059
level2_receiver_side_info,538,"[[0,1,1,1,0,1,1,1],[0,0,1,1],[0,1,0,0]]",16,0.08128352549864842
level2_receiver_side_info,538,"[[0,1,1,1,0,1,1,1],[0,0,1,1],[0,1,0,0]]",32,0.09305028484361938
level2_receiver_side_info,539,"[[0,1,1,1,0,1,1,1],[0,0,1,1],[0,1,0,1]]",0,0.0
level2_receiver_side_info,539,"[[0,1,1,1,0,1,1,1],[0,0,1,1],[0,1,0,1]]",1,0.05860388034055081
level2_receiver_side_info,539,"[[0,1,1,1,0,1,1,1],[0,0,1,1],[0,1,0,1]]",2,0.10360963497554826
level2_receiver_side_info,539,"[[0,1,1,1,0,1,1,1],[0,0,1,1],[0,1,0,1]]",4,0.16586347534839643
level2_receiver_side_info,539,"[[0,1,1,1,0,1,1,1],[0,0,1,1],[0,1,0,1]]",8,0.23177388954021425
level2_receiver_side_info,539,"[[0,1,1,1,0,1,1,1],[0,0,1,1],[0,1,0,1]]",16,0.2829520729874759
level2_receiver_side_info,539,"[[0,1,1,1,0,1,1,1],[0,0,1,1],[0,1,0,1]]",32,0.3139496737296405
level2_receiver_side_info,540,"[[0,1,1,1,0,1,1,1],[0,0,1,1],[0,1,1,1]]",0,0.0
level2_receiver_side_info,540,"[[0,1,1,1,0,1,1,1],[0,0,1,1],[0,1,1,1]]",1,0.01621124580150446
level2_receiver_side_info,540,"[[0,1,1,1,0,1,1,1],[0,0,1,1],[0,1,1,1]]",2,0.028533198169706342
level2_receiver_side_info,540,"[[0,1,1,1,0,1,1,1],[0,0,1,1],[0,1,1,1]]",4,0.0456971587074495
level2_receiver_side_info,540,"[[0,1,1,1,0,1,1,1],[0,0,1,1],[0,1,1,1]]",8,0.0647237743260059
level2_receiver_side_info,540,"[[0,1,1,1,0,1,1,1],[0,0,1,1],[0,1,1,1]]",16,0.08128352549864842
level2_receiver_side_info,540,"[[0,1,1,1,0,1,1,1],[0,0,1,1],[0,1,1,1]]",32,0.09305028484361938
level2_receiver_side_info,541,"[[0,1,1,1,0,1,1,1],[0,1,1,0],[0,0,0,1]]",0,0.0
level2_receiver_side_info,541,"[[0,1,1,1,0,1,1,1],[0,1,1,0],[0,0,0,1]]",1,0.01621124580150446
level2_receiver_side_info,541,"[[0,1,1,1,0,1,1,1],[0,1,1,0],[0,0,0,1]]",2,0.028533198169706342
level2_receiver_side_info,541,"[[0,1,1,1,0,1,1,1],[0,1,1,0],[0,0,0,1]]",4,0.0456971587074495
level2_receiver_side_info,541,"[[0,1,1,1,0,1,1,1],[0,1,1,0],[0,0,0,1]]",8,0.0647237743260059
level2_receiver_side_info,541,"[[0,1,1,1,0,1,1,1],[0,1,1,0],[0,0,0,1]]",16,0.08128352549864837
level2_receiver_side_info,541,"[[0,1,1,1,0,1,1,1],[0,1,1,0],[0,0,0,1]]",32,0.09305028484361938
level2_receiver_side_info,542,"[[0,1,1,1,0,1,1,1],[0,1,1,0],[0,0,1,0]]",0,0.0
level2_receiver_side_info,542,"[[0,1,1,1,0,1,1,1],[0,1,1,0],[0,0,1,0]]",1,0.01621124580150446
level2_receiver_side_info,542,"[[0,1,1,1,0,1,1,1],[0,1,1,0],[0,0,1,0]]",2,0.028533198169706286
level2_receiver_side_info,542,"[[0,1,1,1,0,1,1,1],[0,1,1,0],[0,0,1,0]]",4,0.0456971587074495
level2_receiver_side_info,542,"[[0,1,1,1,0,1,1,1],[0,1,1,0],[0,0,1,0]]",8,0.0647237743260059
level2_receiver_side_info,542,"[[0,1,1,1,0,1,1,1],[0,1,1,0],[0,0,1,0]]",16,0.08128352549864842
level2_receiver_side_info,542,"[[0,1,1,1,0,1,1,1],[0,1,1,0],[0,0,1,0]]",32,0.09305028484361932
level2_receiver_side_info,543,"[[0,1,1,1,0,1,1,1],[0,1,1,0],[0,1,0,0]]",0,0.0
level2_receiver_side_info,543,"[[0,1,1,1,0,1,1,1],[0,1,1,0],[0,1,0,0]]",1,0.01621124580150446
level2_receiver_side_info,543,"[[0,1,1,1,0,1,1,1],[0,1,1,0],[0,1,0,0]]",2,0.028533198169706397
level2_receiver_side_info,543,"[[0,1,1,1,0,1,1,1],[0,1,1,0],[0,1,0,0]]",4,0.0456971587074495
level2_receiver_side_info,543,"[[0,1,1,1,0,1,1,1],[0,1,1,0],[0,1,0,0]]",8,0.0647237743260059
level2_receiver_side_info,543,"[[0,1,1,1,0,1,1,1],[0,1,1,0],[0,1,0,0]]",16,0.08128352549864842
level2_receiver_side_info,543,"[[0,1,1,1,0,1,1,1],[0,1,1,0],[0,1,0,0]]",32,0.09305028484361938
level2_receiver_side_info,544,"[[0,1,1,1,0,1,1,1],[0,1,1,0],[0,1,0,1]]",0,0.0
level2_receiver_side_info,544,"[[0,1,1,1,0,1,1,1],[0,1,1,0],[0,1,0,1]]",1,0.05860388034055081
level2_receiver_side_info,544,"[[0,1,1,1,0,1,1,1],[0,1,1,0],[0,1,0,1]]",2,0.10360963497554826
level2_receiver_side_info,544,"[[0,1,1,1,0,1,1,1],[0,1,1,0],[0,1,0,1]]",4,0.16586347534839643
level2_receiver_side_info,544,"[[0,1,1,1,0,1,1,1],[0,1,1,0],[0,1,0,1]]",8,0.23177388954021425
level2_receiver_side_info,544,"[[0,1,1,1,0,1,1,1],[0,1,1,0],[0,1,0,1]]",16,0.2829520729874759
level2_receiver_side_info,544,"[[0,1,1,1,0,1,1,1],[0,1,1,0],[0,1,0,1]]",32,0.3139496737296405
level2_receiver_side_info,545,"[[0,1,1,1,0,1,1,1],[0,1,1,0],[0,1,1,1]]",0,0.0
level2_receiver_side_info,545,"[[0,1,1,1,0,1,1,1],[0,1,1,0],[0,1,1,1]]",1,0.01621124580150446
level2_receiver_side_info,545,"[[0,1,1,1,0,1,1,1],[0,1,1,0],[0,1,1,1]]",2,0.028533198169706342
level2_receiver_side_info,545,"[[0,1,1,1,0,1,1,1],[0,1,1,0],[0,1,1,1]]",4,0.0456971587074495
level2_receiver_side_info,545,"[[0,1,1,1,0,1,1,1],[0,1,1,0],[0,1,1,1]]",8,0.0647237743260059
level2_receiver_side_info,545,"[[0,1,1,1,0,1,1,1],[0,1,1,0],[0,1,1,1]]",16,0.08128352549864842
level2_receiver_side_info,545,"[[0,1,1,1,0,1,1,1],[0,1,1,0],[0,1,1,1]]",32,0.09305028484361938
level2_receiver_side_info,546,"[[0,1,1,1,0,1,1,1],[0,1,1,0],[1,1,1,0]]",0,0.0
level2_receiver_side_info,546,"[[0,1,1,1,0,1,1,1],[0,1,1,0],[1,1,1,0]]",1,0.01621124580150446
level2_receiver_side_info,546,"[[0,1,1,1,0,1,1,1],[0,1,1,0],[1,1,1,0]]",2,0.028533198169706342
level2_receiver_side_info,546,"[[0,1,1,1,0,1,1,1],[0,1,1,0],[1,1,1,0]]",4,0.0456971587074495
level2_receiver_side_info,546,"[[0,1,1,1,0,1,1,1],[0,1,1,0],[1,1,1,0]]",8,0.0647237743260059
level2_receiver_side_info,546,"[[0,1,1,1,0,1,1,1],[0,1,1,0],[1,1,1,0]]",16,0.08128352549864837
level2_receiver_side_info,546,"[[0,1,1,1,0,1,1,1],[0,1,1,0],[1,1,1,0]]",32,0.09305028484361938
level2_receiver_side_info,547,"[[0,1,1,1,0,1,1,1],[0,1,1,0],[1,1,0,1]]",0,0.0
level2_receiver_side_info,547,"[[0,1,1,1,0,1,1,1],[0,1,1,0],[1,1,0,1]]",1,0.01621124580150446
level2_receiver_side_info,547,"[[0,1,1,1,0,1,1,1],[0,1,1,0],[1,1,0,1]]",2,0.028533198169706286
level2_receiver_side_info,547,"[[0,1,1,1,0,1,1,1],[0,1,1,0],[1,1,0,1]]",4,0.0456971587074495
level2_receiver_side_info,547,"[[0,1,1,1,0,1,1,1],[0,1,1,0],[1,1,0,1]]",8,0.0647237743260059
level2_receiver_side_info,547,"[[0,1,1,1,0,1,1,1],[0,1,1,0],[1,1,0,1]]",16,0.08128352549864842
level2_receiver_side_info,547,"[[0,1,1,1,0,1,1,1],[0,1,1,0],[1,1,0,1]]",32,0.09305028484361932
level2_receiver_side_info,548,"[[0,1,1,1,0,1,1,1],[0,1,1,0],[1,0,1,1]]",0,0.0
level2_receiver_side_info,548,"[[0,1,1,1,0,1,1,1],[0,1,1,0],[1,0,1,1]]",1,0.01621124580150446
level2_receiver_side_info,548,"[[0,1,1,1,0,1,1,1],[0,1,1,0],[1,0,1,1]]",2,0.028533198169706397
level2_receiver_side_info,548,"[[0,1,1,1,0,1,1,1],[0,1,1,0],[1,0,1,1]]",4,0.0456971587074495
level2_receiver_side_info,548,"[[0,1,1,1,0,1,1,1],[0,1,1,0],[1,0,1,1]]",8,0.0647237743260059
level2_receiver_side_info,548,"[[0,1,1,1,0,1,1,1],[0,1,1,0],[1,0,1,1]]",16,0.08128352549864842
level2_receiver_side_info,548,"[[0,1,1,1,0,1,1,1],[0,1,1,0],[1,0,1,1]]",32,0.09305028484361938
level2_receiver_side_info,549,"[[0,1,1,1,0,1,1,1],[0,1,1,0],[1,0,1,0]]",0,0.0
level2_receiver_side_info,549,"[[0,1,1,1,0,1,1,1],[0,1,1,0],[1,0,1,0]]",1,0.05860388034055081
level2_receiver_side_info,549,"[[0,1,1,1,0,1,1,1],[0,1,1,0],[1,0,1,0]]",2,0.10360963497554826
level2_receiver_side_info,549,"[[0,1,1,1,0,1,1,1],[0,1,1,0],[1,0,1,0]]",4,0.16586347534839643
level2_receiver_side_info,549,"[[0,1,1,1,0,1,1,1],[0,1,1,0],[1,0,1,0]]",8,0.23177388954021425
level2_receiver_side_info,549,"[[0,1,1,1,0,1,1,1],[0,1,1,0],[1,0,1,0]]",16,0.2829520729874759
level2_receiver_side_info,549,"[[0,1,1,1,0,1,1,1],[0,1,1,0],[1,0,1,0]]",32,0.3139496737296405
level2_receiver_side_info,550,"[[0,1,1,1,0,1,1,1],[0,1,1,0],[1,0,0,0]]",0,0.0
level2_receiver_side_info,550,"[[0,1,1,1,0,1,1,1],[0,1,1,0],[1,0,0,0]]",1,0.01621124580150446
level2_receiver_side_info,550,"[[0,1,1,1,0,1,1,1],[0,1,1,0],[1,0,0,0]]",2,0.028533198169706342
level2_receiver_side_info,550,"[[0,1,1,1,0,1,1,1],[0,1,1,0],[1,0,0,0]]",4,0.0456971587074495
level2_receiver_side_info,550,"[[0,1,1,1,0,1,1,1],[0,1,1,0],[1,0,0,0]]",8,0.0647237743260059
level2_receiver_side_info,550,"[[0,1,1,1,0,1,1,1],[0,1,1,0],[1,0,0,0]]",16,0.08128352549864842
level2_receiver_side_info,550,"[[0,1,1,1,0,1,1,1],[0,1,1,0],[1,0,0,0]]",32,0.09305028484361938
level2_receiver_side_info,551,"[[0,1,1,1,0,1,1,1],[0,0,1,1],[1,1,1,0]]",0,0.0
level2_receiver_side_info,551,"[[0,1,1,1,0,1,1,1],[0,0,1,1],[1,1,1,0]]",1,0.01621124580150446
level2_receiver_side_info,551,"[[0,1,1,1,0,1,1,1],[0,0,1,1],[1,1,1,0]]",2,0.028533198169706342
level2_receiver_side_info,551,"[[0,1,1,1,0,1,1,1],[0,0,1,1],[1,1,1,0]]",4,0.0456971587074495
level2_receiver_side_info,551,"[[0,1,1,1,0,1,1,1],[0,0,1,1],[1,1,1,0]]",8,0.0647237743260059
level2_receiver_side_info,551,"[[0,1,1,1,0,1,1,1],[0,0,1,1],[1,1,1,0]]",16,0.08128352549864837
level2_receiver_side_info,551,"[[0,1,1,1,0,1,1,1],[0,0,1,1],[1,1,1,0]]",32,0.09305028484361938
level2_receiver_side_info,552,"[[0,1,1,1,0,1,1,1],[0,0,1,1],[1,1,0,1]]",0,0.0
level2_receiver_side_info,552,"[[0,1,1,1,0,1,1,1],[0,0,1,1],[1,1,0,1]]",1,0.01621124580150446
level2_receiver_side_info,552,"[[0,1,1,1,0,1,1,1],[0,0,1,1],[1,1,0,1]]",2,0.028533198169706286
level2_receiver_side_info,552,"[[0,1,1,1,0,1,1,1],[0,0,1,1],[1,1,0,1]]",4,0.0456971587074495
level2_receiver_side_info,552,"[[0,1,1,1,0,1,1,1],[0,0,1,1],[1,1,0,1]]",8,0.0647237743260059
level2_receiver_side_info,552,"[[0,1,1,1,0,1,1,1],[0,0,1,1],[1,1,0,1]]",16,0.08128352549864842
level2_receiver_side_info,552,"[[0,1,1,1,0,1,1,1],[0,0,1,1],[1,1,0,1]]",32,0.09305028484361932
level2_receiver_side_info,553,"[[0,1,1,1,0,1,1,1],[0,0,1,1],[1,0,1,1]]",0,0.0
level2_receiver_side_info,553,"[[0,1,1,1,0,1,1,1],[0,0,1,1],[1,0,1,1]]",1,0.01621124580150446
level2_receiver_side_info,553,"[[0,1,1,1,0,1,1,1],[0,0,1,1],[1,0,1,1]]",2,0.028533198169706397
level2_receiver_side_info,553,"[[0,1,1,1,0,1,1,1],[0,0,1,1],[1,0,1,1]]",4,0.0456971587074495
level2_receiver_side_info,553,"[[0,1,1,1,0,1,1,1],[0,0,1,1],[1,0,1,1]]",8,0.0647237743260059
level2_receiver_side_info,553,"[[0,1,1,1,0,1,1,1],[0,0,1,1],[1,0,1,1]]",16,0.08128352549864842
level2_receiver_side_info,553,"[[0,1,1,1,0,1,1,1],[0,0,1,1],[1,0,1,1]]",32,0.09305028484361938
level2_receiver_side_info,554,"[[0,1,1,1,0,1,1,1],[0,0,1,1],[1,0,1,0]]",0,0.0
level2_receiver_side_info,554,"[[0,1,1,1,0,1,1,1],[0,0,1,1],[1,0,1,0]]",1,0.05860388034055081
level2_receiver_side_info,554,"[[0,1,1,1,0,1,1,1],[0,0,1,1],[1,0,1,0]]",2,0.10360963497554826
level2_receiver_side_info,554,"[[0,1,1,1,0,1,1,1],[0,0,1,1],[1,0,1,0]]",4,0.16586347534839643
level2_receiver_side_info,554,"[[0,1,1,1,0,1,1,1],[0,0,1,1],[1,0,1,0]]",8,0.23177388954021425
level2_receiver_side_info,554,"[[0,1,1,1,0,1,1,1],[0,0,1,1],[1,0,1,0]]",16,0.2829520729874759
level2_receiver_side_info,554,"[[0,1,1,1,0,1,1,1],[0,0,1,1],[1,0,1,0]]",32,0.3139496737296405
level2_receiver_side_info,555,"[[0,1,1,1,0,1,1,1],[0,0,1,1],[1,0,0,0]]",0,0.0
level2_receiver_side_info,555,"[[0,1,1,1,0,1,1,1],[0,0,1,1],[1,0,0,0]]",1,0.01621124580150446
level2_receiver_side_info,555,"[[0,1,1,1,0,1,1,1],[0,0,1,1],[1,0,0,0]]",2,0.028533198169706342
level2_receiver_side_info,555,"[[0,1,1,1,0,1,1,1],[0,0,1,1],[1,0,0,0]]",4,0.0456971587074495
level2_receiver_side_info,555,"[[0,1,1,1,0,1,1,1],[0,0,1,1],[1,0,0,0]]",8,0.0647237743260059
level2_receiver_side_info,555,"[[0,1,1,1,0,1,1,1],[0,0,1,1],[1,0,0,0]]",16,0.08128352549864842
level2_receiver_side_info,555,"[[0,1,1,1,0,1,1,1],[0,0,1,1],[1,0,0,0]]",32,0.09305028484361938
level2_receiver_side_info,556,"[[0,1,1,1,1,1,0,1],[0,0,1,1],[0,0,0,1]]",0,0.0
level2_receiver_side_info,556,"[[0,1,1,1,1,1,0,1],[0,0,1,1],[0,0,0,1]]",1,0.01621124580150446
level2_receiver_side_info,556,"[[0,1,1,1,1,1,0,1],[0,0,1,1],[0,0,0,1]]",2,0.028533198169706342
level2_receiver_side_info,556,"[[0,1,1,1,1,1,0,1],[0,0,1,1],[0,0,0,1]]",4,0.0456971587074495
level2_receiver_side_info,556,"[[0,1,1,1,1,1,0,1],[0,0,1,1],[0,0,0,1]]",8,0.0647237743260059
level2_receiver_side_info,556,"[[0,1,1,1,1,1,0,1],[0,0,1,1],[0,0,0,1]]",16,0.08128352549864837
level2_receiver_side_info,556,"[[0,1,1,1,1,1,0,1],[0,0,1,1],[0,0,0,1]]",32,0.09305028484361938
level2_receiver_side_info,557,"[[0,1,1,1,1,1,0,1],[0,0,1,1],[0,0,1,0]]",0,0.0
level2_receiver_side_info,557,"[[0,1,1,1,1,1,0,1],[0,0,1,1],[0,0,1,0]]",1,0.01621124580150446
level2_receiver_side_info,557,"[[0,1,1,1,1,1,0,1],[0,0,1,1],[0,0,1,0]]",2,0.028533198169706286
level2_receiver_side_info,557,"[[0,1,1,1,1,1,0,1],[0,0,1,1],[0,0,1,0]]",4,0.0456971587074495
level2_receiver_side_info,557,"[[0,1,1,1,1,1,0,1],[0,0,1,1],[0,0,1,0]]",8,0.0647237743260059
level2_receiver_side_info,557,"[[0,1,1,1,1,1,0,1],[0,0,1,1],[0,0,1,0]]",16,0.08128352549864842
level2_receiver_side_info,557,"[[0,1,1,1,1,1,0,1],[0,0,1,1],[0,0,1,0]]",32,0.09305028484361932
level2_receiver_side_info,558,"[[0,1,1,1,1,1,0,1],[0,0,1,1],[0,1,0,0]]",0,0.0
level2_receiver_side_info,558,"[[0,1,1,1,1,1,0,1],[0,0,1,1],[0,1,0,0]]",1,0.01621124580150446
level2_receiver_side_info,558,"[[0,1,1,1,1,1,0,1],[0,0,1,1],[0,1,0,0]]",2,0.028533198169706342
level2_receiver_side_info,558,"[[0,1,1,1,1,1,0,1],[0,0,1,1],[0,1,0,0]]",4,0.0456971587074495
level2_receiver_side_info,558,"[[0,1,1,1,1,1,0,1],[0,0,1,1],[0,1,0,0]]",8,0.0647237743260059
level2_receiver_side_info,558,"[[0,1,1,1,1,1,0,1],[0,0,1,1],[0,1,0,0]]",16,0.08128352549864842
level2_receiver_side_info,558,"[[0,1,1,1,1,1,0,1],[0,0,1,1],[0,1,0,0]]",32,0.09305028484361938
level2_receiver_side_info,559,"[[0,1,1,1,1,1,0,1],[0,0,1,1],[0,1,1,0]]",0,0.0
level2_receiver_side_info,559,"[[0,1,1,1,1,1,0,1],[0,0,1,1],[0,1,1,0]]",1,0.05860388034055081
level2_receiver_side_info,559,"[[0,1,1,1,1,1,0,1],[0,0,1,1],[0,1,1,0]]",2,0.10360963497554826
level2_receiver_side_info,559,"[[0,1,1,1,1,1,0,1],[0,0,1,1],[0,1,1,0]]",4,0.16586347534839643
level2_receiver_side_info,559,"[[0,1,1,1,1,1,0,1],[0,0,1,1],[0,1,1,0]]",8,0.23177388954021425
level2_receiver_side_info,559,"[[0,1,1,1,1,1,0,1],[0,0,1,1],[0,1,1,0]]",16,0.2829520729874759
level2_receiver_side_info,559,"[[0,1,1,1,1,1,0,1],[0,0,1,1],[0,1,1,0]]",32,0.3139496737296405
level2_receiver_side_info,560,"[[0,1,1,1,1,1,0,1],[0,0,1,1],[0,1,1,1]]",0,0.0
level2_receiver_side_info,560,"[[0,1,1,1,1,1,0,1],[0,0,1,1],[0,1,1,1]]",1,0.01621124580150446
level2_receiver_side_info,560,"[[0,1,1,1,1,1,0,1],[0,0,1,1],[0,1,1,1]]",2,0.028533198169706397
level2_receiver_side_info,560,"[[0,1,1,1,1,1,0,1],[0,0,1,1],[0,1,1,1]]",4,0.0456971587074495
level2_receiver_side_info,560,"[[0,1,1,1,1,1,0,1],[0,0,1,1],[0,1,1,1]]",8,0.0647237743260059
level2_receiver_side_info,560,"[[0,1,1,1,1,1,0,1],[0,0,1,1],[0,1,1,1]]",16,0.08128352549864842
level2_receiver_side_info,560,"[[0,1,1,1,1,1,0,1],[0,0,1,1],[0,1,1,1]]",32,0.09305028484361938
level2_receiver_side_info,561,"[[0,1,1,1,1,1,0,1],[0,1,0,1],[0,0,0,1]]",0,0.0
level2_receiver_side_info,561,"[[0,1,1,1,1,1,0,1],[0,1,0,1],[0,0,0,1]]",1,0.01621124580150446
level2_receiver_side_info,561,"[[0,1,1,1,1,1,0,1],[0,1,0,1],[0,0,0,1]]",2,0.028533198169706342
level2_receiver_side_info,561,"[[0,1,1,1,1,1,0,1],[0,1,0,1],[0,0,0,1]]",4,0.0456971587074495
level2_receiver_side_info,561,"[[0,1,1,1,1,1,0,1],[0,1,0,1],[0,0,0,1]]",8,0.0647237743260059
level2_receiver_side_info,561,"[[0,1,1,1,1,1,0,1],[0,1,0,1],[0,0,0,1]]",16,0.08128352549864837
level2_receiver_side_info,561,"[[0,1,1,1,1,1,0,1],[0,1,0,1],[0,0,0,1]]",32,0.09305028484361938
level2_receiver_side_info,562,"[[0,1,1,1,1,1,0,1],[0,1,0,1],[0,0,1,0]]",0,0.0
level2_receiver_side_info,562,"[[0,1,1,1,1,1,0,1],[0,1,0,1],[0,0,1,0]]",1,0.01621124580150446
level2_receiver_side_info,562,"[[0,1,1,1,1,1,0,1],[0,1,0,1],[0,0,1,0]]",2,0.028533198169706286
level2_receiver_side_info,562,"[[0,1,1,1,1,1,0,1],[0,1,0,1],[0,0,1,0]]",4,0.0456971587074495
level2_receiver_side_info,562,"[[0,1,1,1,1,1,0,1],[0,1,0,1],[0,0,1,0]]",8,0.0647237743260059
level2_receiver_side_info,562,"[[0,1,1,1,1,1,0,1],[0,1,0,1],[0,0,1,0]]",16,0.08128352549864842
level2_receiver_side_info,562,"[[0,1,1,1,1,1,0,1],[0,1,0,1],[0,0,1,0]]",32,0.09305028484361932
level2_receiver_side_info,563,"[[0,1,1,1,1,1,0,1],[0,1,0,1],[0,1,0,0]]",0,0.0
level2_receiver_side_info,563,"[[0,1,1,1,1,1,0,1],[0,1,0,1],[0,1,0,0]]",1,0.01621124580150446
level2_receiver_side_info,563,"[[0,1,1,1,1,1,0,1],[0,1,0,1],[0,1,0,0]]",2,0.028533198169706342
level2_receiver_side_info,563,"[[0,1,1,1,1,1,0,1],[0,1,0,1],[0,1,0,0]]",4,0.0456971587074495
level2_receiver_side_info,563,"[[0,1,1,1,1,1,0,1],[0,1,0,1],[0,1,0,0]]",8,0.0647237743260059
level2_receiver_side_info,563,"[[0,1,1,1,1,1,0,1],[0,1,0,1],[0,1,0,0]]",16,0.08128352549864842
level2_receiver_side_info,563,"[[0,1,1,1,1,1,0,1],[0,1,0,1],[0,1,0,0]]",32,0.09305028484361938
level2_receiver_side_info,564,"[[0,1,1,1,1,1,0,1],[0,1,0,1],[0,1,1,0]]",0,0.0
level2_receiver_side_info,564,"[[0,1,1,1,1,1,0,1],[0,1,0,1],[0,1,1,0]]",1,0.05860388034055081
level2_receiver_side_info,564,"[[0,1,1,1,1,1,0,1],[0,1,0,1],[0,1,1,0]]",2,0.10360963497554826
level2_receiver_side_info,564,"[[0,1,1,1,1,1,0,1],[0,1,0,1],[0,1,1,0]]",4,0.16586347534839643
level2_receiver_side_info,564,"[[0,1,1,1,1,1,0,1],[0,1,0,1],[0,1,1,0]]",8,0.23177388954021425
level2_receiver_side_info,564,"[[0,1,1,1,1,1,0,1],[0,1,0,1],[0,1,1,0]]",16,0.2829520729874759
level2_receiver_side_info,564,"[[0,1,1,1,1,1,0,1],[0,1,0,1],[0,1,1,0]]",32,0.3139496737296405
level2_receiver_side_info,565,"[[0,1,1,1,1,1,0,1],[0,1,0,1],[0,1,1,1]]",0,0.0
level2_receiver_side_info,565,"[[0,1,1,1,1,1,0,1],[0,1,0,1],[0,1,1,1]]",1,0.01621124580150446
level2_receiver_side_info,565,"[[0,1,1,1,1,1,0,1],[0,1,0,1],[0,1,1,1]]",2,0.028533198169706397
level2_receiver_side_info,565,"[[0,1,1,1,1,1,0,1],[0,1,0,1],[0,1,1,1]]",4,0.0456971587074495
level2_receiver_side_info,565,"[[0,1,1,1,1,1,0,1],[0,1,0,1],[0,1,1,1]]",8,0.0647237743260059
level2_receiver_side_info,565,"[[0,1,1,1,1,1,0,1],[0,1,0,1],[0,1,1,1]]",16,0.08128352549864842
level2_receiver_side_info,565,"[[0,1,1,1,1,1,0,1],[0,1,0,1],[0,1,1,1]]",32,0.09305028484361938
level2_receiver_side_info,566,"[[0,1,1,1,1,1,0,1],[0,1,0,1],[1,1,1,0]]",0,0.0
level2_receiver_side_info,566,"[[0,1,1,1,1,1,0,1],[0,1,0,1],[1,1,1,0]]",1,0.01621124580150446
level2_receiver_side_info,566,"[[0,1,1,1,1,1,0,1],[0,1,0,1],[1,1,1,0]]",2,0.028533198169706342
level2_receiver_side_info,566,"[[0,1,1,1,1,1,0,1],[0,1,0,1],[1,1,1,0]]",4,0.0456971587074495
level2_receiver_side_info,566,"[[0,1,1,1,1,1,0,1],[0,1,0,1],[1,1,1,0]]",8,0.0647237743260059
level2_receiver_side_info,566,"[[0,1,1,1,1,1,0,1],[0,1,0,1],[1,1,1,0]]",16,0.08128352549864837
level2_receiver_side_info,566,"[[0,1,1,1,1,1,0,1],[0,1,0,1],[1,1,1,0]]",32,0.09305028484361938
level2_receiver_side_info,567,"[[0,1,1,1,1,1,0,1],[0,1,0,1],[1,1,0,1]]",0,0.0
level2_receiver_side_info,567,"[[0,1,1,1,1,1,0,1],[0,1,0,1],[1,1,0,1]]",1,0.01621124580150446
level2_receiver_side_info,567,"[[0,1,1,1,1,1,0,1],[0,1,0,1],[1,1,0,1]]",2,0.028533198169706286
level2_receiver_side_info,567,"[[0,1,1,1,1,1,0,1],[0,1,0,1],[1,1,0,1]]",4,0.0456971587074495
level2_receiver_side_info,567,"[[0,1,1,1,1,1,0,1],[0,1,0,1],[1,1,0,1]]",8,0.0647237743260059
level2_receiver_side_info,567,"[[0,1,1,1,1,1,0,1],[0,1,0,1],[1,1,0,1]]",16,0.08128352549864842
level2_receiver_side_info,567,"[[0,1,1,1,1,1,0,1],[0,1,0,1],[1,1,0,1]]",32,0.09305028484361932
level2_receiver_side_info,568,"[[0,1,1,1,1,1,0,1],[0,1,0,1],[1,0,1,1]]",0,0.0
level2_receiver_side_info,568,"[[0,1,1,1,1,1,0,1],[0,1,0,1],[1,0,1,1]]",1,0.01621124580150446
level2_receiver_side_info,568,"[[0,1,1,1,1,1,0,1],[0,1,0,1],[1,0,1,1]]",2,0.028533198169706342
level2_receiver_side_info,568,"[[0,1,1,1,1,1,0,1],[0,1,0,1],[1,0,1,1]]",4,0.0456971587074495
level2_receiver_side_info,568,"[[0,1,1,1,1,1,0,1],[0,1,0,1],[1,0,1,1]]",8,0.0647237743260059
level2_receiver_side_info,568,"[[0,1,1,1,1,1,0,1],[0,1,0,1],[1,0,1,1]]",16,0.08128352549864842
level2_receiver_side_info,568,"[[0,1,1,1,1,1,0,1],[0,1,0,1],[1,0,1,1]]",32,0.09305028484361938
level2_receiver_side_info,569,"[[0,1,1,1,1,1,0,1],[0,1,0,1],[1,0,0,1]]",0,0.0
level2_receiver_side_info,569,"[[0,1,1,1,1,1,0,1],[0,1,0,1],[1,0,0,1]]",1,0.05860388034055081
level2_receiver_side_info,569,"[[0,1,1,1,1,1,0,1],[0,1,0,1],[1,0,0,1]]",2,0.10360963497554826
level2_receiver_side_info,569,"[[0,1,1,1,1,1,0,1],[0,1,0,1],[1,0,0,1]]",4,0.16586347534839643
level2_receiver_side_info,569,"[[0,1,1,1,1,1,0,1],[0,1,0,1],[1,0,0,1]]",8,0.23177388954021425
level2_receiver_side_info,569,"[[0,1,1,1,1,1,0,1],[0,1,0,1],[1,0,0,1]]",16,0.2829520729874759
level2_receiver_side_info,569,"[[0,1,1,1,1,1,0,1],[0,1,0,1],[1,0,0,1]]",32,0.3139496737296405
level2_receiver_side_info,570,"[[0,1,1,1,1,1,0,1],[0,1,0,1],[1,0,0,0]]",0,0.0
level2_receiver_side_info,570,"[[0,1,1,1,1,1,0,1],[0,1,0,1],[1,0,0,0]]",1,0.01621124580150446
level2_receiver_side_info,570,"[[0,1,1,1,1,1,0,1],[0,1,0,1],[1,0,0,0]]",2,0.028533198169706397
level2_receiver_side_info,570,"[[0,1,1,1,1,1,0,1],[0,1,0,1],[1,0,0,0]]",4,0.0456971587074495
level2_receiver_side_info,570,"[[0,1,1,1,1,1,0,1],[0,1,0,1],[1,0,0,0]]",8,0.0647237743260059
level2_receiver_side_info,570,"[[0,1,1,1,1,1,0,1],[0,1,0,1],[1,0,0,0]]",16,0.08128352549864842
level2_receiver_side_info,570,"[[0,1,1,1,1,1,0,1],[0,1,0,1],[1,0,0,0]]",32,0.09305028484361938
level2_receiver_side_info,571,"[[0,1,1,1,1,1,0,1],[0,0,1,1],[1,1,1,0]]",0,0.0
level2_receiver_side_info,571,"[[0,1,1,1,1,1,0,1],[0,0,1,1],[1,1,1,0]]",1,0.01621124580150446
level2_receiver_side_info,571,"[[0,1,1,1,1,1,0,1],[0,0,1,1],[1,1,1,0]]",2,0.028533198169706342
level2_receiver_side_info,571,"[[0,1,1,1,1,1,0,1],[0,0,1,1],[1,1,1,0]]",4,0.0456971587074495
level2_receiver_side_info,571,"[[0,1,1,1,1,1,0,1],[0,0,1,1],[1,1,1,0]]",8,0.0647237743260059
level2_receiver_side_info,571,"[[0,1,1,1,1,1,0,1],[0,0,1,1],[1,1,1,0]]",16,0.08128352549864837
level2_receiver_side_info,571,"[[0,1,1,1,1,1,0,1],[0,0,1,1],[1,1,1,0]]",32,0.09305028484361938
level2_receiver_side_info,572,"[[0,1,1,1,1,1,0,1],[0,0,1,1],[1,1,0,1]]",0,0.0
level2_receiver_side_info,572,"[[0,1,1,1,1,1,0,1],[0,0,1,1],[1,1,0,1]]",1,0.01621124580150446
level2_receiver_side_info,572,"[[0,1,1,1,1,1,0,1],[0,0,1,1],[1,1,0,1]]",2,0.028533198169706286
level2_receiver_side_info,572,"[[0,1,1,1,1,1,0,1],[0,0,1,1],[1,1,0,1]]",4,0.0456971587074495
level2_receiver_side_info,572,"[[0,1,1,1,1,1,0,1],[0,0,1,1],[1,1,0,1]]",8,0.0647237743260059
level2_receiver_side_info,572,"[[0,1,1,1,1,1,0,1],[0,0,1,1],[1,1,0,1]]",16,0.08128352549864842
level2_receiver_side_info,572,"[[0,1,1,1,1,1,0,1],[0,0,1,1],[1,1,0,1]]",32,0.09305028484361932
level2_receiver_side_info,573,"[[0,1,1,1,1,1,0,1],[0,0,1,1],[1,0,1,1]]",0,0.0
level2_receiver_side_info,573,"[[0,1,1,1,1,1,0,1],[0,0,1,1],[1,0,1,1]]",1,0.01621124580150446
level2_receiver_side_info,573,"[[0,1,1,1,1,1,0,1],[0,0,1,1],[1,0,1,1]]",2,0.028533198169706342
level2_receiver_side_info,573,"[[0,1,1,1,1,1,0,1],[0,0,1,1],[1,0,1,1]]",4,0.0456971587074495
level2_receiver_side_info,573,"[[0,1,1,1,1,1,0,1],[0,0,1,1],[1,0,1,1]]",8,0.0647237743260059
level2_receiver_side_info,573,"[[0,1,1,1,1,1,0,1],[0,0,1,1],[1,0,1,1]]",16,0.08128352549864842
level2_receiver_side_info,573,"[[0,1,1,1,1,1,0,1],[0,0,1,1],[1,0,1,1]]",32,0.09305028484361938
level2_receiver_side_info,574,"[[0,1,1,1,1,1,0,1],[0,0,1,1],[1,0,0,1]]",0,0.0
level2_receiver_side_info,574,"[[0,1,1,1,1,1,0,1],[0,0,1,1],[1,0,0,1]]",1,0.05860388034055081
level2_receiver_side_info,574,"[[0,1,1,1,1,1,0,1],[0,0,1,1],[1,0,0,1]]",2,0.10360963497554826
level2_receiver_side_info,574,"[[0,1,1,1,1,1,0,1],[0,0,1,1],[1,0,0,1]]",4,0.16586347534839643
level2_receiver_side_info,574,"[[0,1,1,1,1,1,0,1],[0,0,1,1],[1,0,0,1]]",8,0.23177388954021425
level2_receiver_side_info,574,"[[0,1,1,1,1,1,0,1],[0,0,1,1],[1,0,0,1]]",16,0.2829520729874759
level2_receiver_side_info,574,"[[0,1,1,1,1,1,0,1],[0,0,1,1],[1,0,0,1]]",32,0.3139496737296405
level2_receiver_side_info,575,"[[0,1,1,1,1,1,0,1],[0,0,1,1],[1,0,0,0]]",0,0.0
level2_receiver_side_info,575,"[[0,1,1,1,1,1,0,1],[0,0,1,1],[1,0,0,0]]",1,0.01621124580150446
level2_receiver_side_info,575,"[[0,1,1,1,1,1,0,1],[0,0,1,1],[1,0,0,0]]",2,0.028533198169706397
level2_receiver_side_info,575,"[[0,1,1,1,1,1,0,1],[0,0,1,1],[1,0,0,0]]",4,0.0456971587074495
level2_receiver_side_info,575,"[[0,1,1,1,1,1,0,1],[0,0,1,1],[1,0,0,0]]",8,0.0647237743260059
level2_receiver_side_info,575,"[[0,1,1,1,1,1,0,1],[0,0,1,1],[1,0,0,0]]",16,0.08128352549864842
level2_receiver_side_info,575,"[[0,1,1,1,1,1,0,1],[0,0,1,1],[1,0,0,0]]",32,0.09305028484361938
level2_receiver_side_info,576,"[[0,1,1,1,1,1,1,1],[0,0,0,1],[0,1,1,1]]",0,0.007042719241674045
level2_receiver_side_info,576,"[[0,1,1,1,1,1,1,1],[0,0,0,1],[0,1,1,1]]",1,0.043652143186217685
level2_receiver_side_info,576,"[[0,1,1,1,1,1,1,1],[0,0,0,1],[0,1,1,1]]",2,0.07195128098324621
level2_receiver_side_info,576,"[[0,1,1,1,1,1,1,1],[0,0,0,1],[0,1,1,1]]",4,0.11242296217865763
level2_receiver_side_info,576,"[[0,1,1,1,1,1,1,1],[0,0,0,1],[0,1,1,1]]",8,0.15854956604460907
level2_receiver_side_info,576,"[[0,1,1,1,1,1,1,1],[0,0,0,1],[0,1,1,1]]",16,0.19702626025256342
level2_receiver_side_info,576,"[[0,1,1,1,1,1,1,1],[0,0,0,1],[0,1,1,1]]",32,0.21969614553731964
level2_receiver_side_info,577,"[[0,1,1,1,1,1,1,1],[0,0,1,0],[0,1,1,1]]",0,0.007042719241674045
level2_receiver_side_info,577,"[[0,1,1,1,1,1,1,1],[0,0,1,0],[0,1,1,1]]",1,0.043652143186217685
level2_receiver_side_info,577,"[[0,1,1,1,1,1,1,1],[0,0,1,0],[0,1,1,1]]",2,0.07195128098324621
level2_receiver_side_info,577,"[[0,1,1,1,1,1,1,1],[0,0,1,0],[0,1,1,1]]",4,0.11242296217865763
level2_receiver_side_info,577,"[[0,1,1,1,1,1,1,1],[0,0,1,0],[0,1,1,1]]",8,0.15854956604460907
level2_receiver_side_info,577,"[[0,1,1,1,1,1,1,1],[0,0,1,0],[0,1,1,1]]",16,0.19702626025256348
level2_receiver_side_info,577,"[[0,1,1,1,1,1,1,1],[0,0,1,0],[0,1,1,1]]",32,0.21969614553731964
level2_receiver_side_info,578,"[[0,1,1,1,1,1,1,1],[0,1,0,0],[0,1,1,1]]",0,0.007042719241673989
level2_receiver_side_info,578,"[[0,1,1,1,1,1,1,1],[0,1,0,0],[0,1,1,1]]",1,0.043652143186217685
level2_receiver_side_info,578,"[[0,1,1,1,1,1,1,1],[0,1,0,0],[0,1,1,1]]",2,0.07195128098324621
level2_receiver_side_info,578,"[[0,1,1,1,1,1,1,1],[0,1,0,0],[0,1,1,1]]",4,0.11242296217865758
level2_receiver_side_info,578,"[[0,1,1,1,1,1,1,1],[0,1,0,0],[0,1,1,1]]",8,0.15854956604460907
level2_receiver_side_info,578,"[[0,1,1,1,1,1,1,1],[0,1,0,0],[0,1,1,1]]",16,0.19702626025256348
level2_receiver_side_info,578,"[[0,1,1,1,1,1,1,1],[0,1,0,0],[0,1,1,1]]",32,0.21969614553731964
level2_receiver_side_info,579,"[[0,1,1,1,1,1,1,1],[0,1,0,0],[0,1,1,1]]",0,0.007042719241673989
level2_receiver_side_info,579,"[[0,1,1,1,1,1,1,1],[0,1,0,0],[0,1,1,1]]",1,0.043652143186217685
level2_receiver_side_info,579,"[[0,1,1,1,1,1,1,1],[0,1,0,0],[0,1,1,1]]",2,0.07195128098324621
level2_receiver_side_info,579,"[[0,1,1,1,1,1,1,1],[0,1,0,0],[0,1,1,1]]",4,0.11242296217865758
level2_receiver_side_info,579,"[[0,1,1,1,1,1,1,1],[0,1,0,0],[0,1,1,1]]",8,0.15854956604460907
level2_receiver_side_info,579,"[[0,1,1,1,1,1,1,1],[0,1,0,0],[0,1,1,1]]",16,0.19702626025256348
level2_receiver_side_info,579,"[[0,1,1,1,1,1,1,1],[0,1,0,0],[0,1,1,1]]",32,0.21969614553731964
level2_receiver_side_info,580,"[[0,1,1,1,1,1,1,1],[0,0,1,0],[0,1,1,1]]",0,0.007042719241674045
level2_receiver_side_info,580,"[[0,1,1,1,1,1,1,1],[0,0,1,0],[0,1,1,1]]",1,0.043652143186217685
level2_receiver_side_info,580,"[[0,1,1,1,1,1,1,1],[0,0,1,0],[0,1,1,1]]",2,0.07195128098324621
level2_receiver_side_info,580,"[[0,1,1,1,1,1,1,1],[0,0,1,0],[0,1,1,1]]",4,0.11242296217865763
level2_receiver_side_info,580,"[[0,1,1,1,1,1,1,1],[0,0,1,0],[0,1,1,1]]",8,0.15854956604460907
level2_receiver_side_info,580,"[[0,1,1,1,1,1,1,1],[0,0,1,0],[0,1,1,1]]",16,0.19702626025256348
level2_receiver_side_info,580,"[[0,1,1,1,1,1,1,1],[0,0,1,0],[0,1,1,1]]",32,0.21969614553731964
level2_receiver_side_info,581,"[[0,1,1,1,1,1,1,1],[0,0,0,1],[0,1,1,1]]",0,0.007042719241674045
level2_receiver_side_info,581,"[[0,1,1,1,1,1,1,1],[0,0,0,1],[0,1,1,1]]",1,0.043652143186217685
level2_receiver_side_info,581,"[[0,1,1,1,1,1,1,1],[0,0,0,1],[0,1,1,1]]",2,0.07195128098324621
level2_receiver_side_info,581,"[[0,1,1,1,1,1,1,1],[0,0,0,1],[0,1,1,1]]",4,0.11242296217865763
level2_receiver_side_info,581,"[[0,1,1,1,1,1,1,1],[0,0,0,1],[0,1,1,1]]",8,0.15854956604460907
level2_receiver_side_info,581,"[[0,1,1,1,1,1,1,1],[0,0,0,1],[0,1,1,1]]",16,0.19702626025256342
level2_receiver_side_info,581,"[[0,1,1,1,1,1,1,1],[0,0,0,1],[0,1,1,1]]",32,0.21969614553731964
level2_receiver_side_info,582,"[[0,1,1,1,1,1,1,1],[0,0,0,1],[0,1,1,1]]",0,0.007042719241674045
level2_receiver_side_info,582,"[[0,1,1,1,1,1,1,1],[0,0,0,1],[0,1,1,1]]",1,0.043652143186217685
level2_receiver_side_info,582,"[[0,1,1,1,1,1,1,1],[0,0,0,1],[0,1,1,1]]",2,0.07195128098324621
level2_receiver_side_info,582,"[[0,1,1,1,1,1,1,1],[0,0,0,1],[0,1,1,1]]",4,0.11242296217865763
level2_receiver_side_info,582,"[[0,1,1,1,1,1,1,1],[0,0,0,1],[0,1,1,1]]",8,0.15854956604460907
level2_receiver_side_info,582,"[[0,1,1,1,1,1,1,1],[0,0,0,1],[0,1,1,1]]",16,0.19702626025256342
level2_receiver_side_info,582,"[[0,1,1,1,1,1,1,1],[0,0,0,1],[0,1,1,1]]",32,0.21969614553731964
level2_receiver_side_info,583,"[[0,1,1,1,1,1,1,1],[0,0,1,0],[0,1,1,1]]",0,0.007042719241674045
level2_receiver_side_info,583,"[[0,1,1,1,1,1,1,1],[0,0,1,0],[0,1,1,1]]",1,0.043652143186217685
level2_receiver_side_info,583,"[[0,1,1,1,1,1,1,1],[0,0,1,0],[0,1,1,1]]",2,0.07195128098324621
level2_receiver_side_info,583,"[[0,1,1,1,1,1,1,1],[0,0,1,0],[0,1,1,1]]",4,0.11242296217865763
level2_receiver_side_info,583,"[[0,1,1,1,1,1,1,1],[0,0,1,0],[0,1,1,1]]",8,0.15854956604460907
level2_receiver_side_info,583,"[[0,1,1,1,1,1,1,1],[0,0,1,0],[0,1,1,1]]",16,0.19702626025256348
level2_receiver_side_info,583,"[[0,1,1,1,1,1,1,1],[0,0,1,0],[0,1,1,1]]",32,0.21969614553731964
level2_receiver_side_info,584,"[[0,1,1,1,1,1,1,1],[0,0,1,1],[0,1,1,1]]",0,0.06385320297074876
level2_receiver_side_info,584,"[[0,1,1,1,1,1,1,1],[0,0,1,1],[0,1,1,1]]",1,0.07704682264253404
level2_receiver_side_info,584,"[[0,1,1,1,1,1,1,1],[0,0,1,1],[0,1,1,1]]",2,0.08780218399432074
level2_receiver_side_info,584,"[[0,1,1,1,1,1,1,1],[0,0,1,1],[0,1,1,1]]",4,0.1041522892464854
level2_receiver_side_info,584,"[[0,1,1,1,1,1,1,1],[0,0,1,1],[0,1,1,1]]",8,0.12453241233105772
level2_receiver_side_info,584,"[[0,1,1,1,1,1,1,1],[0,0,1,1],[0,1,1,1]]",16,0.14385004263287587
level2_receiver_side_info,584,"[[0,1,1,1,1,1,1,1],[0,0,1,1],[0,1,1,1]]",32,0.15747949742783532
level2_receiver_side_info,585,"[[0,1,1,1,1,1,1,1],[0,1,0,0],[0,1,1,1]]",0,0.007042719241673989
level2_receiver_side_info,585,"[[0,1,1,1,1,1,1,1],[0,1,0,0],[0,1,1,1]]",1,0.043652143186217685
level2_receiver_side_info,585,"[[0,1,1,1,1,1,1,1],[0,1,0,0],[0,1,1,1]]",2,0.07195128098324621
level2_receiver_side_info,585,"[[0,1,1,1,1,1,1,1],[0,1,0,0],[0,1,1,1]]",4,0.11242296217865758
level2_receiver_side_info,585,"[[0,1,1,1,1,1,1,1],[0,1,0,0],[0,1,1,1]]",8,0.15854956604460907
level2_receiver_side_info,585,"[[0,1,1,1,1,1,1,1],[0,1,0,0],[0,1,1,1]]",16,0.19702626025256348
level2_receiver_side_info,585,"[[0,1,1,1,1,1,1,1],[0,1,0,0],[0,1,1,1]]",32,0.21969614553731964
level2_receiver_side_info,586,"[[0,1,1,1,1,1,1,1],[0,1,0,1],[0,1,1,1]]",0,0.06385320297074876
level2_receiver_side_info,586,"[[0,1,1,1,1,1,1,1],[0,1,0,1],[0,1,1,1]]",1,0.07704682264253404
level2_receiver_side_info,586,"[[0,1,1,1,1,1,1,1],[0,1,0,1],[0,1,1,1]]",2,0.08780218399432074
level2_receiver_side_info,586,"[[0,1,1,1,1,1,1,1],[0,1,0,1],[0,1,1,1]]",4,0.10415228924648534
level2_receiver_side_info,586,"[[0,1,1,1,1,1,1,1],[0,1,0,1],[0,1,1,1]]",8,0.12453241233105772
level2_receiver_side_info,586,"[[0,1,1,1,1,1,1,1],[0,1,0,1],[0,1,1,1]]",16,0.14385004263287587
level2_receiver_side_info,586,"[[0,1,1,1,1,1,1,1],[0,1,0,1],[0,1,1,1]]",32,0.15747949742783532
level2_receiver_side_info,587,"[[0,1,1,1,1,1,1,1],[0,1,1,0],[0,1,1,1]]",0,0.06385320297074881
level2_receiver_side_info,587,"[[0,1,1,1,1,1,1,1],[0,1,1,0],[0,1,1,1]]",1,0.07704682264253404
level2_receiver_side_info,587,"[[0,1,1,1,1,1,1,1],[0,1,1,0],[0,1,1,1]]",2,0.08780218399432074
level2_receiver_side_info,587,"[[0,1,1,1,1,1,1,1],[0,1,1,0],[0,1,1,1]]",4,0.10415228924648534
level2_receiver_side_info,587,"[[0,1,1,1,1,1,1,1],[0,1,1,0],[0,1,1,1]]",8,0.12453241233105772
level2_receiver_side_info,587,"[[0,1,1,1,1,1,1,1],[0,1,1,0],[0,1,1,1]]",16,0.14385004263287587
level2_receiver_side_info,587,"[[0,1,1,1,1,1,1,1],[0,1,1,0],[0,1,1,1]]",32,0.15747949742783532
level2_receiver_side_info,588,"[[0,1,1,1,1,1,1,1],[0,1,1,0],[0,1,1,1]]",0,0.06385320297074881
level2_receiver_side_info,588,"[[0,1,1,1,1,1,1,1],[0,1,1,0],[0,1,1,1]]",1,0.07704682264253404
level2_receiver_side_info,588,"[[0,1,1,1,1,1,1,1],[0,1,1,0],[0,1,1,1]]",2,0.08780218399432074
level2_receiver_side_info,588,"[[0,1,1,1,1,1,1,1],[0,1,1,0],[0,1,1,1]]",4,0.10415228924648534
level2_receiver_side_info,588,"[[0,1,1,1,1,1,1,1],[0,1,1,0],[0,1,1,1]]",8,0.12453241233105772
level2_receiver_side_info,588,"[[0,1,1,1,1,1,1,1],[0,1,1,0],[0,1,1,1]]",16,0.14385004263287587
level2_receiver_side_info,588,"[[0,1,1,1,1,1,1,1],[0,1,1,0],[0,1,1,1]]",32,0.15747949742783532
level2_receiver_side_info,589,"[[0,1,1,1,1,1,1,1],[0,1,0,1],[0,1,1,1]]",0,0.06385320297074876
level2_receiver_side_info,589,"[[0,1,1,1,1,1,1,1],[0,1,0,1],[0,1,1,1]]",1,0.07704682264253404
level2_receiver_side_info,589,"[[0,1,1,1,1,1,1,1],[0,1,0,1],[0,1,1,1]]",2,0.08780218399432074
level2_receiver_side_info,589,"[[0,1,1,1,1,1,1,1],[0,1,0,1],[0,1,1,1]]",4,0.10415228924648534
level2_receiver_side_info,589,"[[0,1,1,1,1,1,1,1],[0,1,0,1],[0,1,1,1]]",8,0.12453241233105772
level2_receiver_side_info,589,"[[0,1,1,1,1,1,1,1],[0,1,0,1],[0,1,1,1]]",16,0.14385004263287587
level2_receiver_side_info,589,"[[0,1,1,1,1,1,1,1],[0,1,0,1],[0,1,1,1]]",32,0.15747949742783532
level2_receiver_side_info,590,"[[0,1,1,1,1,1,1,1],[0,1,0,0],[0,1,1,1]]",0,0.007042719241673989
level2_receiver_side_info,590,"[[0,1,1,1,1,1,1,1],[0,1,0,0],[0,1,1,1]]",1,0.043652143186217685
level2_receiver_side_info,590,"[[0,1,1,1,1,1,1,1],[0,1,0,0],[0,1,1,1]]",2,0.07195128098324621
level2_receiver_side_info,590,"[[0,1,1,1,1,1,1,1],[0,1,0,0],[0,1,1,1]]",4,0.11242296217865758
level2_receiver_side_info,590,"[[0,1,1,1,1,1,1,1],[0,1,0,0],[0,1,1,1]]",8,0.15854956604460907
level2_receiver_side_info,590,"[[0,1,1,1,1,1,1,1],[0,1,0,0],[0,1,1,1]]",16,0.19702626025256348
level2_receiver_side_info,590,"[[0,1,1,1,1,1,1,1],[0,1,0,0],[0,1,1,1]]",32,0.21969614553731964
level2_receiver_side_info,591,"[[0,1,1,1,1,1,1,1],[0,0,1,1],[0,1,1,1]]",0,0.06385320297074876
level2_receiver_side_info,591,"[[0,1,1,1,1,1,1,1],[0,0,1,1],[0,1,1,1]]",1,0.07704682264253404
level2_receiver_side_info,591,"[[0,1,1,1,1,1,1,1],[0,0,1,1],[0,1,1,1]]",2,0.08780218399432074
level2_receiver_side_info,591,"[[0,1,1,1,1,1,1,1],[0,0,1,1],[0,1,1,1]]",4,0.1041522892464854
level2_receiver_side_info,591,"[[0,1,1,1,1,1,1,1],[0,0,1,1],[0,1,1,1]]",8,0.12453241233105772
level2_receiver_side_info,591,"[[0,1,1,1,1,1,1,1],[0,0,1,1],[0,1,1,1]]",16,0.14385004263287587
level2_receiver_side_info,591,"[[0,1,1,1,1,1,1,1],[0,0,1,1],[0,1,1,1]]",32,0.15747949742783532
level2_receiver_side_info,592,"[[0,1,1,1,1,1,1,1],[0,0,1,0],[0,1,1,1]]",0,0.007042719241674045
level2_receiver_side_info,592,"[[0,1,1,1,1,1,1,1],[0,0,1,0],[0,1,1,1]]",1,0.043652143186217685
level2_receiver_side_info,592,"[[0,1,1,1,1,1,1,1],[0,0,1,0],[0,1,1,1]]",2,0.07195128098324621
level2_receiver_side_info,592,"[[0,1,1,1,1,1,1,1],[0,0,1,0],[0,1,1,1]]",4,0.11242296217865763
level2_receiver_side_info,592,"[[0,1,1,1,1,1,1,1],[0,0,1,0],[0,1,1,1]]",8,0.15854956604460907
level2_receiver_side_info,592,"[[0,1,1,1,1,1,1,1],[0,0,1,0],[0,1,1,1]]",16,0.19702626025256348
level2_receiver_side_info,592,"[[0,1,1,1,1,1,1,1],[0,0,1,0],[0,1,1,1]]",32,0.21969614553731964
level2_receiver_side_info,593,"[[0,1,1,1,1,1,1,1],[0,0,0,1],[0,1,1,1]]",0,0.007042719241674045
level2_receiver_side_info,593,"[[0,1,1,1,1,1,1,1],[0,0,0,1],[0,1,1,1]]",1,0.043652143186217685
level2_receiver_side_info,593,"[[0,1,1,1,1,1,1,1],[0,0,0,1],[0,1,1,1]]",2,0.07195128098324621
level2_receiver_side_info,593,"[[0,1,1,1,1,1,1,1],[0,0,0,1],[0,1,1,1]]",4,0.11242296217865763
level2_receiver_side_info,593,"[[0,1,1,1,1,1,1,1],[0,0,0,1],[0,1,1,1]]",8,0.15854956604460907
level2_receiver_side_info,593,"[[0,1,1,1,1,1,1,1],[0,0,0,1],[0,1,1,1]]",16,0.19702626025256342
level2_receiver_side_info,593,"[[0,1,1,1,1,1,1,1],[0,0,0,1],[0,1,1,1]]",32,0.21969614553731964
level2_receiver_side_info,594,"[[0,1,1,1,1,1,0,1],[0,0,1,1],[0,0,0,1]]",0,0.0
level2_receiver_side_info,594,"[[0,1,1,1,1,1,0,1],[0,0,1,1],[0,0,0,1]]",1,0.01621124580150446
level2_receiver_side_info,594,"[[0,1,1,1,1,1,0,1],[0,0,1,1],[0,0,0,1]]",2,0.028533198169706342
level2_receiver_side_info,594,"[[0,1,1,1,1,1,0,1],[0,0,1,1],[0,0,0,1]]",4,0.0456971587074495
level2_receiver_side_info,594,"[[0,1,1,1,1,1,0,1],[0,0,1,1],[0,0,0,1]]",8,0.0647237743260059
level2_receiver_side_info,594,"[[0,1,1,1,1,1,0,1],[0,0,1,1],[0,0,0,1]]",16,0.08128352549864837
level2_receiver_side_info,594,"[[0,1,1,1,1,1,0,1],[0,0,1,1],[0,0,0,1]]",32,0.09305028484361938
level2_receiver_side_info,595,"[[0,1,1,1,1,1,0,1],[0,0,1,1],[0,0,1,0]]",0,0.0
level2_receiver_side_info,595,"[[0,1,1,1,1,1,0,1],[0,0,1,1],[0,0,1,0]]",1,0.01621124580150446
level2_receiver_side_info,595,"[[0,1,1,1,1,1,0,1],[0,0,1,1],[0,0,1,0]]",2,0.028533198169706286
level2_receiver_side_info,595,"[[0,1,1,1,1,1,0,1],[0,0,1,1],[0,0,1,0]]",4,0.0456971587074495
level2_receiver_side_info,595,"[[0,1,1,1,1,1,0,1],[0,0,1,1],[0,0,1,0]]",8,0.0647237743260059
level2_receiver_side_info,595,"[[0,1,1,1,1,1,0,1],[0,0,1,1],[0,0,1,0]]",16,0.08128352549864842
level2_receiver_side_info,595,"[[0,1,1,1,1,1,0,1],[0,0,1,1],[0,0,1,0]]",32,0.09305028484361932
level2_receiver_side_info,596,"[[0,1,1,1,1,1,0,1],[0,0,1,1],[0,1,0,0]]",0,0.0
level2_receiver_side_info,596,"[[0,1,1,1,1,1,0,1],[0,0,1,1],[0,1,0,0]]",1,0.01621124580150446
level2_receiver_side_info,596,"[[0,1,1,1,1,1,0,1],[0,0,1,1],[0,1,0,0]]",2,0.028533198169706342
level2_receiver_side_info,596,"[[0,1,1,1,1,1,0,1],[0,0,1,1],[0,1,0,0]]",4,0.0456971587074495
level2_receiver_side_info,596,"[[0,1,1,1,1,1,0,1],[0,0,1,1],[0,1,0,0]]",8,0.0647237743260059
level2_receiver_side_info,596,"[[0,1,1,1,1,1,0,1],[0,0,1,1],[0,1,0,0]]",16,0.08128352549864842
level2_receiver_side_info,596,"[[0,1,1,1,1,1,0,1],[0,0,1,1],[0,1,0,0]]",32,0.09305028484361938
level2_receiver_side_info,597,"[[0,1,1,1,1,1,0,1],[0,0,1,1],[0,1,1,0]]",0,0.0
level2_receiver_side_info,597,"[[0,1,1,1,1,1,0,1],[0,0,1,1],[0,1,1,0]]",1,0.05860388034055081
level2_receiver_side_info,597,"[[0,1,1,1,1,1,0,1],[0,0,1,1],[0,1,1,0]]",2,0.10360963497554826
level2_receiver_side_info,597,"[[0,1,1,1,1,1,0,1],[0,0,1,1],[0,1,1,0]]",4,0.16586347534839643
level2_receiver_side_info,597,"[[0,1,1,1,1,1,0,1],[0,0,1,1],[0,1,1,0]]",8,0.23177388954021425
level2_receiver_side_info,597,"[[0,1,1,1,1,1,0,1],[0,0,1,1],[0,1,1,0]]",16,0.2829520729874759
level2_receiver_side_info,597,"[[0,1,1,1,1,1,0,1],[0,0,1,1],[0,1,1,0]]",32,0.3139496737296405
level2_receiver_side_info,598,"[[0,1,1,1,1,1,0,1],[0,0,1,1],[0,1,1,1]]",0,0.0
level2_receiver_side_info,598,"[[0,1,1,1,1,1,0,1],[0,0,1,1],[0,1,1,1]]",1,0.01621124580150446
level2_receiver_side_info,598,"[[0,1,1,1,1,1,0,1],[0,0,1,1],[0,1,1,1]]",2,0.028533198169706397
level2_receiver_side_info,598,"[[0,1,1,1,1,1,0,1],[0,0,1,1],[0,1,1,1]]",4,0.0456971587074495
level2_receiver_side_info,598,"[[0,1,1,1,1,1,0,1],[0,0,1,1],[0,1,1,1]]",8,0.0647237743260059
level2_receiver_side_info,598,"[[0,1,1,1,1,1,0,1],[0,0,1,1],[0,1,1,1]]",16,0.08128352549864842
level2_receiver_side_info,598,"[[0,1,1,1,1,1,0,1],[0,0,1,1],[0,1,1,1]]",32,0.09305028484361938
level2_receiver_side_info,599,"[[0,1,1,1,1,1,0,1],[0,1,0,1],[0,0,0,1]]",0,0.0
level2_receiver_side_info,599,"[[0,1,1,1,1,1,0,1],[0,1,0,1],[0,0,0,1]]",1,0.01621124580150446
level2_receiver_side_info,599,"[[0,1,1,1,1,1,0,1],[0,1,0,1],[0,0,0,1]]",2,0.028533198169706342
level2_receiver_side_info,599,"[[0,1,1,1,1,1,0,1],[0,1,0,1],[0,0,0,1]]",4,0.0456971587074495
level2_receiver_side_info,599,"[[0,1,1,1,1,1,0,1],[0,1,0,1],[0,0,0,1]]",8,0.0647237743260059
level2_receiver_side_info,599,"[[0,1,1,1,1,1,0,1],[0,1,0,1],[0,0,0,1]]",16,0.08128352549864837
level2_receiver_side_info,599,"[[0,1,1,1,1,1,0,1],[0,1,0,1],[0,0,0,1]]",32,0.09305028484361938
level2_receiver_side_info,600,"[[0,1,1,1,1,1,0,1],[0,1,0,1],[0,0,1,0]]",0,0.0
level2_receiver_side_info,600,"[[0,1,1,1,1,1,0,1],[0,1,0,1],[0,0,1,0]]",1,0.01621124580150446
level2_receiver_side_info,600,"[[0,1,1,1,1,1,0,1],[0,1,0,1],[0,0,1,0]]",2,0.028533198169706286
level2_receiver_side_info,600,"[[0,1,1,1,1,1,0,1],[0,1,0,1],[0,0,1,0]]",4,0.0456971587074495
level2_receiver_side_info,600,"[[0,1,1,1,1,1,0,1],[0,1,0,1],[0,0,1,0]]",8,0.0647237743260059
level2_receiver_side_info,600,"[[0,1,1,1,1,1,0,1],[0,1,0,1],[0,0,1,0]]",16,0.08128352549864842
level2_receiver_side_info,600,"[[0,1,1,1,1,1,0,1],[0,1,0,1],[0,0,1,0]]",32,0.09305028484361932
level2_receiver_side_info,601,"[[0,1,1,1,1,1,0,1],[0,1,0,1],[0,1,0,0]]",0,0.0
level2_receiver_side_info,601,"[[0,1,1,1,1,1,0,1],[0,1,0,1],[0,1,0,0]]",1,0.01621124580150446
level2_receiver_side_info,601,"[[0,1,1,1,1,1,0,1],[0,1,0,1],[0,1,0,0]]",2,0.028533198169706342
level2_receiver_side_info,601,"[[0,1,1,1,1,1,0,1],[0,1,0,1],[0,1,0,0]]",4,0.0456971587074495
level2_receiver_side_info,601,"[[0,1,1,1,1,1,0,1],[0,1,0,1],[0,1,0,0]]",8,0.0647237743260059
level2_receiver_side_info,601,"[[0,1,1,1,1,1,0,1],[0,1,0,1],[0,1,0,0]]",16,0.08128352549864842
level2_receiver_side_info,601,"[[0,1,1,1,1,1,0,1],[0,1,0,1],[0,1,0,0]]",32,0.09305028484361938
level2_receiver_side_info,602,"[[0,1,1,1,1,1,0,1],[0,1,0,1],[0,1,1,0]]",0,0.0
level2_receiver_side_info,602,"[[0,1,1,1,1,1,0,1],[0,1,0,1],[0,1,1,0]]",1,0.05860388034055081
level2_receiver_side_info,602,"[[0,1,1,1,1,1,0,1],[0,1,0,1],[0,1,1,0]]",2,0.10360963497554826
level2_receiver_side_info,602,"[[0,1,1,1,1,1,0,1],[0,1,0,1],[0,1,1,0]]",4,0.16586347534839643
level2_receiver_side_info,602,"[[0,1,1,1,1,1,0,1],[0,1,0,1],[0,1,1,0]]",8,0.23177388954021425
level2_receiver_side_info,602,"[[0,1,1,1,1,1,0,1],[0,1,0,1],[0,1,1,0]]",16,0.2829520729874759
level2_receiver_side_info,602,"[[0,1,1,1,1,1,0,1],[0,1,0,1],[0,1,1,0]]",32,0.3139496737296405
level2_receiver_side_info,603,"[[0,1,1,1,1,1,0,1],[0,1,0,1],[0,1,1,1]]",0,0.0
level2_receiver_side_info,603,"[[0,1,1,1,1,1,0,1],[0,1,0,1],[0,1,1,1]]",1,0.01621124580150446
level2_receiver_side_info,603,"[[0,1,1,1,1,1,0,1],[0,1,0,1],[0,1,1,1]]",2,0.028533198169706397
level2_receiver_side_info,603,"[[0,1,1,1,1,1,0,1],[0,1,0,1],[0,1,1,1]]",4,0.0456971587074495
level2_receiver_side_info,603,"[[0,1,1,1,1,1,0,1],[0,1,0,1],[0,1,1,1]]",8,0.0647237743260059
level2_receiver_side_info,603,"[[0,1,1,1,1,1,0,1],[0,1,0,1],[0,1,1,1]]",16,0.08128352549864842
level2_receiver_side_info,603,"[[0,1,1,1,1,1,0,1],[0,1,0,1],[0,1,1,1]]",32,0.09305028484361938
level2_receiver_side_info,604,"[[0,1,1,1,1,1,0,1],[0,1,0,1],[1,1,1,0]]",0,0.0
level2_receiver_side_info,604,"[[0,1,1,1,1,1,0,1],[0,1,0,1],[1,1,1,0]]",1,0.01621124580150446
level2_receiver_side_info,604,"[[0,1,1,1,1,1,0,1],[0,1,0,1],[1,1,1,0]]",2,0.028533198169706342
level2_receiver_side_info,604,"[[0,1,1,1,1,1,0,1],[0,1,0,1],[1,1,1,0]]",4,0.0456971587074495
level2_receiver_side_info,604,"[[0,1,1,1,1,1,0,1],[0,1,0,1],[1,1,1,0]]",8,0.0647237743260059
level2_receiver_side_info,604,"[[0,1,1,1,1,1,0,1],[0,1,0,1],[1,1,1,0]]",16,0.08128352549864837
level2_receiver_side_info,604,"[[0,1,1,1,1,1,0,1],[0,1,0,1],[1,1,1,0]]",32,0.09305028484361938
level2_receiver_side_info,605,"[[0,1,1,1,1,1,0,1],[0,1,0,1],[1,1,0,1]]",0,0.0
level2_receiver_side_info,605,"[[0,1,1,1,1,1,0,1],[0,1,0,1],[1,1,0,1]]",1,0.01621124580150446
level2_receiver_side_info,605,"[[0,1,1,1,1,1,0,1],[0,1,0,1],[1,1,0,1]]",2,0.028533198169706286
level2_receiver_side_info,605,"[[0,1,1,1,1,1,0,1],[0,1,0,1],[1,1,0,1]]",4,0.0456971587074495
level2_receiver_side_info,605,"[[0,1,1,1,1,1,0,1],[0,1,0,1],[1,1,0,1]]",8,0.0647237743260059
level2_receiver_side_info,605,"[[0,1,1,1,1,1,0,1],[0,1,0,1],[1,1,0,1]]",16,0.08128352549864842
level2_receiver_side_info,605,"[[0,1,1,1,1,1,0,1],[0,1,0,1],[1,1,0,1]]",32,0.09305028484361932
level2_receiver_side_info,606,"[[0,1,1,1,1,1,0,1],[0,1,0,1],[1,0,1,1]]",0,0.0
level2_receiver_side_info,606,"[[0,1,1,1,1,1,0,1],[0,1,0,1],[1,0,1,1]]",1,0.01621124580150446
level2_receiver_side_info,606,"[[0,1,1,1,1,1,0,1],[0,1,0,1],[1,0,1,1]]",2,0.028533198169706342
level2_receiver_side_info,606,"[[0,1,1,1,1,1,0,1],[0,1,0,1],[1,0,1,1]]",4,0.0456971587074495
level2_receiver_side_info,606,"[[0,1,1,1,1,1,0,1],[0,1,0,1],[1,0,1,1]]",8,0.0647237743260059
level2_receiver_side_info,606,"[[0,1,1,1,1,1,0,1],[0,1,0,1],[1,0,1,1]]",16,0.08128352549864842
level2_receiver_side_info,606,"[[0,1,1,1,1,1,0,1],[0,1,0,1],[1,0,1,1]]",32,0.09305028484361938
level2_receiver_side_info,607,"[[0,1,1,1,1,1,0,1],[0,1,0,1],[1,0,0,1]]",0,0.0
level2_receiver_side_info,607,"[[0,1,1,1,1,1,0,1],[0,1,0,1],[1,0,0,1]]",1,0.05860388034055081
level2_receiver_side_info,607,"[[0,1,1,1,1,1,0,1],[0,1,0,1],[1,0,0,1]]",2,0.10360963497554826
level2_receiver_side_info,607,"[[0,1,1,1,1,1,0,1],[0,1,0,1],[1,0,0,1]]",4,0.16586347534839643
level2_receiver_side_info,607,"[[0,1,1,1,1,1,0,1],[0,1,0,1],[1,0,0,1]]",8,0.23177388954021425
level2_receiver_side_info,607,"[[0,1,1,1,1,1,0,1],[0,1,0,1],[1,0,0,1]]",16,0.2829520729874759
level2_receiver_side_info,607,"[[0,1,1,1,1,1,0,1],[0,1,0,1],[1,0,0,1]]",32,0.3139496737296405
level2_receiver_side_info,608,"[[0,1,1,1,1,1,0,1],[0,1,0,1],[1,0,0,0]]",0,0.0
level2_receiver_side_info,608,"[[0,1,1,1,1,1,0,1],[0,1,0,1],[1,0,0,0]]",1,0.01621124580150446
level2_receiver_side_info,608,"[[0,1,1,1,1,1,0,1],[0,1,0,1],[1,0,0,0]]",2,0.028533198169706397
level2_receiver_side_info,608,"[[0,1,1,1,1,1,0,1],[0,1,0,1],[1,0,0,0]]",4,0.0456971587074495
level2_receiver_side_info,608,"[[0,1,1,1,1,1,0,1],[0,1,0,1],[1,0,0,0]]",8,0.0647237743260059
level2_receiver_side_info,608,"[[0,1,1,1,1,1,0,1],[0,1,0,1],[1,0,0,0]]",16,0.08128352549864842
level2_receiver_side_info,608,"[[0,1,1,1,1,1,0,1],[0,1,0,1],[1,0,0,0]]",32,0.09305028484361938
level2_receiver_side_info,609,"[[0,1,1,1,1,1,0,1],[0,0,1,1],[1,1,1,0]]",0,0.0
level2_receiver_side_info,609,"[[0,1,1,1,1,1,0,1],[0,0,1,1],[1,1,1,0]]",1,0.01621124580150446
level2_receiver_side_info,609,"[[0,1,1,1,1,1,0,1],[0,0,1,1],[1,1,1,0]]",2,0.028533198169706342
level2_receiver_side_info,609,"[[0,1,1,1,1,1,0,1],[0,0,1,1],[1,1,1,0]]",4,0.0456971587074495
level2_receiver_side_info,609,"[[0,1,1,1,1,1,0,1],[0,0,1,1],[1,1,1,0]]",8,0.0647237743260059
level2_receiver_side_info,609,"[[0,1,1,1,1,1,0,1],[0,0,1,1],[1,1,1,0]]",16,0.08128352549864837
level2_receiver_side_info,609,"[[0,1,1,1,1,1,0,1],[0,0,1,1],[1,1,1,0]]",32,0.09305028484361938
level2_receiver_side_info,610,"[[0,1,1,1,1,1,0,1],[0,0,1,1],[1,1,0,1]]",0,0.0
level2_receiver_side_info,610,"[[0,1,1,1,1,1,0,1],[0,0,1,1],[1,1,0,1]]",1,0.01621124580150446
level2_receiver_side_info,610,"[[0,1,1,1,1,1,0,1],[0,0,1,1],[1,1,0,1]]",2,0.028533198169706286
level2_receiver_side_info,610,"[[0,1,1,1,1,1,0,1],[0,0,1,1],[1,1,0,1]]",4,0.0456971587074495
level2_receiver_side_info,610,"[[0,1,1,1,1,1,0,1],[0,0,1,1],[1,1,0,1]]",8,0.0647237743260059
level2_receiver_side_info,610,"[[0,1,1,1,1,1,0,1],[0,0,1,1],[1,1,0,1]]",16,0.08128352549864842
level2_receiver_side_info,610,"[[0,1,1,1,1,1,0,1],[0,0,1,1],[1,1,0,1]]",32,0.09305028484361932
level2_receiver_side_info,611,"[[0,1,1,1,1,1,0,1],[0,0,1,1],[1,0,1,1]]",0,0.0
level2_receiver_side_info,611,"[[0,1,1,1,1,1,0,1],[0,0,1,1],[1,0,1,1]]",1,0.01621124580150446
level2_receiver_side_info,611,"[[0,1,1,1,1,1,0,1],[0,0,1,1],[1,0,1,1]]",2,0.028533198169706342
level2_receiver_side_info,611,"[[0,1,1,1,1,1,0,1],[0,0,1,1],[1,0,1,1]]",4,0.0456971587074495
level2_receiver_side_info,611,"[[0,1,1,1,1,1,0,1],[0,0,1,1],[1,0,1,1]]",8,0.0647237743260059
level2_receiver_side_info,611,"[[0,1,1,1,1,1,0,1],[0,0,1,1],[1,0,1,1]]",16,0.08128352549864842
level2_receiver_side_info,611,"[[0,1,1,1,1,1,0,1],[0,0,1,1],[1,0,1,1]]",32,0.09305028484361938
level2_receiver_side_info,612,"[[0,1,1,1,1,1,0,1],[0,0,1,1],[1,0,0,1]]",0,0.0
level2_receiver_side_info,612,"[[0,1,1,1,1,1,0,1],[0,0,1,1],[1,0,0,1]]",1,0.05860388034055081
level2_receiver_side_info,612,"[[0,1,1,1,1,1,0,1],[0,0,1,1],[1,0,0,1]]",2,0.10360963497554826
level2_receiver_side_info,612,"[[0,1,1,1,1,1,0,1],[0,0,1,1],[1,0,0,1]]",4,0.16586347534839643
level2_receiver_side_info,612,"[[0,1,1,1,1,1,0,1],[0,0,1,1],[1,0,0,1]]",8,0.23177388954021425
level2_receiver_side_info,612,"[[0,1,1,1,1,1,0,1],[0,0,1,1],[1,0,0,1]]",16,0.2829520729874759
level2_receiver_side_info,612,"[[0,1,1,1,1,1,0,1],[0,0,1,1],[1,0,0,1]]",32,0.3139496737296405
level2_receiver_side_info,613,"[[0,1,1,1,1,1,0,1],[0,0,1,1],[1,0,0,0]]",0,0.0
level2_receiver_side_info,613,"[[0,1,1,1,1,1,0,1],[0,0,1,1],[1,0,0,0]]",1,0.01621124580150446
level2_receiver_side_info,613,"[[0,1,1,1,1,1,0,1],[0,0,1,1],[1,0,0,0]]",2,0.028533198169706397
level2_receiver_side_info,613,"[[0,1,1,1,1,1,0,1],[0,0,1,1],[1,0,0,0]]",4,0.0456971587074495
level2_receiver_side_info,613,"[[0,1,1,1,1,1,0,1],[0,0,1,1],[1,0,0,0]]",8,0.0647237743260059
level2_receiver_side_info,613,"[[0,1,1,1,1,1,0,1],[0,0,1,1],[1,0,0,0]]",16,0.08128352549864842
level2_receiver_side_info,613,"[[0,1,1,1,1,1,0,1],[0,0,1,1],[1,0,0,0]]",32,0.09305028484361938
level2_receiver_side_info,614,"[[0,1,1,1,0,1,1,1],[0,0,1,1],[0,0,0,1]]",0,0.0
level2_receiver_side_info,614,"[[0,1,1,1,0,1,1,1],[0,0,1,1],[0,0,0,1]]",1,0.01621124580150446
level2_receiver_side_info,614,"[[0,1,1,1,0,1,1,1],[0,0,1,1],[0,0,0,1]]",2,0.028533198169706342
level2_receiver_side_info,614,"[[0,1,1,1,0,1,1,1],[0,0,1,1],[0,0,0,1]]",4,0.0456971587074495
level2_receiver_side_info,614,"[[0,1,1,1,0,1,1,1],[0,0,1,1],[0,0,0,1]]",8,0.0647237743260059
level2_receiver_side_info,614,"[[0,1,1,1,0,1,1,1],[0,0,1,1],[0,0,0,1]]",16,0.08128352549864837
level2_receiver_side_info,614,"[[0,1,1,1,0,1,1,1],[0,0,1,1],[0,0,0,1]]",32,0.09305028484361938
level2_receiver_side_info,615,"[[0,1,1,1,0,1,1,1],[0,0,1,1],[0,0,1,0]]",0,0.0
level2_receiver_side_info,615,"[[0,1,1,1,0,1,1,1],[0,0,1,1],[0,0,1,0]]",1,0.01621124580150446
level2_receiver_side_info,615,"[[0,1,1,1,0,1,1,1],[0,0,1,1],[0,0,1,0]]",2,0.028533198169706286
level2_receiver_side_info,615,"[[0,1,1,1,0,1,1,1],[0,0,1,1],[0,0,1,0]]",4,0.0456971587074495
level2_receiver_side_info,615,"[[0,1,1,1,0,1,1,1],[0,0,1,1],[0,0,1,0]]",8,0.0647237743260059
level2_receiver_side_info,615,"[[0,1,1,1,0,1,1,1],[0,0,1,1],[0,0,1,0]]",16,0.08128352549864842
level2_receiver_side_info,615,"[[0,1,1,1,0,1,1,1],[0,0,1,1],[0,0,1,0]]",32,0.09305028484361932
level2_receiver_side_info,616,"[[0,1,1,1,0,1,1,1],[0,0,1,1],[0,1,0,0]]",0,0.0
level2_receiver_side_info,616,"[[0,1,1,1,0,1,1,1],[0,0,1,1],[0,1,0,0]]",1,0.01621124580150446
level2_receiver_side_info,616,"[[0,1,1,1,0,1,1,1],[0,0,1,1],[0,1,0,0]]",2,0.028533198169706397
level2_receiver_side_info,616,"[[0,1,1,1,0,1,1,1],[0,0,1,1],[0,1,0,0]]",4,0.0456971587074495
level2_receiver_side_info,616,"[[0,1,1,1,0,1,1,1],[0,0,1,1],[0,1,0,0]]",8,0.0647237743260059
level2_receiver_side_info,616,"[[0,1,1,1,0,1,1,1],[0,0,1,1],[0,1,0,0]]",16,0.08128352549864842
level2_receiver_side_info,616,"[[0,1,1,1,0,1,1,1],[0,0,1,1],[0,1,0,0]]",32,0.09305028484361938
level2_receiver_side_info,617,"[[0,1,1,1,0,1,1,1],[0,0,1,1],[0,1,0,1]]",0,0.0
level2_receiver_side_info,617,"[[0,1,1,1,0,1,1,1],[0,0,1,1],[0,1,0,1]]",1,0.05860388034055081
level2_receiver_side_info,617,"[[0,1,1,1,0,1,1,1],[0,0,1,1],[0,1,0,1]]",2,0.10360963497554826
level2_receiver_side_info,617,"[[0,1,1,1,0,1,1,1],[0,0,1,1],[0,1,0,1]]",4,0.16586347534839643
level2_receiver_side_info,617,"[[0,1,1,1,0,1,1,1],[0,0,1,1],[0,1,0,1]]",8,0.23177388954021425
level2_receiver_side_info,617,"[[0,1,1,1,0,1,1,1],[0,0,1,1],[0,1,0,1]]",16,0.2829520729874759
level2_receiver_side_info,617,"[[0,1,1,1,0,1,1,1],[0,0,1,1],[0,1,0,1]]",32,0.3139496737296405
level2_receiver_side_info,618,"[[0,1,1,1,0,1,1,1],[0,0,1,1],[0,1,1,1]]",0,0.0
level2_receiver_side_info,618,"[[0,1,1,1,0,1,1,1],[0,0,1,1],[0,1,1,1]]",1,0.01621124580150446
level2_receiver_side_info,618,"[[0,1,1,1,0,1,1,1],[0,0,1,1],[0,1,1,1]]",2,0.028533198169706342
level2_receiver_side_info,618,"[[0,1,1,1,0,1,1,1],[0,0,1,1],[0,1,1,1]]",4,0.0456971587074495
level2_receiver_side_info,618,"[[0,1,1,1,0,1,1,1],[0,0,1,1],[0,1,1,1]]",8,0.0647237743260059
level2_receiver_side_info,618,"[[0,1,1,1,0,1,1,1],[0,0,1,1],[0,1,1,1]]",16,0.08128352549864842
level2_receiver_side_info,618,"[[0,1,1,1,0,1,1,1],[0,0,1,1],[0,1,1,1]]",32,0.09305028484361938
level2_receiver_side_info,619,"[[0,1,1,1,0,1,1,1],[0,1,1,0],[0,0,0,1]]",0,0.0
level2_receiver_side_info,619,"[[0,1,1,1,0,1,1,1],[0,1,1,0],[0,0,0,1]]",1,0.01621124580150446
level2_receiver_side_info,619,"[[0,1,1,1,0,1,1,1],[0,1,1,0],[0,0,0,1]]",2,0.028533198169706342
level2_receiver_side_info,619,"[[0,1,1,1,0,1,1,1],[0,1,1,0],[0,0,0,1]]",4,0.0456971587074495
level2_receiver_side_info,619,"[[0,1,1,1,0,1,1,1],[0,1,1,0],[0,0,0,1]]",8,0.0647237743260059
level2_receiver_side_info,619,"[[0,1,1,1,0,1,1,1],[0,1,1,0],[0,0,0,1]]",16,0.08128352549864837
level2_receiver_side_info,619,"[[0,1,1,1,0,1,1,1],[0,1,1,0],[0,0,0,1]]",32,0.09305028484361938
level2_receiver_side_info,620,"[[0,1,1,1,0,1,1,1],[0,1,1,0],[0,0,1,0]]",0,0.0
level2_receiver_side_info,620,"[[0,1,1,1,0,1,1,1],[0,1,1,0],[0,0,1,0]]",1,0.01621124580150446
level2_receiver_side_info,620,"[[0,1,1,1,0,1,1,1],[0,1,1,0],[0,0,1,0]]",2,0.028533198169706286
level2_receiver_side_info,620,"[[0,1,1,1,0,1,1,1],[0,1,1,0],[0,0,1,0]]",4,0.0456971587074495
level2_receiver_side_info,620,"[[0,1,1,1,0,1,1,1],[0,1,1,0],[0,0,1,0]]",8,0.0647237743260059
level2_receiver_side_info,620,"[[0,1,1,1,0,1,1,1],[0,1,1,0],[0,0,1,0]]",16,0.08128352549864842
level2_receiver_side_info,620,"[[0,1,1,1,0,1,1,1],[0,1,1,0],[0,0,1,0]]",32,0.09305028484361932
level2_receiver_side_info,621,"[[0,1,1,1,0,1,1,1],[0,1,1,0],[0,1,0,0]]",0,0.0
level2_receiver_side_info,621,"[[0,1,1,1,0,1,1,1],[0,1,1,0],[0,1,0,0]]",1,0.01621124580150446
level2_receiver_side_info,621,"[[0,1,1,1,0,1,1,1],[0,1,1,0],[0,1,0,0]]",2,0.028533198169706397
level2_receiver_side_info,621,"[[0,1,1,1,0,1,1,1],[0,1,1,0],[0,1,0,0]]",4,0.0456971587074495
level2_receiver_side_info,621,"[[0,1,1,1,0,1,1,1],[0,1,1,0],[0,1,0,0]]",8,0.0647237743260059
level2_receiver_side_info,621,"[[0,1,1,1,0,1,1,1],[0,1,1,0],[0,1,0,0]]",16,0.08128352549864842
level2_receiver_side_info,621,"[[0,1,1,1,0,1,1,1],[0,1,1,0],[0,1,0,0]]",32,0.09305028484361938
level2_receiver_side_info,622,"[[0,1,1,1,0,1,1,1],[0,1,1,0],[0,1,0,1]]",0,0.0
level2_receiver_side_info,622,"[[0,1,1,1,0,1,1,1],[0,1,1,0],[0,1,0,1]]",1,0.05860388034055081
level2_receiver_side_info,622,"[[0,1,1,1,0,1,1,1],[0,1,1,0],[0,1,0,1]]",2,0.10360963497554826
level2_receiver_side_info,622,"[[0,1,1,1,0,1,1,1],[0,1,1,0],[0,1,0,1]]",4,0.16586347534839643
level2_receiver_side_info,622,"[[0,1,1,1,0,1,1,1],[0,1,1,0],[0,1,0,1]]",8,0.23177388954021425
level2_receiver_side_info,622,"[[0,1,1,1,0,1,1,1],[0,1,1,0],[0,1,0,1]]",16,0.2829520729874759
level2_receiver_side_info,622,"[[0,1,1,1,0,1,1,1],[0,1,1,0],[0,1,0,1]]",32,0.3139496737296405
level2_receiver_side_info,623,"[[0,1,1,1,0,1,1,1],[0,1,1,0],[0,1,1,1]]",0,0.0
level2_receiver_side_info,623,"[[0,1,1,1,0,1,1,1],[0,1,1,0],[0,1,1,1]]",1,0.01621124580150446
level2_receiver_side_info,623,"[[0,1,1,1,0,1,1,1],[0,1,1,0],[0,1,1,1]]",2,0.028533198169706342
level2_receiver_side_info,623,"[[0,1,1,1,0,1,1,1],[0,1,1,0],[0,1,1,1]]",4,0.0456971587074495
level2_receiver_side_info,623,"[[0,1,1,1,0,1,1,1],[0,1,1,0],[0,1,1,1]]",8,0.0647237743260059
level2_receiver_side_info,623,"[[0,1,1,1,0,1,1,1],[0,1,1,0],[0,1,1,1]]",16,0.08128352549864842
level2_receiver_side_info,623,"[[0,1,1,1,0,1,1,1],[0,1,1,0],[0,1,1,1]]",32,0.09305028484361938
level2_receiver_side_info,624,"[[0,1,1,1,0,1,1,1],[0,1,1,0],[1,1,1,0]]",0,0.0
level2_receiver_side_info,624,"[[0,1,1,1,0,1,1,1],[0,1,1,0],[1,1,1,0]]",1,0.01621124580150446
level2_receiver_side_info,624,"[[0,1,1,1,0,1,1,1],[0,1,1,0],[1,1,1,0]]",2,0.028533198169706342
level2_receiver_side_info,624,"[[0,1,1,1,0,1,1,1],[0,1,1,0],[1,1,1,0]]",4,0.0456971587074495
level2_receiver_side_info,624,"[[0,1,1,1,0,1,1,1],[0,1,1,0],[1,1,1,0]]",8,0.0647237743260059
level2_receiver_side_info,624,"[[0,1,1,1,0,1,1,1],[0,1,1,0],[1,1,1,0]]",16,0.08128352549864837
level2_receiver_side_info,624,"[[0,1,1,1,0,1,1,1],[0,1,1,0],[1,1,1,0]]",32,0.09305028484361938
level2_receiver_side_info,625,"[[0,1,1,1,0,1,1,1],[0,1,1,0],[1,1,0,1]]",0,0.0
level2_receiver_side_info,625,"[[0,1,1,1,0,1,1,1],[0,1,1,0],[1,1,0,1]]",1,0.01621124580150446
level2_receiver_side_info,625,"[[0,1,1,1,0,1,1,1],[0,1,1,0],[1,1,0,1]]",2,0.028533198169706286
level2_receiver_side_info,625,"[[0,1,1,1,0,1,1,1],[0,1,1,0],[1,1,0,1]]",4,0.0456971587074495
level2_receiver_side_info,625,"[[0,1,1,1,0,1,1,1],[0,1,1,0],[1,1,0,1]]",8,0.0647237743260059
level2_receiver_side_info,625,"[[0,1,1,1,0,1,1,1],[0,1,1,0],[1,1,0,1]]",16,0.08128352549864842
level2_receiver_side_info,625,"[[0,1,1,1,0,1,1,1],[0,1,1,0],[1,1,0,1]]",32,0.09305028484361932
level2_receiver_side_info,626,"[[0,1,1,1,0,1,1,1],[0,1,1,0],[1,0,1,1]]",0,0.0
level2_receiver_side_info,626,"[[0,1,1,1,0,1,1,1],[0,1,1,0],[1,0,1,1]]",1,0.01621124580150446
level2_receiver_side_info,626,"[[0,1,1,1,0,1,1,1],[0,1,1,0],[1,0,1,1]]",2,0.028533198169706397
level2_receiver_side_info,626,"[[0,1,1,1,0,1,1,1],[0,1,1,0],[1,0,1,1]]",4,0.0456971587074495
level2_receiver_side_info,626,"[[0,1,1,1,0,1,1,1],[0,1,1,0],[1,0,1,1]]",8,0.0647237743260059
level2_receiver_side_info,626,"[[0,1,1,1,0,1,1,1],[0,1,1,0],[1,0,1,1]]",16,0.08128352549864842
level2_receiver_side_info,626,"[[0,1,1,1,0,1,1,1],[0,1,1,0],[1,0,1,1]]",32,0.09305028484361938
level2_receiver_side_info,627,"[[0,1,1,1,0,1,1,1],[0,1,1,0],[1,0,1,0]]",0,0.0
level2_receiver_side_info,627,"[[0,1,1,1,0,1,1,1],[0,1,1,0],[1,0,1,0]]",1,0.05860388034055081
level2_receiver_side_info,627,"[[0,1,1,1,0,1,1,1],[0,1,1,0],[1,0,1,0]]",2,0.10360963497554826
level2_receiver_side_info,627,"[[0,1,1,1,0,1,1,1],[0,1,1,0],[1,0,1,0]]",4,0.16586347534839643
level2_receiver_side_info,627,"[[0,1,1,1,0,1,1,1],[0,1,1,0],[1,0,1,0]]",8,0.23177388954021425
level2_receiver_side_info,627,"[[0,1,1,1,0,1,1,1],[0,1,1,0],[1,0,1,0]]",16,0.2829520729874759
level2_receiver_side_info,627,"[[0,1,1,1,0,1,1,1],[0,1,1,0],[1,0,1,0]]",32,0.3139496737296405
level2_receiver_side_info,628,"[[0,1,1,1,0,1,1,1],[0,1,1,0],[1,0,0,0]]",0,0.0
level2_receiver_side_info,628,"[[0,1,1,1,0,1,1,1],[0,1,1,0],[1,0,0,0]]",1,0.01621124580150446
level2_receiver_side_info,628,"[[0,1,1,1,0,1,1,1],[0,1,1,0],[1,0,0,0]]",2,0.028533198169706342
level2_receiver_side_info,628,"[[0,1,1,1,0,1,1,1],[0,1,1,0],[1,0,0,0]]",4,0.0456971587074495
level2_receiver_side_info,628,"[[0,1,1,1,0,1,1,1],[0,1,1,0],[1,0,0,0]]",8,0.0647237743260059
level2_receiver_side_info,628,"[[0,1,1,1,0,1,1,1],[0,1,1,0],[1,0,0,0]]",16,0.08128352549864842
level2_receiver_side_info,628,"[[0,1,1,1,0,1,1,1],[0,1,1,0],[1,0,0,0]]",32,0.09305028484361938
level2_receiver_side_info,629,"[[0,1,1,1,0,1,1,1],[0,0,1,1],[1,1,1,0]]",0,0.0
level2_receiver_side_info,629,"[[0,1,1,1,0,1,1,1],[0,0,1,1],[1,1,1,0]]",1,0.01621124580150446
level2_receiver_side_info,629,"[[0,1,1,1,0,1,1,1],[0,0,1,1],[1,1,1,0]]",2,0.028533198169706342
level2_receiver_side_info,629,"[[0,1,1,1,0,1,1,1],[0,0,1,1],[1,1,1,0]]",4,0.0456971587074495
level2_receiver_side_info,629,"[[0,1,1,1,0,1,1,1],[0,0,1,1],[1,1,1,0]]",8,0.0647237743260059
level2_receiver_side_info,629,"[[0,1,1,1,0,1,1,1],[0,0,1,1],[1,1,1,0]]",16,0.08128352549864837
level2_receiver_side_info,629,"[[0,1,1,1,0,1,1,1],[0,0,1,1],[1,1,1,0]]",32,0.09305028484361938
level2_receiver_side_info,630,"[[0,1,1,1,0,1,1,1],[0,0,1,1],[1,1,0,1]]",0,0.0
level2_receiver_side_info,630,"[[0,1,1,1,0,1,1,1],[0,0,1,1],[1,1,0,1]]",1,0.01621124580150446
level2_receiver_side_info,630,"[[0,1,1,1,0,1,1,1],[0,0,1,1],[1,1,0,1]]",2,0.028533198169706286
level2_receiver_side_info,630,"[[0,1,1,1,0,1,1,1],[0,0,1,1],[1,1,0,1]]",4,0.0456971587074495
level2_receiver_side_info,630,"[[0,1,1,1,0,1,1,1],[0,0,1,1],[1,1,0,1]]",8,0.0647237743260059
level2_receiver_side_info,630,"[[0,1,1,1,0,1,1,1],[0,0,1,1],[1,1,0,1]]",16,0.08128352549864842
level2_receiver_side_info,630,"[[0,1,1,1,0,1,1,1],[0,0,1,1],[1,1,0,1]]",32,0.09305028484361932
level2_receiver_side_info,631,"[[0,1,1,1,0,1,1,1],[0,0,1,1],[1,0,1,1]]",0,0.0
level2_receiver_side_info,631,"[[0,1,1,1,0,1,1,1],[0,0,1,1],[1,0,1,1]]",1,0.01621124580150446
level2_receiver_side_info,631,"[[0,1,1,1,0,1,1,1],[0,0,1,1],[1,0,1,1]]",2,0.028533198169706397
level2_receiver_side_info,631,"[[0,1,1,1,0,1,1,1],[0,0,1,1],[1,0,1,1]]",4,0.0456971587074495
level2_receiver_side_info,631,"[[0,1,1,1,0,1,1,1],[0,0,1,1],[1,0,1,1]]",8,0.0647237743260059
level2_receiver_side_info,631,"[[0,1,1,1,0,1,1,1],[0,0,1,1],[1,0,1,1]]",16,0.08128352549864842
level2_receiver_side_info,631,"[[0,1,1,1,0,1,1,1],[0,0,1,1],[1,0,1,1]]",32,0.09305028484361938
level2_receiver_side_info,632,"[[0,1,1,1,0,1,1,1],[0,0,1,1],[1,0,1,0]]",0,0.0
level2_receiver_side_info,632,"[[0,1,1,1,0,1,1,1],[0,0,1,1],[1,0,1,0]]",1,0.05860388034055081
level2_receiver_side_info,632,"[[0,1,1,1,0,1,1,1],[0,0,1,1],[1,0,1,0]]",2,0.10360963497554826
level2_receiver_side_info,632,"[[0,1,1,1,0,1,1,1],[0,0,1,1],[1,0,1,0]]",4,0.16586347534839643
level2_receiver_side_info,632,"[[0,1,1,1,0,1,1,1],[0,0,1,1],[1,0,1,0]]",8,0.23177388954021425
level2_receiver_side_info,632,"[[0,1,1,1,0,1,1,1],[0,0,1,1],[1,0,1,0]]",16,0.2829520729874759
level2_receiver_side_info,632,"[[0,1,1,1,0,1,1,1],[0,0,1,1],[1,0,1,0]]",32,0.3139496737296405
level2_receiver_side_info,633,"[[0,1,1,1,0,1,1,1],[0,0,1,1],[1,0,0,0]]",0,0.0
level2_receiver_side_info,633,"[[0,1,1,1,0,1,1,1],[0,0,1,1],[1,0,0,0]]",1,0.01621124580150446
level2_receiver_side_info,633,"[[0,1,1,1,0,1,1,1],[0,0,1,1],[1,0,0,0]]",2,0.028533198169706342
level2_receiver_side_info,633,"[[0,1,1,1,0,1,1,1],[0,0,1,1],[1,0,0,0]]",4,0.0456971587074495
level2_receiver_side_info,633,"[[0,1,1,1,0,1,1,1],[0,0,1,1],[1,0,0,0]]",8,0.0647237743260059
level2_receiver_side_info,633,"[[0,1,1,1,0,1,1,1],[0,0,1,1],[1,0,0,0]]",16,0.08128352549864842
level2_receiver_side_info,633,"[[0,1,1,1,0,1,1,1],[0,0,1,1],[1,0,0,0]]",32,0.09305028484361938
level2_receiver_side_info,634,"[[0,1,1,1,0,1,0,1],[0,0,0,1],[1,0,1,1]]",0,0.007042719241674045
level2_receiver_side_info,634,"[[0,1,1,1,0,1,0,1],[0,0,0,1],[1,0,1,1]]",1,0.043652143186217685
level2_receiver_side_info,634,"[[0,1,1,1,0,1,0,1],[0,0,0,1],[1,0,1,1]]",2,0.07195128098324621
level2_receiver_side_info,634,"[[0,1,1,1,0,1,0,1],[0,0,0,1],[1,0,1,1]]",4,0.11242296217865763
level2_receiver_side_info,634,"[[0,1,1,1,0,1,0,1],[0,0,0,1],[1,0,1,1]]",8,0.15854956604460907
level2_receiver_side_info,634,"[[0,1,1,1,0,1,0,1],[0,0,0,1],[1,0,1,1]]",16,0.19702626025256342
level2_receiver_side_info,634,"[[0,1,1,1,0,1,0,1],[0,0,0,1],[1,0,1,1]]",32,0.21969614553731964
level2_receiver_side_info,635,"[[0,1,1,1,0,1,0,1],[0,0,1,0],[1,0,1,1]]",0,0.007042719241674045
level2_receiver_side_info,635,"[[0,1,1,1,0,1,0,1],[0,0,1,0],[1,0,1,1]]",1,0.043652143186217685
level2_receiver_side_info,635,"[[0,1,1,1,0,1,0,1],[0,0,1,0],[1,0,1,1]]",2,0.07195128098324621
level2_receiver_side_info,635,"[[0,1,1,1,0,1,0,1],[0,0,1,0],[1,0,1,1]]",4,0.11242296217865763
level2_receiver_side_info,635,"[[0,1,1,1,0,1,0,1],[0,0,1,0],[1,0,1,1]]",8,0.15854956604460907
level2_receiver_side_info,635,"[[0,1,1,1,0,1,0,1],[0,0,1,0],[1,0,1,1]]",16,0.19702626025256348
level2_receiver_side_info,635,"[[0,1,1,1,0,1,0,1],[0,0,1,0],[1,0,1,1]]",32,0.21969614553731964
level2_receiver_side_info,636,"[[0,1,1,1,0,1,0,1],[0,1,1,1],[0,1,0,0]]",0,0.007042719241674045
level2_receiver_side_info,636,"[[0,1,1,1,0,1,0,1],[0,1,1,1],[0,1,0,0]]",1,0.043652143186217685
level2_receiver_side_info,636,"[[0,1,1,1,0,1,0,1],[0,1,1,1],[0,1,0,0]]",2,0.07195128098324621
level2_receiver_side_info,636,"[[0,1,1,1,0,1,0,1],[0,1,1,1],[0,1,0,0]]",4,0.11242296217865763
level2_receiver_side_info,636,"[[0,1,1,1,0,1,0,1],[0,1,1,1],[0,1,0,0]]",8,0.15854956604460907
level2_receiver_side_info,636,"[[0,1,1,1,0,1,0,1],[0,1,1,1],[0,1,0,0]]",16,0.19702626025256342
level2_receiver_side_info,636,"[[0,1,1,1,0,1,0,1],[0,1,1,1],[0,1,0,0]]",32,0.2196961455373196
level2_receiver_side_info,637,"[[0,1,1,1,0,1,0,1],[0,1,1,1],[0,1,0,0]]",0,0.007042719241674045
level2_receiver_side_info,637,"[[0,1,1,1,0,1,0,1],[0,1,1,1],[0,1,0,0]]",1,0.043652143186217685
level2_receiver_side_info,637,"[[0,1,1,1,0,1,0,1],[0,1,1,1],[0,1,0,0]]",2,0.07195128098324621
level2_receiver_side_info,637,"[[0,1,1,1,0,1,0,1],[0,1,1,1],[0,1,0,0]]",4,0.11242296217865763
level2_receiver_side_info,637,"[[0,1,1,1,0,1,0,1],[0,1,1,1],[0,1,0,0]]",8,0.15854956604460907
level2_receiver_side_info,637,"[[0,1,1,1,0,1,0,1],[0,1,1,1],[0,1,0,0]]",16,0.19702626025256342
level2_receiver_side_info,637,"[[0,1,1,1,0,1,0,1],[0,1,1,1],[0,1,0,0]]",32,0.2196961455373196
level2_receiver_side_info,638,"[[0,1,1,1,0,1,0,1],[0,0,1,0],[1,0,1,1]]",0,0.007042719241674045
level2_receiver_side_info,638,"[[0,1,1,1,0,1,0,1],[0,0,1,0],[1,0,1,1]]",1,0.043652143186217685
level2_receiver_side_info,638,"[[0,1,1,1,0,1,0,1],[0,0,1,0],[1,0,1,1]]",2,0.07195128098324621
level2_receiver_side_info,638,"[[0,1,1,1,0,1,0,1],[0,0,1,0],[1,0,1,1]]",4,0.11242296217865763
level2_receiver_side_info,638,"[[0,1,1,1,0,1,0,1],[0,0,1,0],[1,0,1,1]]",8,0.15854956604460907
level2_receiver_side_info,638,"[[0,1,1,1,0,1,0,1],[0,0,1,0],[1,0,1,1]]",16,0.19702626025256348
level2_receiver_side_info,638,"[[0,1,1,1,0,1,0,1],[0,0,1,0],[1,0,1,1]]",32,0.21969614553731964
level2_receiver_side_info,639,"[[0,1,1,1,0,1,0,1],[0,0,0,1],[1,0,1,1]]",0,0.007042719241674045
level2_receiver_side_info,639,"[[0,1,1,1,0,1,0,1],[0,0,0,1],[1,0,1,1]]",1,0.043652143186217685
level2_receiver_side_info,639,"[[0,1,1,1,0,1,0,1],[0,0,0,1],[1,0,1,1]]",2,0.07195128098324621
level2_receiver_side_info,639,"[[0,1,1,1,0,1,0,1],[0,0,0,1],[1,0,1,1]]",4,0.11242296217865763
level2_receiver_side_info,639,"[[0,1,1,1,0,1,0,1],[0,0,0,1],[1,0,1,1]]",8,0.15854956604460907
level2_receiver_side_info,639,"[[0,1,1,1,0,1,0,1],[0,0,0,1],[1,0,1,1]]",16,0.19702626025256342
level2_receiver_side_info,639,"[[0,1,1,1,0,1,0,1],[0,0,0,1],[1,0,1,1]]",32,0.21969614553731964
level2_receiver_side_info,640,"[[0,1,1,0,1,0,1,0],[0,0,0,1],[0,1,1,1]]",0,0.09116077839697717
level2_receiver_side_info,640,"[[0,1,1,0,1,0,1,0],[0,0,0,1],[0,1,1,1]]",1,0.14290658343056545
level2_receiver_side_info,640,"[[0,1,1,0,1,0,1,0],[0,0,0,1],[0,1,1,1]]",2,0.1844981032973394
level2_receiver_side_info,640,"[[0,1,1,0,1,0,1,0],[0,0,0,1],[0,1,1,1]]",4,0.246861694803569
level2_receiver_side_info,640,"[[0,1,1,0,1,0,1,0],[0,0,0,1],[0,1,1,1]]",8,0.3229802905687297
level2_receiver_side_info,640,"[[0,1,1,0,1,0,1,0],[0,0,0,1],[0,1,1,1]]",16,0.3919622519388556
level2_receiver_side_info,640,"[[0,1,1,0,1,0,1,0],[0,0,0,1],[0,1,1,1]]",32,0.43644344248314637
level2_receiver_side_info,641,"[[0,1,1,0,1,0,1,0],[0,0,1,0],[0,1,1,1]]",0,0.09116077839697717
level2_receiver_side_info,641,"[[0,1,1,0,1,0,1,0],[0,0,1,0],[0,1,1,1]]",1,0.14290658343056545
level2_receiver_side_info,641,"[[0,1,1,0,1,0,1,0],[0,0,1,0],[0,1,1,1]]",2,0.1844981032973394
level2_receiver_side_info,641,"[[0,1,1,0,1,0,1,0],[0,0,1,0],[0,1,1,1]]",4,0.2468616948035689
level2_receiver_side_info,641,"[[0,1,1,0,1,0,1,0],[0,0,1,0],[0,1,1,1]]",8,0.32298029056872957
level2_receiver_side_info,641,"[[0,1,1,0,1,0,1,0],[0,0,1,0],[0,1,1,1]]",16,0.3919622519388556
level2_receiver_side_info,641,"[[0,1,1,0,1,0,1,0],[0,0,1,0],[0,1,1,1]]",32,0.43644344248314637
level2_receiver_side_info,642,"[[0,1,1,0,1,0,1,0],[0,1,0,0],[0,1,1,1]]",0,0.09116077839697717
level2_receiver_side_info,642,"[[0,1,1,0,1,0,1,0],[0,1,0,0],[0,1,1,1]]",1,0.14290658343056545
level2_receiver_side_info,642,"[[0,1,1,0,1,0,1,0],[0,1,0,0],[0,1,1,1]]",2,0.1844981032973394
level2_receiver_side_info,642,"[[0,1,1,0,1,0,1,0],[0,1,0,0],[0,1,1,1]]",4,0.2468616948035689
level2_receiver_side_info,642,"[[0,1,1,0,1,0,1,0],[0,1,0,0],[0,1,1,1]]",8,0.32298029056872957
level2_receiver_side_info,642,"[[0,1,1,0,1,0,1,0],[0,1,0,0],[0,1,1,1]]",16,0.3919622519388556
level2_receiver_side_info,642,"[[0,1,1,0,1,0,1,0],[0,1,0,0],[0,1,1,1]]",32,0.43644344248314637
level2_receiver_side_info,643,"[[0,1,1,0,1,0,1,0],[0,1,0,0],[0,1,1,1]]",0,0.09116077839697717
level2_receiver_side_info,643,"[[0,1,1,0,1,0,1,0],[0,1,0,0],[0,1,1,1]]",1,0.14290658343056545
level2_receiver_side_info,643,"[[0,1,1,0,1,0,1,0],[0,1,0,0],[0,1,1,1]]",2,0.1844981032973394
level2_receiver_side_info,643,"[[0,1,1,0,1,0,1,0],[0,1,0,0],[0,1,1,1]]",4,0.2468616948035689
level2_receiver_side_info,643,"[[0,1,1,0,1,0,1,0],[0,1,0,0],[0,1,1,1]]",8,0.32298029056872957
level2_receiver_side_info,643,"[[0,1,1,0,1,0,1,0],[0,1,0,0],[0,1,1,1]]",16,0.3919622519388556
level2_receiver_side_info,643,"[[0,1,1,0,1,0,1,0],[0,1,0,0],[0,1,1,1]]",32,0.43644344248314637
level2_receiver_side_info,644,"[[0,1,1,0,1,0,1,0],[0,0,1,0],[0,1,1,1]]",0,0.09116077839697717
level2_receiver_side_info,644,"[[0,1,1,0,1,0,1,0],[0,0,1,0],[0,1,1,1]]",1,0.14290658343056545
level2_receiver_side_info,644,"[[0,1,1,0,1,0,1,0],[0,0,1,0],[0,1,1,1]]",2,0.1844981032973394
level2_receiver_side_info,644,"[[0,1,1,0,1,0,1,0],[0,0,1,0],[0,1,1,1]]",4,0.2468616948035689
level2_receiver_side_info,644,"[[0,1,1,0,1,0,1,0],[0,0,1,0],[0,1,1,1]]",8,0.32298029056872957
level2_receiver_side_info,644,"[[0,1,1,0,1,0,1,0],[0,0,1,0],[0,1,1,1]]",16,0.3919622519388556
level2_receiver_side_info,644,"[[0,1,1,0,1,0,1,0],[0,0,1,0],[0,1,1,1]]",32,0.43644344248314637
level2_receiver_side_info,645,"[[0,1,1,0,1,0,1,0],[0,0,0,1],[0,1,1,1]]",0,0.09116077839697717
level2_receiver_side_info,645,"[[0,1,1,0,1,0,1,0],[0,0,0,1],[0,1,1,1]]",1,0.14290658343056545
level2_receiver_side_info,645,"[[0,1,1,0,1,0,1,0],[0,0,0,1],[0,1,1,1]]",2,0.1844981032973394
level2_receiver_side_info,645,"[[0,1,1,0,1,0,1,0],[0,0,0,1],[0,1,1,1]]",4,0.246861694803569
level2_receiver_side_info,645,"[[0,1,1,0,1,0,1,0],[0,0,0,1],[0,1,1,1]]",8,0.3229802905687297
level2_receiver_side_info,645,"[[0,1,1,0,1,0,1,0],[0,0,0,1],[0,1,1,1]]",16,0.3919622519388556
level2_receiver_side_info,645,"[[0,1,1,0,1,0,1,0],[0,0,0,1],[0,1,1,1]]",32,0.43644344248314637
level2_receiver_side_info,646,"[[0,1,1,0,1,0,0,1],[0,0,1,1],[0,0,0,1]]",0,0.0
level2_receiver_side_info,646,"[[0,1,1,0,1,0,0,1],[0,0,1,1],[0,0,0,1]]",1,0.029298145242776408
level2_receiver_side_info,646,"[[0,1,1,0,1,0,0,1],[0,0,1,1],[0,0,0,1]]",2,0.05196690317726638
level2_receiver_side_info,646,"[[0,1,1,0,1,0,0,1],[0,0,1,1],[0,0,0,1]]",4,0.08435950345211607
level2_receiver_side_info,646,"[[0,1,1,0,1,0,0,1],[0,0,1,1],[0,0,0,1]]",8,0.12198650516110154
level2_receiver_side_info,646,"[[0,1,1,0,1,0,0,1],[0,0,1,1],[0,0,0,1]]",16,0.1569947083971185
level2_receiver_side_info,646,"[[0,1,1,0,1,0,0,1],[0,0,1,1],[0,0,0,1]]",32,0.1832648102910467
level2_receiver_side_info,647,"[[0,1,1,0,1,0,0,1],[0,0,1,1],[0,0,1,0]]",0,0.0
level2_receiver_side_info,647,"[[0,1,1,0,1,0,0,1],[0,0,1,1],[0,0,1,0]]",1,0.029298145242776408
level2_receiver_side_info,647,"[[0,1,1,0,1,0,0,1],[0,0,1,1],[0,0,1,0]]",2,0.0519669031772666
level2_receiver_side_info,647,"[[0,1,1,0,1,0,0,1],[0,0,1,1],[0,0,1,0]]",4,0.08435950345211607
level2_receiver_side_info,647,"[[0,1,1,0,1,0,0,1],[0,0,1,1],[0,0,1,0]]",8,0.12198650516110165
level2_receiver_side_info,647,"[[0,1,1,0,1,0,0,1],[0,0,1,1],[0,0,1,0]]",16,0.15699470839711838
level2_receiver_side_info,647,"[[0,1,1,0,1,0,0,1],[0,0,1,1],[0,0,1,0]]",32,0.1832648102910467
level2_receiver_side_info,648,"[[0,1,1,0,1,0,0,1],[0,0,1,1],[0,1,0,0]]",0,0.0
level2_receiver_side_info,648,"[[0,1,1,0,1,0,0,1],[0,0,1,1],[0,1,0,0]]",1,0.029298145242776408
level2_receiver_side_info,648,"[[0,1,1,0,1,0,0,1],[0,0,1,1],[0,1,0,0]]",2,0.05196690317726649
level2_receiver_side_info,648,"[[0,1,1,0,1,0,0,1],[0,0,1,1],[0,1,0,0]]",4,0.08435950345211607
level2_receiver_side_info,648,"[[0,1,1,0,1,0,0,1],[0,0,1,1],[0,1,0,0]]",8,0.12198650516110165
level2_receiver_side_info,648,"[[0,1,1,0,1,0,0,1],[0,0,1,1],[0,1,0,0]]",16,0.15699470839711838
level2_receiver_side_info,648,"[[0,1,1,0,1,0,0,1],[0,0,1,1],[0,1,0,0]]",32,0.1832648102910467
level2_receiver_side_info,649,"[[0,1,1,0,1,0,0,1],[0,0,1,1],[0,1,1,0]]",0,0.0
level2_receiver_side_info,649,"[[0,1,1,0,1,0,0,1],[0,0,1,1],[0,1,1,0]]",1,0.11720776068110161
level2_receiver_side_info,649,"[[0,1,1,0,1,0,0,1],[0,0,1,1],[0,1,1,0]]",2,0.2072192699510964
level2_receiver_side_info,649,"[[0,1,1,0,1,0,0,1],[0,0,1,1],[0,1,1,0]]",4,0.3317269506967929
level2_receiver_side_info,649,"[[0,1,1,0,1,0,0,1],[0,0,1,1],[0,1,1,0]]",8,0.46354777908042843
level2_receiver_side_info,649,"[[0,1,1,0,1,0,0,1],[0,0,1,1],[0,1,1,0]]",16,0.5659041459749518
level2_receiver_side_info,649,"[[0,1,1,0,1,0,0,1],[0,0,1,1],[0,1,1,0]]",32,0.627899347459281
level2_receiver_side_info,650,"[[0,1,1,0,1,0,0,1],[0,0,1,1],[0,1,1,1]]",0,0.0
level2_receiver_side_info,650,"[[0,1,1,0,1,0,0,1],[0,0,1,1],[0,1,1,1]]",1,0.029298145242776297
level2_receiver_side_info,650,"[[0,1,1,0,1,0,0,1],[0,0,1,1],[0,1,1,1]]",2,0.05196690317726638
level2_receiver_side_info,650,"[[0,1,1,0,1,0,0,1],[0,0,1,1],[0,1,1,1]]",4,0.08435950345211607
level2_receiver_side_info,650,"[[0,1,1,0,1,0,0,1],[0,0,1,1],[0,1,1,1]]",8,0.12198650516110165
level2_receiver_side_info,650,"[[0,1,1,0,1,0,0,1],[0,0,1,1],[0,1,1,1]]",16,0.1569947083971185
level2_receiver_side_info,650,"[[0,1,1,0,1,0,0,1],[0,0,1,1],[0,1,1,1]]",32,0.18326481029104658
level2_receiver_side_info,651,"[[0,1,1,0,1,0,0,1],[0,1,0,1],[0,0,0,1]]",0,0.0
level2_receiver_side_info,651,"[[0,1,1,0,1,0,0,1],[0,1,0,1],[0,0,0,1]]",1,0.029298145242776408
level2_receiver_side_info,651,"[[0,1,1,0,1,0,0,1],[0,1,0,1],[0,0,0,1]]",2,0.05196690317726638
level2_receiver_side_info,651,"[[0,1,1,0,1,0,0,1],[0,1,0,1],[0,0,0,1]]",4,0.08435950345211607
level2_receiver_side_info,651,"[[0,1,1,0,1,0,0,1],[0,1,0,1],[0,0,0,1]]",8,0.12198650516110154
level2_receiver_side_info,651,"[[0,1,1,0,1,0,0,1],[0,1,0,1],[0,0,0,1]]",16,0.1569947083971185
level2_receiver_side_info,651,"[[0,1,1,0,1,0,0,1],[0,1,0,1],[0,0,0,1]]",32,0.1832648102910467
level2_receiver_side_info,652,"[[0,1,1,0,1,0,0,1],[0,1,0,1],[0,0,1,0]]",0,0.0
level2_receiver_side_info,652,"[[0,1,1,0,1,0,0,1],[0,1,0,1],[0,0,1,0]]",1,0.029298145242776408
level2_receiver_side_info,652,"[[0,1,1,0,1,0,0,1],[0,1,0,1],[0,0,1,0]]",2,0.0519669031772666
level2_receiver_side_info,652,"[[0,1,1,0,1,0,0,1],[0,1,0,1],[0,0,1,0]]",4,0.08435950345211607
level2_receiver_side_info,652,"[[0,1,1,0,1,0,0,1],[0,1,0,1],[0,0,1,0]]",8,0.12198650516110165
level2_receiver_side_info,652,"[[0,1,1,0,1,0,0,1],[0,1,0,1],[0,0,1,0]]",16,0.15699470839711838
level2_receiver_side_info,652,"[[0,1,1,0,1,0,0,1],[0,1,0,1],[0,0,1,0]]",32,0.1832648102910467
level2_receiver_side_info,653,"[[0,1,1,0,1,0,0,1],[0,1,0,1],[0,1,0,0]]",0,0.0
level2_receiver_side_info,653,"[[0,1,1,0,1,0,0,1],[0,1,0,1],[0,1,0,0]]",1,0.029298145242776408
level2_receiver_side_info,653,"[[0,1,1,0,1,0,0,1],[0,1,0,1],[0,1,0,0]]",2,0.05196690317726649
level2_receiver_side_info,653,"[[0,1,1,0,1,0,0,1],[0,1,0,1],[0,1,0,0]]",4,0.08435950345211607
level2_receiver_side_info,653,"[[0,1,1,0,1,0,0,1],[0,1,0,1],[0,1,0,0]]",8,0.12198650516110165
level2_receiver_side_info,653,"[[0,1,1,0,1,0,0,1],[0,1,0,1],[0,1,0,0]]",16,0.15699470839711838
level2_receiver_side_info,653,"[[0,1,1,0,1,0,0,1],[0,1,0,1],[0,1,0,0]]",32,0.1832648102910467
level2_receiver_side_info,654,"[[0,1,1,0,1,0,0,1],[0,1,0,1],[0,1,1,0]]",0,0.0
level2_receiver_side_info,654,"[[0,1,1,0,1,0,0,1],[0,1,0,1],[0,1,1,0]]",1,0.11720776068110161
level2_receiver_side_info,654,"[[0,1,1,0,1,0,0,1],[0,1,0,1],[0,1,1,0]]",2,0.2072192699510964
level2_receiver_side_info,654,"[[0,1,1,0,1,0,0,1],[0,1,0,1],[0,1,1,0]]",4,0.3317269506967929
level2_receiver_side_info,654,"[[0,1,1,0,1,0,0,1],[0,1,0,1],[0,1,1,0]]",8,0.46354777908042843
level2_receiver_side_info,654,"[[0,1,1,0,1,0,0,1],[0,1,0,1],[0,1,1,0]]",16,0.5659041459749518
level2_receiver_side_info,654,"[[0,1,1,0,1,0,0,1],[0,1,0,1],[0,1,1,0]]",32,0.627899347459281
level2_receiver_side_info,655,"[[0,1,1,0,1,0,0,1],[0,1,0,1],[0,1,1,1]]",0,0.0
level2_receiver_side_info,655,"[[0,1,1,0,1,0,0,1],[0,1,0,1],[0,1,1,1]]",1,0.029298145242776297
level2_receiver_side_info,655,"[[0,1,1,0,1,0,0,1],[0,1,0,1],[0,1,1,1]]",2,0.05196690317726638
level2_receiver_side_info,655,"[[0,1,1,0,1,0,0,1],[0,1,0,1],[0,1,1,1]]",4,0.08435950345211607
level2_receiver_side_info,655,"[[0,1,1,0,1,0,0,1],[0,1,0,1],[0,1,1,1]]",8,0.12198650516110165
level2_receiver_side_info,655,"[[0,1,1,0,1,0,0,1],[0,1,0,1],[0,1,1,1]]",16,0.1569947083971185
level2_receiver_side_info,655,"[[0,1,1,0,1,0,0,1],[0,1,0,1],[0,1,1,1]]",32,0.18326481029104658
level2_receiver_side_info,656,"[[0,1,1,0,1,0,0,1],[0,1,0,1],[1,1,1,0]]",0,0.0
level2_receiver_side_info,656,"[[0,1,1,0,1,0,0,1],[0,1,0,1],[1,1,1,0]]",1,0.029298145242776408
level2_receiver_side_info,656,"[[0,1,1,0,1,0,0,1],[0,1,0,1],[1,1,1,0]]",2,0.05196690317726638
level2_receiver_side_info,656,"[[0,1,1,0,1,0,0,1],[0,1,0,1],[1,1,1,0]]",4,0.08435950345211607
level2_receiver_side_info,656,"[[0,1,1,0,1,0,0,1],[0,1,0,1],[1,1,1,0]]",8,0.12198650516110154
level2_receiver_side_info,656,"[[0,1,1,0,1,0,0,1],[0,1,0,1],[1,1,1,0]]",16,0.1569947083971185
level2_receiver_side_info,656,"[[0,1,1,0,1,0,0,1],[0,1,0,1],[1,1,1,0]]",32,0.1832648102910467
level2_receiver_side_info,657,"[[0,1,1,0,1,0,0,1],[0,1,0,1],[1,1,0,1]]",0,0.0
level2_receiver_side_info,657,"[[0,1,1,0,1,0,0,1],[0,1,0,1],[1,1,0,1]]",1,0.029298145242776408
level2_receiver_side_info,657,"[[0,1,1,0,1,0,0,1],[0,1,0,1],[1,1,0,1]]",2,0.0519669031772666
level2_receiver_side_info,657,"[[0,1,1,0,1,0,0,1],[0,1,0,1],[1,1,0,1]]",4,0.08435950345211607
level2_receiver_side_info,657,"[[0,1,1,0,1,0,0,1],[0,1,0,1],[1,1,0,1]]",8,0.12198650516110165
level2_receiver_side_info,657,"[[0,1,1,0,1,0,0,1],[0,1,0,1],[1,1,0,1]]",16,0.15699470839711838
level2_receiver_side_info,657,"[[0,1,1,0,1,0,0,1],[0,1,0,1],[1,1,0,1]]",32,0.1832648102910467
level2_receiver_side_info,658,"[[0,1,1,0,1,0,0,1],[0,1,0,1],[1,0,1,1]]",0,0.0
level2_receiver_side_info,658,"[[0,1,1,0,1,0,0,1],[0,1,0,1],[1,0,1,1]]",1,0.029298145242776408
level2_receiver_side_info,658,"[[0,1,1,0,1,0,0,1],[0,1,0,1],[1,0,1,1]]",2,0.05196690317726649
level2_receiver_side_info,658,"[[0,1,1,0,1,0,0,1],[0,1,0,1],[1,0,1,1]]",4,0.08435950345211607
level2_receiver_side_info,658,"[[0,1,1,0,1,0,0,1],[0,1,0,1],[1,0,1,1]]",8,0.12198650516110165
level2_receiver_side_info,658,"[[0,1,1,0,1,0,0,1],[0,1,0,1],[1,0,1,1]]",16,0.15699470839711838
level2_receiver_side_info,658,"[[0,1,1,0,1,0,0,1],[0,1,0,1],[1,0,1,1]]",32,0.1832648102910467
level2_receiver_side_info,659,"[[0,1,1,0,1,0,0,1],[0,1,0,1],[1,0,0,1]]",0,0.0
level2_receiver_side_info,659,"[[0,1,1,0,1,0,0,1],[0,1,0,1],[1,0,0,1]]",1,0.11720776068110161
level2_receiver_side_info,659,"[[0,1,1,0,1,0,0,1],[0,1,0,1],[1,0,0,1]]",2,0.2072192699510964
level2_receiver_side_info,659,"[[0,1,1,0,1,0,0,1],[0,1,0,1],[1,0,0,1]]",4,0.3317269506967929
level2_receiver_side_info,659,"[[0,1,1,0,1,0,0,1],[0,1,0,1],[1,0,0,1]]",8,0.46354777908042843
level2_receiver_side_info,659,"[[0,1,1,0,1,0,0,1],[0,1,0,1],[1,0,0,1]]",16,0.5659041459749518
level2_receiver_side_info,659,"[[0,1,1,0,1,0,0,1],[0,1,0,1],[1,0,0,1]]",32,0.627899347459281
level2_receiver_side_info,660,"[[0,1,1,0,1,0,0,1],[0,1,0,1],[1,0,0,0]]",0,0.0
level2_receiver_side_info,660,"[[0,1,1,0,1,0,0,1],[0,1,0,1],[1,0,0,0]]",1,0.029298145242776297
level2_receiver_side_info,660,"[[0,1,1,0,1,0,0,1],[0,1,0,1],[1,0,0,0]]",2,0.05196690317726638
level2_receiver_side_info,660,"[[0,1,1,0,1,0,0,1],[0,1,0,1],[1,0,0,0]]",4,0.08435950345211607
level2_receiver_side_info,660,"[[0,1,1,0,1,0,0,1],[0,1,0,1],[1,0,0,0]]",8,0.12198650516110165
level2_receiver_side_info,660,"[[0,1,1,0,1,0,0,1],[0,1,0,1],[1,0,0,0]]",16,0.1569947083971185
level2_receiver_side_info,660,"[[0,1,1,0,1,0,0,1],[0,1,0,1],[1,0,0,0]]",32,0.18326481029104658
level2_receiver_side_info,661,"[[0,1,1,0,1,0,0,1],[0,0,1,1],[1,1,1,0]]",0,0.0
level2_receiver_side_info,661,"[[0,1,1,0,1,0,0,1],[0,0,1,1],[1,1,1,0]]",1,0.029298145242776408
level2_receiver_side_info,661,"[[0,1,1,0,1,0,0,1],[0,0,1,1],[1,1,1,0]]",2,0.05196690317726638
level2_receiver_side_info,661,"[[0,1,1,0,1,0,0,1],[0,0,1,1],[1,1,1,0]]",4,0.08435950345211607
level2_receiver_side_info,661,"[[0,1,1,0,1,0,0,1],[0,0,1,1],[1,1,1,0]]",8,0.12198650516110154
level2_receiver_side_info,661,"[[0,1,1,0,1,0,0,1],[0,0,1,1],[1,1,1,0]]",16,0.1569947083971185
level2_receiver_side_info,661,"[[0,1,1,0,1,0,0,1],[0,0,1,1],[1,1,1,0]]",32,0.1832648102910467
level2_receiver_side_info,662,"[[0,1,1,0,1,0,0,1],[0,0,1,1],[1,1,0,1]]",0,0.0
level2_receiver_side_info,662,"[[0,1,1,0,1,0,0,1],[0,0,1,1],[1,1,0,1]]",1,0.029298145242776408
level2_receiver_side_info,662,"[[0,1,1,0,1,0,0,1],[0,0,1,1],[1,1,0,1]]",2,0.0519669031772666
level2_receiver_side_info,662,"[[0,1,1,0,1,0,0,1],[0,0,1,1],[1,1,0,1]]",4,0.08435950345211607
level2_receiver_side_info,662,"[[0,1,1,0,1,0,0,1],[0,0,1,1],[1,1,0,1]]",8,0.12198650516110165
level2_receiver_side_info,662,"[[0,1,1,0,1,0,0,1],[0,0,1,1],[1,1,0,1]]",16,0.15699470839711838
level2_receiver_side_info,662,"[[0,1,1,0,1,0,0,1],[0,0,1,1],[1,1,0,1]]",32,0.1832648102910467
level2_receiver_side_info,663,"[[0,1,1,0,1,0,0,1],[0,0,1,1],[1,0,1,1]]",0,0.0
level2_receiver_side_info,663,"[[0,1,1,0,1,0,0,1],[0,0,1,1],[1,0,1,1]]",1,0.029298145242776408
level2_receiver_side_info,663,"[[0,1,1,0,1,0,0,1],[0,0,1,1],[1,0,1,1]]",2,0.05196690317726649
level2_receiver_side_info,663,"[[0,1,1,0,1,0,0,1],[0,0,1,1],[1,0,1,1]]",4,0.08435950345211607
level2_receiver_side_info,663,"[[0,1,1,0,1,0,0,1],[0,0,1,1],[1,0,1,1]]",8,0.12198650516110165
level2_receiver_side_info,663,"[[0,1,1,0,1,0,0,1],[0,0,1,1],[1,0,1,1]]",16,0.15699470839711838
level2_receiver_side_info,663,"[[0,1,1,0,1,0,0,1],[0,0,1,1],[1,0,1,1]]",32,0.1832648102910467
level2_receiver_side_info,664,"[[0,1,1,0,1,0,0,1],[0,0,1,1],[1,0,0,1]]",0,0.0
level2_receiver_side_info,664,"[[0,1,1,0,1,0,0,1],[0,0,1,1],[1,0,0,1]]",1,0.11720776068110161
level2_receiver_side_info,664,"[[0,1,1,0,1,0,0,1],[0,0,1,1],[1,0,0,1]]",2,0.2072192699510964
level2_receiver_side_info,664,"[[0,1,1,0,1,0,0,1],[0,0,1,1],[1,0,0,1]]",4,0.3317269506967929
level2_receiver_side_info,664,"[[0,1,1,0,1,0,0,1],[0,0,1,1],[1,0,0,1]]",8,0.46354777908042843
level2_receiver_side_info,664,"[[0,1,1,0,1,0,0,1],[0,0,1,1],[1,0,0,1]]",16,0.5659041459749518
level2_receiver_side_info,664,"[[0,1,1,0,1,0,0,1],[0,0,1,1],[1,0,0,1]]",32,0.627899347459281
level2_receiver_side_info,665,"[[0,1,1,0,1,0,0,1],[0,0,1,1],[1,0,0,0]]",0,0.0
level2_receiver_side_info,665,"[[0,1,1,0,1,0,0,1],[0,0,1,1],[1,0,0,0]]",1,0.029298145242776297
level2_receiver_side_info,665,"[[0,1,1,0,1,0,0,1],[0,0,1,1],[1,0,0,0]]",2,0.05196690317726638
level2_receiver_side_info,665,"[[0,1,1,0,1,0,0,1],[0,0,1,1],[1,0,0,0]]",4,0.08435950345211607
level2_receiver_side_info,665,"[[0,1,1,0,1,0,0,1],[0,0,1,1],[1,0,0,0]]",8,0.12198650516110165
level2_receiver_side_info,665,"[[0,1,1,0,1,0,0,1],[0,0,1,1],[1,0,0,0]]",16,0.1569947083971185
level2_receiver_side_info,665,"[[0,1,1,0,1,0,0,1],[0,0,1,1],[1,0,0,0]]",32,0.18326481029104658
level2_receiver_side_info,666,"[[0,1,1,0,0,1,1,0],[0,0,1,1],[0,0,0,1]]",0,0.0
level2_receiver_side_info,666,"[[0,1,1,0,0,1,1,0],[0,0,1,1],[0,0,0,1]]",1,0.029298145242776408
level2_receiver_side_info,666,"[[0,1,1,0,0,1,1,0],[0,0,1,1],[0,0,0,1]]",2,0.05196690317726649
level2_receiver_side_info,666,"[[0,1,1,0,0,1,1,0],[0,0,1,1],[0,0,0,1]]",4,0.08435950345211596
level2_receiver_side_info,666,"[[0,1,1,0,0,1,1,0],[0,0,1,1],[0,0,0,1]]",8,0.12198650516110154
level2_receiver_side_info,666,"[[0,1,1,0,0,1,1,0],[0,0,1,1],[0,0,0,1]]",16,0.1569947083971185
level2_receiver_side_info,666,"[[0,1,1,0,0,1,1,0],[0,0,1,1],[0,0,0,1]]",32,0.1832648102910467
level2_receiver_side_info,667,"[[0,1,1,0,0,1,1,0],[0,0,1,1],[0,0,1,0]]",0,0.0
level2_receiver_side_info,667,"[[0,1,1,0,0,1,1,0],[0,0,1,1],[0,0,1,0]]",1,0.029298145242776408
level2_receiver_side_info,667,"[[0,1,1,0,0,1,1,0],[0,0,1,1],[0,0,1,0]]",2,0.05196690317726649
level2_receiver_side_info,667,"[[0,1,1,0,0,1,1,0],[0,0,1,1],[0,0,1,0]]",4,0.08435950345211607
level2_receiver_side_info,667,"[[0,1,1,0,0,1,1,0],[0,0,1,1],[0,0,1,0]]",8,0.12198650516110165
level2_receiver_side_info,667,"[[0,1,1,0,0,1,1,0],[0,0,1,1],[0,0,1,0]]",16,0.15699470839711838
level2_receiver_side_info,667,"[[0,1,1,0,0,1,1,0],[0,0,1,1],[0,0,1,0]]",32,0.1832648102910467
level2_receiver_side_info,668,"[[0,1,1,0,0,1,1,0],[0,0,1,1],[0,1,0,0]]",0,0.0
level2_receiver_side_info,668,"[[0,1,1,0,0,1,1,0],[0,0,1,1],[0,1,0,0]]",1,0.029298145242776297
level2_receiver_side_info,668,"[[0,1,1,0,0,1,1,0],[0,0,1,1],[0,1,0,0]]",2,0.05196690317726638
level2_receiver_side_info,668,"[[0,1,1,0,0,1,1,0],[0,0,1,1],[0,1,0,0]]",4,0.08435950345211607
level2_receiver_side_info,668,"[[0,1,1,0,0,1,1,0],[0,0,1,1],[0,1,0,0]]",8,0.12198650516110165
level2_receiver_side_info,668,"[[0,1,1,0,0,1,1,0],[0,0,1,1],[0,1,0,0]]",16,0.1569947083971185
level2_receiver_side_info,668,"[[0,1,1,0,0,1,1,0],[0,0,1,1],[0,1,0,0]]",32,0.18326481029104658
level2_receiver_side_info,669,"[[0,1,1,0,0,1,1,0],[0,0,1,1],[0,1,0,1]]",0,0.0
level2_receiver_side_info,669,"[[0,1,1,0,0,1,1,0],[0,0,1,1],[0,1,0,1]]",1,0.11720776068110161
level2_receiver_side_info,669,"[[0,1,1,0,0,1,1,0],[0,0,1,1],[0,1,0,1]]",2,0.2072192699510964
level2_receiver_side_info,669,"[[0,1,1,0,0,1,1,0],[0,0,1,1],[0,1,0,1]]",4,0.3317269506967929
level2_receiver_side_info,669,"[[0,1,1,0,0,1,1,0],[0,0,1,1],[0,1,0,1]]",8,0.46354777908042843
level2_receiver_side_info,669,"[[0,1,1,0,0,1,1,0],[0,0,1,1],[0,1,0,1]]",16,0.5659041459749518
level2_receiver_side_info,669,"[[0,1,1,0,0,1,1,0],[0,0,1,1],[0,1,0,1]]",32,0.627899347459281
level2_receiver_side_info,670,"[[0,1,1,0,0,1,1,0],[0,0,1,1],[0,1,1,1]]",0,0.0
level2_receiver_side_info,670,"[[0,1,1,0,0,1,1,0],[0,0,1,1],[0,1,1,1]]",1,0.029298145242776408
level2_receiver_side_info,670,"[[0,1,1,0,0,1,1,0],[0,0,1,1],[0,1,1,1]]",2,0.05196690317726649
level2_receiver_side_info,670,"[[0,1,1,0,0,1,1,0],[0,0,1,1],[0,1,1,1]]",4,0.08435950345211607
level2_receiver_side_info,670,"[[0,1,1,0,0,1,1,0],[0,0,1,1],[0,1,1,1]]",8,0.12198650516110165
level2_receiver_side_info,670,"[[0,1,1,0,0,1,1,0],[0,0,1,1],[0,1,1,1]]",16,0.1569947083971185
level2_receiver_side_info,670,"[[0,1,1,0,0,1,1,0],[0,0,1,1],[0,1,1,1]]",32,0.1832648102910467
level2_receiver_side_info,671,"[[0,1,1,0,0,1,1,0],[0,1,1,0],[0,0,0,1]]",0,0.0
level2_receiver_side_info,671,"[[0,1,1,0,0,1,1,0],[0,1,1,0],[0,0,0,1]]",1,0.029298145242776408
level2_receiver_side_info,671,"[[0,1,1,0,0,1,1,0],[0,1,1,0],[0,0,0,1]]",2,0.05196690317726649
level2_receiver_side_info,671,"[[0,1,1,0,0,1,1,0],[0,1,1,0],[0,0,0,1]]",4,0.08435950345211596
level2_receiver_side_info,671,"[[0,1,1,0,0,1,1,0],[0,1,1,0],[0,0,0,1]]",8,0.12198650516110154
level2_receiver_side_info,671,"[[0,1,1,0,0,1,1,0],[0,1,1,0],[0,0,0,1]]",16,0.1569947083971185
level2_receiver_side_info,671,"[[0,1,1,0,0,1,1,0],[0,1,1,0],[0,0,0,1]]",32,0.1832648102910467
level2_receiver_side_info,672,"[[0,1,1,0,0,1,1,0],[0,1,1,0],[0,0,1,0]]",0,0.0
level2_receiver_side_info,672,"[[0,1,1,0,0,1,1,0],[0,1,1,0],[0,0,1,0]]",1,0.029298145242776408
level2_receiver_side_info,672,"[[0,1,1,0,0,1,1,0],[0,1,1,0],[0,0,1,0]]",2,0.05196690317726649
level2_receiver_side_info,672,"[[0,1,1,0,0,1,1,0],[0,1,1,0],[0,0,1,0]]",4,0.08435950345211607
level2_receiver_side_info,672,"[[0,1,1,0,0,1,1,0],[0,1,1,0],[0,0,1,0]]",8,0.12198650516110165
level2_receiver_side_info,672,"[[0,1,1,0,0,1,1,0],[0,1,1,0],[0,0,1,0]]",16,0.15699470839711838
level2_receiver_side_info,672,"[[0,1,1,0,0,1,1,0],[0,1,1,0],[0,0,1,0]]",32,0.1832648102910467
level2_receiver_side_info,673,"[[0,1,1,0,0,1,1,0],[0,1,1,0],[0,1,0,0]]",0,0.0
level2_receiver_side_info,673,"[[0,1,1,0,0,1,1,0],[0,1,1,0],[0,1,0,0]]",1,0.029298145242776297
level2_receiver_side_info,673,"[[0,1,1,0,0,1,1,0],[0,1,1,0],[0,1,0,0]]",2,0.05196690317726638
level2_receiver_side_info,673,"[[0,1,1,0,0,1,1,0],[0,1,1,0],[0,1,0,0]]",4,0.08435950345211607
level2_receiver_side_info,673,"[[0,1,1,0,0,1,1,0],[0,1,1,0],[0,1,0,0]]",8,0.12198650516110165
level2_receiver_side_info,673,"[[0,1,1,0,0,1,1,0],[0,1,1,0],[0,1,0,0]]",16,0.1569947083971185
level2_receiver_side_info,673,"[[0,1,1,0,0,1,1,0],[0,1,1,0],[0,1,0,0]]",32,0.18326481029104658
level2_receiver_side_info,674,"[[0,1,1,0,0,1,1,0],[0,1,1,0],[0,1,0,1]]",0,0.0
level2_receiver_side_info,674,"[[0,1,1,0,0,1,1,0],[0,1,1,0],[0,1,0,1]]",1,0.11720776068110161
level2_receiver_side_info,674,"[[0,1,1,0,0,1,1,0],[0,1,1,0],[0,1,0,1]]",2,0.2072192699510964
level2_receiver_side_info,674,"[[0,1,1,0,0,1,1,0],[0,1,1,0],[0,1,0,1]]",4,0.3317269506967929
level2_receiver_side_info,674,"[[0,1,1,0,0,1,1,0],[0,1,1,0],[0,1,0,1]]",8,0.46354777908042843
level2_receiver_side_info,674,"[[0,1,1,0,0,1,1,0],[0,1,1,0],[0,1,0,1]]",16,0.5659041459749518
level2_receiver_side_info,674,"[[0,1,1,0,0,1,1,0],[0,1,1,0],[0,1,0,1]]",32,0.627899347459281
level2_receiver_side_info,675,"[[0,1,1,0,0,1,1,0],[0,1,1,0],[0,1,1,1]]",0,0.0
level2_receiver_side_info,675,"[[0,1,1,0,0,1,1,0],[0,1,1,0],[0,1,1,1]]",1,0.029298145242776408
level2_receiver_side_info,675,"[[0,1,1,0,0,1,1,0],[0,1,1,0],[0,1,1,1]]",2,0.05196690317726649
level2_receiver_side_info,675,"[[0,1,1,0,0,1,1,0],[0,1,1,0],[0,1,1,1]]",4,0.08435950345211607
level2_receiver_side_info,675,"[[0,1,1,0,0,1,1,0],[0,1,1,0],[0,1,1,1]]",8,0.12198650516110165
level2_receiver_side_info,675,"[[0,1,1,0,0,1,1,0],[0,1,1,0],[0,1,1,1]]",16,0.1569947083971185
level2_receiver_side_info,675,"[[0,1,1,0,0,1,1,0],[0,1,1,0],[0,1,1,1]]",32,0.1832648102910467
level2_receiver_side_info,676,"[[0,1,1,0,0,1,1,0],[0,1,1,0],[1,1,1,0]]",0,0.0
level2_receiver_side_info,676,"[[0,1,1,0,0,1,1,0],[0,1,1,0],[1,1,1,0]]",1,0.029298145242776408
level2_receiver_side_info,676,"[[0,1,1,0,0,1,1,0],[0,1,1,0],[1,1,1,0]]",2,0.05196690317726649
level2_receiver_side_info,676,"[[0,1,1,0,0,1,1,0],[0,1,1,0],[1,1,1,0]]",4,0.08435950345211596
level2_receiver_side_info,676,"[[0,1,1,0,0,1,1,0],[0,1,1,0],[1,1,1,0]]",8,0.12198650516110154
level2_receiver_side_info,676,"[[0,1,1,0,0,1,1,0],[0,1,1,0],[1,1,1,0]]",16,0.1569947083971185
level2_receiver_side_info,676,"[[0,1,1,0,0,1,1,0],[0,1,1,0],[1,1,1,0]]",32,0.1832648102910467
level2_receiver_side_info,677,"[[0,1,1,0,0,1,1,0],[0,1,1,0],[1,1,0,1]]",0,0.0
level2_receiver_side_info,677,"[[0,1,1,0,0,1,1,0],[0,1,1,0],[1,1,0,1]]",1,0.029298145242776408
level2_receiver_side_info,677,"[[0,1,1,0,0,1,1,0],[0,1,1,0],[1,1,0,1]]",2,0.05196690317726649
level2_receiver_side_info,677,"[[0,1,1,0,0,1,1,0],[0,1,1,0],[1,1,0,1]]",4,0.08435950345211607
level2_receiver_side_info,677,"[[0,1,1,0,0,1,1,0],[0,1,1,0],[1,1,0,1]]",8,0.12198650516110165
level2_receiver_side_info,677,"[[0,1,1,0,0,1,1,0],[0,1,1,0],[1,1,0,1]]",16,0.15699470839711838
level2_receiver_side_info,677,"[[0,1,1,0,0,1,1,0],[0,1,1,0],[1,1,0,1]]",32,0.1832648102910467
level2_receiver_side_info,678,"[[0,1,1,0,0,1,1,0],[0,1,1,0],[1,0,1,1]]",0,0.0
level2_receiver_side_info,678,"[[0,1,1,0,0,1,1,0],[0,1,1,0],[1,0,1,1]]",1,0.029298145242776297
level2_receiver_side_info,678,"[[0,1,1,0,0,1,1,0],[0,1,1,0],[1,0,1,1]]",2,0.05196690317726638
level2_receiver_side_info,678,"[[0,1,1,0,0,1,1,0],[0,1,1,0],[1,0,1,1]]",4,0.08435950345211607
level2_receiver_side_info,678,"[[0,1,1,0,0,1,1,0],[0,1,1,0],[1,0,1,1]]",8,0.12198650516110165
level2_receiver_side_info,678,"[[0,1,1,0,0,1,1,0],[0,1,1,0],[1,0,1,1]]",16,0.1569947083971185
level2_receiver_side_info,678,"[[0,1,1,0,0,1,1,0],[0,1,1,0],[1,0,1,1]]",32,0.18326481029104658
level2_receiver_side_info,679,"[[0,1,1,0,0,1,1,0],[0,1,1,0],[1,0,1,0]]",0,0.0
level2_receiver_side_info,679,"[[0,1,1,0,0,1,1,0],[0,1,1,0],[1,0,1,0]]",1,0.11720776068110161
level2_receiver_side_info,679,"[[0,1,1,0,0,1,1,0],[0,1,1,0],[1,0,1,0]]",2,0.2072192699510964
level2_receiver_side_info,679,"[[0,1,1,0,0,1,1,0],[0,1,1,0],[1,0,1,0]]",4,0.3317269506967929
level2_receiver_side_info,679,"[[0,1,1,0,0,1,1,0],[0,1,1,0],[1,0,1,0]]",8,0.46354777908042843
level2_receiver_side_info,679,"[[0,1,1,0,0,1,1,0],[0,1,1,0],[1,0,1,0]]",16,0.5659041459749518
level2_receiver_side_info,679,"[[0,1,1,0,0,1,1,0],[0,1,1,0],[1,0,1,0]]",32,0.627899347459281
level2_receiver_side_info,680,"[[0,1,1,0,0,1,1,0],[0,1,1,0],[1,0,0,0]]",0,0.0
level2_receiver_side_info,680,"[[0,1,1,0,0,1,1,0],[0,1,1,0],[1,0,0,0]]",1,0.029298145242776408
level2_receiver_side_info,680,"[[0,1,1,0,0,1,1,0],[0,1,1,0],[1,0,0,0]]",2,0.05196690317726649
level2_receiver_side_info,680,"[[0,1,1,0,0,1,1,0],[0,1,1,0],[1,0,0,0]]",4,0.08435950345211607
level2_receiver_side_info,680,"[[0,1,1,0,0,1,1,0],[0,1,1,0],[1,0,0,0]]",8,0.12198650516110165
level2_receiver_side_info,680,"[[0,1,1,0,0,1,1,0],[0,1,1,0],[1,0,0,0]]",16,0.1569947083971185
level2_receiver_side_info,680,"[[0,1,1,0,0,1,1,0],[0,1,1,0],[1,0,0,0]]",32,0.1832648102910467
level2_receiver_side_info,681,"[[0,1,1,0,0,1,1,0],[0,0,1,1],[1,1,1,0]]",0,0.0
level2_receiver_side_info,681,"[[0,1,1,0,0,1,1,0],[0,0,1,1],[1,1,1,0]]",1,0.029298145242776408
level2_receiver_side_info,681,"[[0,1,1,0,0,1,1,0],[0,0,1,1],[1,1,1,0]]",2,0.05196690317726649
level2_receiver_side_info,681,"[[0,1,1,0,0,1,1,0],[0,0,1,1],[1,1,1,0]]",4,0.08435950345211596
level2_receiver_side_info,681,"[[0,1,1,0,0,1,1,0],[0,0,1,1],[1,1,1,0]]",8,0.12198650516110154
level2_receiver_side_info,681,"[[0,1,1,0,0,1,1,0],[0,0,1,1],[1,1,1,0]]",16,0.1569947083971185
level2_receiver_side_info,681,"[[0,1,1,0,0,1,1,0],[0,0,1,1],[1,1,1,0]]",32,0.1832648102910467
level2_receiver_side_info,682,"[[0,1,1,0,0,1,1,0],[0,0,1,1],[1,1,0,1]]",0,0.0
level2_receiver_side_info,682,"[[0,1,1,0,0,1,1,0],[0,0,1,1],[1,1,0,1]]",1,0.029298145242776408
level2_receiver_side_info,682,"[[0,1,1,0,0,1,1,0],[0,0,1,1],[1,1,0,1]]",2,0.05196690317726649
level2_receiver_side_info,682,"[[0,1,1,0,0,1,1,0],[0,0,1,1],[1,1,0,1]]",4,0.08435950345211607
level2_receiver_side_info,682,"[[0,1,1,0,0,1,1,0],[0,0,1,1],[1,1,0,1]]",8,0.12198650516110165
level2_receiver_side_info,682,"[[0,1,1,0,0,1,1,0],[0,0,1,1],[1,1,0,1]]",16,0.15699470839711838
level2_receiver_side_info,682,"[[0,1,1,0,0,1,1,0],[0,0,1,1],[1,1,0,1]]",32,0.1832648102910467
level2_receiver_side_info,683,"[[0,1,1,0,0,1,1,0],[0,0,1,1],[1,0,1,1]]",0,0.0
level2_receiver_side_info,683,"[[0,1,1,0,0,1,1,0],[0,0,1,1],[1,0,1,1]]",1,0.029298145242776297
level2_receiver_side_info,683,"[[0,1,1,0,0,1,1,0],[0,0,1,1],[1,0,1,1]]",2,0.05196690317726638
level2_receiver_side_info,683,"[[0,1,1,0,0,1,1,0],[0,0,1,1],[1,0,1,1]]",4,0.08435950345211607
level2_receiver_side_info,683,"[[0,1,1,0,0,1,1,0],[0,0,1,1],[1,0,1,1]]",8,0.12198650516110165
level2_receiver_side_info,683,"[[0,1,1,0,0,1,1,0],[0,0,1,1],[1,0,1,1]]",16,0.1569947083971185
level2_receiver_side_info,683,"[[0,1,1,0,0,1,1,0],[0,0,1,1],[1,0,1,1]]",32,0.18326481029104658
level2_receiver_side_info,684,"[[0,1,1,0,0,1,1,0],[0,0,1,1],[1,0,1,0]]",0,0.0
level2_receiver_side_info,684,"[[0,1,1,0,0,1,1,0],[0,0,1,1],[1,0,1,0]]",1,0.11720776068110161
level2_receiver_side_info,684,"[[0,1,1,0,0,1,1,0],[0,0,1,1],[1,0,1,0]]",2,0.2072192699510964
level2_receiver_side_info,684,"[[0,1,1,0,0,1,1,0],[0,0,1,1],[1,0,1,0]]",4,0.3317269506967929
level2_receiver_side_info,684,"[[0,1,1,0,0,1,1,0],[0,0,1,1],[1,0,1,0]]",8,0.46354777908042843
level2_receiver_side_info,684,"[[0,1,1,0,0,1,1,0],[0,0,1,1],[1,0,1,0]]",16,0.5659041459749518
level2_receiver_side_info,684,"[[0,1,1,0,0,1,1,0],[0,0,1,1],[1,0,1,0]]",32,0.627899347459281
level2_receiver_side_info,685,"[[0,1,1,0,0,1,1,0],[0,0,1,1],[1,0,0,0]]",0,0.0
level2_receiver_side_info,685,"[[0,1,1,0,0,1,1,0],[0,0,1,1],[1,0,0,0]]",1,0.029298145242776408
level2_receiver_side_info,685,"[[0,1,1,0,0,1,1,0],[0,0,1,1],[1,0,0,0]]",2,0.05196690317726649
level2_receiver_side_info,685,"[[0,1,1,0,0,1,1,0],[0,0,1,1],[1,0,0,0]]",4,0.08435950345211607
level2_receiver_side_info,685,"[[0,1,1,0,0,1,1,0],[0,0,1,1],[1,0,0,0]]",8,0.12198650516110165
level2_receiver_side_info,685,"[[0,1,1,0,0,1,1,0],[0,0,1,1],[1,0,0,0]]",16,0.1569947083971185
level2_receiver_side_info,685,"[[0,1,1,0,0,1,1,0],[0,0,1,1],[1,0,0,0]]",32,0.1832648102910467
level2_receiver_side_info,686,"[[0,1,1,0,0,1,0,1],[0,0,0,1],[1,0,1,1]]",0,0.09116077839697717
level2_receiver_side_info,686,"[[0,1,1,0,0,1,0,1],[0,0,0,1],[1,0,1,1]]",1,0.14290658343056556
level2_receiver_side_info,686,"[[0,1,1,0,0,1,0,1],[0,0,0,1],[1,0,1,1]]",2,0.1844981032973394
level2_receiver_side_info,686,"[[0,1,1,0,0,1,0,1],[0,0,0,1],[1,0,1,1]]",4,0.246861694803569
level2_receiver_side_info,686,"[[0,1,1,0,0,1,0,1],[0,0,0,1],[1,0,1,1]]",8,0.3229802905687297
level2_receiver_side_info,686,"[[0,1,1,0,0,1,0,1],[0,0,0,1],[1,0,1,1]]",16,0.39196225193885564
level2_receiver_side_info,686,"[[0,1,1,0,0,1,0,1],[0,0,0,1],[1,0,1,1]]",32,0.43644344248314637
level2_receiver_side_info,687,"[[0,1,1,0,0,1,0,1],[0,0,1,0],[1,0,1,1]]",0,0.09116077839697717
level2_receiver_side_info,687,"[[0,1,1,0,0,1,0,1],[0,0,1,0],[1,0,1,1]]",1,0.14290658343056556
level2_receiver_side_info,687,"[[0,1,1,0,0,1,0,1],[0,0,1,0],[1,0,1,1]]",2,0.1844981032973394
level2_receiver_side_info,687,"[[0,1,1,0,0,1,0,1],[0,0,1,0],[1,0,1,1]]",4,0.246861694803569
level2_receiver_side_info,687,"[[0,1,1,0,0,1,0,1],[0,0,1,0],[1,0,1,1]]",8,0.32298029056872957
level2_receiver_side_info,687,"[[0,1,1,0,0,1,0,1],[0,0,1,0],[1,0,1,1]]",16,0.39196225193885564
level2_receiver_side_info,687,"[[0,1,1,0,0,1,0,1],[0,0,1,0],[1,0,1,1]]",32,0.43644344248314637
level2_receiver_side_info,688,"[[0,1,1,0,0,1,0,1],[0,1,1,1],[0,1,0,0]]",0,0.09116077839697717
level2_receiver_side_info,688,"[[0,1,1,0,0,1,0,1],[0,1,1,1],[0,1,0,0]]",1,0.14290658343056545
level2_receiver_side_info,688,"[[0,1,1,0,0,1,0,1],[0,1,1,1],[0,1,0,0]]",2,0.1844981032973394
level2_receiver_side_info,688,"[[0,1,1,0,0,1,0,1],[0,1,1,1],[0,1,0,0]]",4,0.2468616948035689
level2_receiver_side_info,688,"[[0,1,1,0,0,1,0,1],[0,1,1,1],[0,1,0,0]]",8,0.3229802905687297
level2_receiver_side_info,688,"[[0,1,1,0,0,1,0,1],[0,1,1,1],[0,1,0,0]]",16,0.39196225193885564
level2_receiver_side_info,688,"[[0,1,1,0,0,1,0,1],[0,1,1,1],[0,1,0,0]]",32,0.43644344248314637
level2_receiver_side_info,689,"[[0,1,1,0,0,1,0,1],[0,1,1,1],[0,1,0,0]]",0,0.09116077839697717
level2_receiver_side_info,689,"[[0,1,1,0,0,1,0,1],[0,1,1,1],[0,1,0,0]]",1,0.14290658343056545
level2_receiver_side_info,689,"[[0,1,1,0,0,1,0,1],[0,1,1,1],[0,1,0,0]]",2,0.1844981032973394
level2_receiver_side_info,689,"[[0,1,1,0,0,1,0,1],[0,1,1,1],[0,1,0,0]]",4,0.2468616948035689
level2_receiver_side_info,689,"[[0,1,1,0,0,1,0,1],[0,1,1,1],[0,1,0,0]]",8,0.3229802905687297
level2_receiver_side_info,689,"[[0,1,1,0,0,1,0,1],[0,1,1,1],[0,1,0,0]]",16,0.39196225193885564
level2_receiver_side_info,689,"[[0,1,1,0,0,1,0,1],[0,1,1,1],[0,1,0,0]]",32,0.43644344248314637
level2_receiver_side_info,690,"[[0,1,1,0,0,1,0,1],[0,0,1,0],[1,0,1,1]]",0,0.09116077839697717
level2_receiver_side_info,690,"[[0,1,1,0,0,1,0,1],[0,0,1,0],[1,0,1,1]]",1,0.14290658343056556
level2_receiver_side_info,690,"[[0,1,1,0,0,1,0,1],[0,0,1,0],[1,0,1,1]]",2,0.1844981032973394
level2_receiver_side_info,690,"[[0,1,1,0,0,1,0,1],[0,0,1,0],[1,0,1,1]]",4,0.246861694803569
level2_receiver_side_info,690,"[[0,1,1,0,0,1,0,1],[0,0,1,0],[1,0,1,1]]",8,0.32298029056872957
level2_receiver_side_info,690,"[[0,1,1,0,0,1,0,1],[0,0,1,0],[1,0,1,1]]",16,0.39196225193885564
level2_receiver_side_info,690,"[[0,1,1,0,0,1,0,1],[0,0,1,0],[1,0,1,1]]",32,0.43644344248314637
level2_receiver_side_info,691,"[[0,1,1,0,0,1,0,1],[0,0,0,1],[1,0,1,1]]",0,0.09116077839697717
level2_receiver_side_info,691,"[[0,1,1,0,0,1,0,1],[0,0,0,1],[1,0,1,1]]",1,0.14290658343056556
level2_receiver_side_info,691,"[[0,1,1,0,0,1,0,1],[0,0,0,1],[1,0,1,1]]",2,0.1844981032973394
level2_receiver_side_info,691,"[[0,1,1,0,0,1,0,1],[0,0,0,1],[1,0,1,1]]",4,0.246861694803569
level2_receiver_side_info,691,"[[0,1,1,0,0,1,0,1],[0,0,0,1],[1,0,1,1]]",8,0.3229802905687297
level2_receiver_side_info,691,"[[0,1,1,0,0,1,0,1],[0,0,0,1],[1,0,1,1]]",16,0.39196225193885564
level2_receiver_side_info,691,"[[0,1,1,0,0,1,0,1],[0,0,0,1],[1,0,1,1]]",32,0.43644344248314637
level2_receiver_side_info,692,"[[0,1,0,1,1,1,1,1],[0,1,0,1],[0,0,0,1]]",0,0.0
level2_receiver_side_info,692,"[[0,1,0,1,1,1,1,1],[0,1,0,1],[0,0,0,1]]",1,0.01621124580150446
level2_receiver_side_info,692,"[[0,1,0,1,1,1,1,1],[0,1,0,1],[0,0,0,1]]",2,0.028533198169706342
level2_receiver_side_info,692,"[[0,1,0,1,1,1,1,1],[0,1,0,1],[0,0,0,1]]",4,0.0456971587074495
level2_receiver_side_info,692,"[[0,1,0,1,1,1,1,1],[0,1,0,1],[0,0,0,1]]",8,0.0647237743260059
level2_receiver_side_info,692,"[[0,1,0,1,1,1,1,1],[0,1,0,1],[0,0,0,1]]",16,0.08128352549864837
level2_receiver_side_info,692,"[[0,1,0,1,1,1,1,1],[0,1,0,1],[0,0,0,1]]",32,0.09305028484361938
level2_receiver_side_info,693,"[[0,1,0,1,1,1,1,1],[0,1,0,1],[0,0,1,0]]",0,0.0
level2_receiver_side_info,693,"[[0,1,0,1,1,1,1,1],[0,1,0,1],[0,0,1,0]]",1,0.01621124580150446
level2_receiver_side_info,693,"[[0,1,0,1,1,1,1,1],[0,1,0,1],[0,0,1,0]]",2,0.028533198169706397
level2_receiver_side_info,693,"[[0,1,0,1,1,1,1,1],[0,1,0,1],[0,0,1,0]]",4,0.04569715870744956
level2_receiver_side_info,693,"[[0,1,0,1,1,1,1,1],[0,1,0,1],[0,0,1,0]]",8,0.0647237743260059
level2_receiver_side_info,693,"[[0,1,0,1,1,1,1,1],[0,1,0,1],[0,0,1,0]]",16,0.08128352549864842
level2_receiver_side_info,693,"[[0,1,0,1,1,1,1,1],[0,1,0,1],[0,0,1,0]]",32,0.09305028484361938
level2_receiver_side_info,694,"[[0,1,0,1,1,1,1,1],[0,1,0,1],[0,0,1,1]]",0,0.0
level2_receiver_side_info,694,"[[0,1,0,1,1,1,1,1],[0,1,0,1],[0,0,1,1]]",1,0.05860388034055081
level2_receiver_side_info,694,"[[0,1,0,1,1,1,1,1],[0,1,0,1],[0,0,1,1]]",2,0.10360963497554826
level2_receiver_side_info,694,"[[0,1,0,1,1,1,1,1],[0,1,0,1],[0,0,1,1]]",4,0.16586347534839643
level2_receiver_side_info,694,"[[0,1,0,1,1,1,1,1],[0,1,0,1],[0,0,1,1]]",8,0.23177388954021425
level2_receiver_side_info,694,"[[0,1,0,1,1,1,1,1],[0,1,0,1],[0,0,1,1]]",16,0.2829520729874759
level2_receiver_side_info,694,"[[0,1,0,1,1,1,1,1],[0,1,0,1],[0,0,1,1]]",32,0.3139496737296405
level2_receiver_side_info,695,"[[0,1,0,1,1,1,1,1],[0,1,0,1],[0,1,0,0]]",0,0.0
level2_receiver_side_info,695,"[[0,1,0,1,1,1,1,1],[0,1,0,1],[0,1,0,0]]",1,0.01621124580150446
level2_receiver_side_info,695,"[[0,1,0,1,1,1,1,1],[0,1,0,1],[0,1,0,0]]",2,0.028533198169706342
level2_receiver_side_info,695,"[[0,1,0,1,1,1,1,1],[0,1,0,1],[0,1,0,0]]",4,0.045697158707449614
level2_receiver_side_info,695,"[[0,1,0,1,1,1,1,1],[0,1,0,1],[0,1,0,0]]",8,0.0647237743260059
level2_receiver_side_info,695,"[[0,1,0,1,1,1,1,1],[0,1,0,1],[0,1,0,0]]",16,0.08128352549864842
level2_receiver_side_info,695,"[[0,1,0,1,1,1,1,1],[0,1,0,1],[0,1,0,0]]",32,0.09305028484361932
level2_receiver_side_info,696,"[[0,1,0,1,1,1,1,1],[0,1,0,1],[0,1,1,1]]",0,0.0
level2_receiver_side_info,696,"[[0,1,0,1,1,1,1,1],[0,1,0,1],[0,1,1,1]]",1,0.01621124580150446
level2_receiver_side_info,696,"[[0,1,0,1,1,1,1,1],[0,1,0,1],[0,1,1,1]]",2,0.028533198169706342
level2_receiver_side_info,696,"[[0,1,0,1,1,1,1,1],[0,1,0,1],[0,1,1,1]]",4,0.045697158707449614
level2_receiver_side_info,696,"[[0,1,0,1,1,1,1,1],[0,1,0,1],[0,1,1,1]]",8,0.0647237743260059
level2_receiver_side_info,696,"[[0,1,0,1,1,1,1,1],[0,1,0,1],[0,1,1,1]]",16,0.08128352549864842
level2_receiver_side_info,696,"[[0,1,0,1,1,1,1,1],[0,1,0,1],[0,1,1,1]]",32,0.09305028484361938
level2_receiver_side_info,697,"[[0,1,0,1,1,1,1,1],[0,1,1,0],[0,0,0,1]]",0,0.0
level2_receiver_side_info,697,"[[0,1,0,1,1,1,1,1],[0,1,1,0],[0,0,0,1]]",1,0.01621124580150446
level2_receiver_side_info,697,"[[0,1,0,1,1,1,1,1],[0,1,1,0],[0,0,0,1]]",2,0.028533198169706342
level2_receiver_side_info,697,"[[0,1,0,1,1,1,1,1],[0,1,1,0],[0,0,0,1]]",4,0.0456971587074495
level2_receiver_side_info,697,"[[0,1,0,1,1,1,1,1],[0,1,1,0],[0,0,0,1]]",8,0.0647237743260059
level2_receiver_side_info,697,"[[0,1,0,1,1,1,1,1],[0,1,1,0],[0,0,0,1]]",16,0.08128352549864837
level2_receiver_side_info,697,"[[0,1,0,1,1,1,1,1],[0,1,1,0],[0,0,0,1]]",32,0.09305028484361938
level2_receiver_side_info,698,"[[0,1,0,1,1,1,1,1],[0,1,1,0],[0,0,1,0]]",0,0.0
level2_receiver_side_info,698,"[[0,1,0,1,1,1,1,1],[0,1,1,0],[0,0,1,0]]",1,0.01621124580150446
level2_receiver_side_info,698,"[[0,1,0,1,1,1,1,1],[0,1,1,0],[0,0,1,0]]",2,0.028533198169706397
level2_receiver_side_info,698,"[[0,1,0,1,1,1,1,1],[0,1,1,0],[0,0,1,0]]",4,0.04569715870744956
level2_receiver_side_info,698,"[[0,1,0,1,1,1,1,1],[0,1,1,0],[0,0,1,0]]",8,0.0647237743260059
level2_receiver_side_info,698,"[[0,1,0,1,1,1,1,1],[0,1,1,0],[0,0,1,0]]",16,0.08128352549864842
level2_receiver_side_info,698,"[[0,1,0,1,1,1,1,1],[0,1,1,0],[0,0,1,0]]",32,0.09305028484361938
level2_receiver_side_info,699,"[[0,1,0,1,1,1,1,1],[0,1,1,0],[0,0,1,1]]",0,0.0
level2_receiver_side_info,699,"[[0,1,0,1,1,1,1,1],[0,1,1,0],[0,0,1,1]]",1,0.05860388034055081
level2_receiver_side_info,699,"[[0,1,0,1,1,1,1,1],[0,1,1,0],[0,0,1,1]]",2,0.10360963497554826
level2_receiver_side_info,699,"[[0,1,0,1,1,1,1,1],[0,1,1,0],[0,0,1,1]]",4,0.16586347534839643
level2_receiver_side_info,699,"[[0,1,0,1,1,1,1,1],[0,1,1,0],[0,0,1,1]]",8,0.23177388954021425
level2_receiver_side_info,699,"[[0,1,0,1,1,1,1,1],[0,1,1,0],[0,0,1,1]]",16,0.2829520729874759
level2_receiver_side_info,699,"[[0,1,0,1,1,1,1,1],[0,1,1,0],[0,0,1,1]]",32,0.3139496737296405
level2_receiver_side_info,700,"[[0,1,0,1,1,1,1,1],[0,1,1,0],[0,1,0,0]]",0,0.0
level2_receiver_side_info,700,"[[0,1,0,1,1,1,1,1],[0,1,1,0],[0,1,0,0]]",1,0.01621124580150446
level2_receiver_side_info,700,"[[0,1,0,1,1,1,1,1],[0,1,1,0],[0,1,0,0]]",2,0.028533198169706342
level2_receiver_side_info,700,"[[0,1,0,1,1,1,1,1],[0,1,1,0],[0,1,0,0]]",4,0.045697158707449614
level2_receiver_side_info,700,"[[0,1,0,1,1,1,1,1],[0,1,1,0],[0,1,0,0]]",8,0.0647237743260059
level2_receiver_side_info,700,"[[0,1,0,1,1,1,1,1],[0,1,1,0],[0,1,0,0]]",16,0.08128352549864842
level2_receiver_side_info,700,"[[0,1,0,1,1,1,1,1],[0,1,1,0],[0,1,0,0]]",32,0.09305028484361932
level2_receiver_side_info,701,"[[0,1,0,1,1,1,1,1],[0,1,1,0],[0,1,1,1]]",0,0.0
level2_receiver_side_info,701,"[[0,1,0,1,1,1,1,1],[0,1,1,0],[0,1,1,1]]",1,0.01621124580150446
level2_receiver_side_info,701,"[[0,1,0,1,1,1,1,1],[0,1,1,0],[0,1,1,1]]",2,0.028533198169706342
level2_receiver_side_info,701,"[[0,1,0,1,1,1,1,1],[0,1,1,0],[0,1,1,1]]",4,0.045697158707449614
level2_receiver_side_info,701,"[[0,1,0,1,1,1,1,1],[0,1,1,0],[0,1,1,1]]",8,0.0647237743260059
level2_receiver_side_info,701,"[[0,1,0,1,1,1,1,1],[0,1,1,0],[0,1,1,1]]",16,0.08128352549864842
level2_receiver_side_info,701,"[[0,1,0,1,1,1,1,1],[0,1,1,0],[0,1,1,1]]",32,0.09305028484361938
level2_receiver_side_info,702,"[[0,1,0,1,1,1,1,1],[0,1,1,0],[1,1,1,0]]",0,0.0
level2_receiver_side_info,702,"[[0,1,0,1,1,1,1,1],[0,1,1,0],[1,1,1,0]]",1,0.01621124580150446
level2_receiver_side_info,702,"[[0,1,0,1,1,1,1,1],[0,1,1,0],[1,1,1,0]]",2,0.028533198169706342
level2_receiver_side_info,702,"[[0,1,0,1,1,1,1,1],[0,1,1,0],[1,1,1,0]]",4,0.0456971587074495
level2_receiver_side_info,702,"[[0,1,0,1,1,1,1,1],[0,1,1,0],[1,1,1,0]]",8,0.0647237743260059
level2_receiver_side_info,702,"[[0,1,0,1,1,1,1,1],[0,1,1,0],[1,1,1,0]]",16,0.08128352549864837
level2_receiver_side_info,702,"[[0,1,0,1,1,1,1,1],[0,1,1,0],[1,1,1,0]]",32,0.09305028484361938
level2_receiver_side_info,703,"[[0,1,0,1,1,1,1,1],[0,1,1,0],[1,1,0,1]]",0,0.0
level2_receiver_side_info,703,"[[0,1,0,1,1,1,1,1],[0,1,1,0],[1,1,0,1]]",1,0.01621124580150446
level2_receiver_side_info,703,"[[0,1,0,1,1,1,1,1],[0,1,1,0],[1,1,0,1]]",2,0.028533198169706397
level2_receiver_side_info,703,"[[0,1,0,1,1,1,1,1],[0,1,1,0],[1,1,0,1]]",4,0.04569715870744956
level2_receiver_side_info,703,"[[0,1,0,1,1,1,1,1],[0,1,1,0],[1,1,0,1]]",8,0.0647237743260059
level2_receiver_side_info,703,"[[0,1,0,1,1,1,1,1],[0,1,1,0],[1,1,0,1]]",16,0.08128352549864842
level2_receiver_side_info,703,"[[0,1,0,1,1,1,1,1],[0,1,1,0],[1,1,0,1]]",32,0.09305028484361938
level2_receiver_side_info,704,"[[0,1,0,1,1,1,1,1],[0,1,1,0],[1,1,0,0]]",0,0.0
level2_receiver_side_info,704,"[[0,1,0,1,1,1,1,1],[0,1,1,0],[1,1,0,0]]",1,0.05860388034055081
level2_receiver_side_info,704,"[[0,1,0,1,1,1,1,1],[0,1,1,0],[1,1,0,0]]",2,0.10360963497554826
level2_receiver_side_info,704,"[[0,1,0,1,1,1,1,1],[0,1,1,0],[1,1,0,0]]",4,0.16586347534839643
level2_receiver_side_info,704,"[[0,1,0,1,1,1,1,1],[0,1,1,0],[1,1,0,0]]",8,0.23177388954021425
level2_receiver_side_info,704,"[[0,1,0,1,1,1,1,1],[0,1,1,0],[1,1,0,0]]",16,0.2829520729874759
level2_receiver_side_info,704,"[[0,1,0,1,1,1,1,1],[0,1,1,0],[1,1,0,0]]",32,0.3139496737296405
level2_receiver_side_info,705,"[[0,1,0,1,1,1,1,1],[0,1,1,0],[1,0,1,1]]",0,0.0
level2_receiver_side_info,705,"[[0,1,0,1,1,1,1,1],[0,1,1,0],[1,0,1,1]]",1,0.01621124580150446
level2_receiver_side_info,705,"[[0,1,0,1,1,1,1,1],[0,1,1,0],[1,0,1,1]]",2,0.028533198169706342
level2_receiver_side_info,705,"[[0,1,0,1,1,1,1,1],[0,1,1,0],[1,0,1,1]]",4,0.045697158707449614
level2_receiver_side_info,705,"[[0,1,0,1,1,1,1,1],[0,1,1,0],[1,0,1,1]]",8,0.0647237743260059
level2_receiver_side_info,705,"[[0,1,0,1,1,1,1,1],[0,1,1,0],[1,0,1,1]]",16,0.08128352549864842
level2_receiver_side_info,705,"[[0,1,0,1,1,1,1,1],[0,1,1,0],[1,0,1,1]]",32,0.09305028484361932
level2_receiver_side_info,706,"[[0,1,0,1,1,1,1,1],[0,1,1,0],[1,0,0,0]]",0,0.0
level2_receiver_side_info,706,"[[0,1,0,1,1,1,1,1],[0,1,1,0],[1,0,0,0]]",1,0.01621124580150446
level2_receiver_side_info,706,"[[0,1,0,1,1,1,1,1],[0,1,1,0],[1,0,0,0]]",2,0.028533198169706342
level2_receiver_side_info,706,"[[0,1,0,1,1,1,1,1],[0,1,1,0],[1,0,0,0]]",4,0.045697158707449614
level2_receiver_side_info,706,"[[0,1,0,1,1,1,1,1],[0,1,1,0],[1,0,0,0]]",8,0.0647237743260059
level2_receiver_side_info,706,"[[0,1,0,1,1,1,1,1],[0,1,1,0],[1,0,0,0]]",16,0.08128352549864842
level2_receiver_side_info,706,"[[0,1,0,1,1,1,1,1],[0,1,1,0],[1,0,0,0]]",32,0.09305028484361938
level2_receiver_side_info,707,"[[0,1,0,1,1,1,1,1],[0,1,0,1],[1,1,1,0]]",0,0.0
level2_receiver_side_info,707,"[[0,1,0,1,1,1,1,1],[0,1,0,1],[1,1,1,0]]",1,0.01621124580150446
level2_receiver_side_info,707,"[[0,1,0,1,1,1,1,1],[0,1,0,1],[1,1,1,0]]",2,0.028533198169706342
level2_receiver_side_info,707,"[[0,1,0,1,1,1,1,1],[0,1,0,1],[1,1,1,0]]",4,0.0456971587074495
level2_receiver_side_info,707,"[[0,1,0,1,1,1,1,1],[0,1,0,1],[1,1,1,0]]",8,0.0647237743260059
level2_receiver_side_info,707,"[[0,1,0,1,1,1,1,1],[0,1,0,1],[1,1,1,0]]",16,0.08128352549864837
level2_receiver_side_info,707,"[[0,1,0,1,1,1,1,1],[0,1,0,1],[1,1,1,0]]",32,0.09305028484361938
level2_receiver_side_info,708,"[[0,1,0,1,1,1,1,1],[0,1,0,1],[1,1,0,1]]",0,0.0
level2_receiver_side_info,708,"[[0,1,0,1,1,1,1,1],[0,1,0,1],[1,1,0,1]]",1,0.01621124580150446
level2_receiver_side_info,708,"[[0,1,0,1,1,1,1,1],[0,1,0,1],[1,1,0,1]]",2,0.028533198169706397
level2_receiver_side_info,708,"[[0,1,0,1,1,1,1,1],[0,1,0,1],[1,1,0,1]]",4,0.04569715870744956
level2_receiver_side_info,708,"[[0,1,0,1,1,1,1,1],[0,1,0,1],[1,1,0,1]]",8,0.0647237743260059
level2_receiver_side_info,708,"[[0,1,0,1,1,1,1,1],[0,1,0,1],[1,1,0,1]]",16,0.08128352549864842
level2_receiver_side_info,708,"[[0,1,0,1,1,1,1,1],[0,1,0,1],[1,1,0,1]]",32,0.09305028484361938
level2_receiver_side_info,709,"[[0,1,0,1,1,1,1,1],[0,1,0,1],[1,1,0,0]]",0,0.0
level2_receiver_side_info,709,"[[0,1,0,1,1,1,1,1],[0,1,0,1],[1,1,0,0]]",1,0.05860388034055081
level2_receiver_side_info,709,"[[0,1,0,1,1,1,1,1],[0,1,0,1],[1,1,0,0]]",2,0.10360963497554826
level2_receiver_side_info,709,"[[0,1,0,1,1,1,1,1],[0,1,0,1],[1,1,0,0]]",4,0.16586347534839643
level2_receiver_side_info,709,"[[0,1,0,1,1,1,1,1],[0,1,0,1],[1,1,0,0]]",8,0.23177388954021425
level2_receiver_side_info,709,"[[0,1,0,1,1,1,1,1],[0,1,0,1],[1,1,0,0]]",16,0.2829520729874759
level2_receiver_side_info,709,"[[0,1,0,1,1,1,1,1],[0,1,0,1],[1,1,0,0]]",32,0.3139496737296405
level2_receiver_side_info,710,"[[0,1,0,1,1,1,1,1],[0,1,0,1],[1,0,1,1]]",0,0.0
level2_receiver_side_info,710,"[[0,1,0,1,1,1,1,1],[0,1,0,1],[1,0,1,1]]",1,0.01621124580150446
level2_receiver_side_info,710,"[[0,1,0,1,1,1,1,1],[0,1,0,1],[1,0,1,1]]",2,0.028533198169706342
level2_receiver_side_info,710,"[[0,1,0,1,1,1,1,1],[0,1,0,1],[1,0,1,1]]",4,0.045697158707449614
level2_receiver_side_info,710,"[[0,1,0,1,1,1,1,1],[0,1,0,1],[1,0,1,1]]",8,0.0647237743260059
level2_receiver_side_info,710,"[[0,1,0,1,1,1,1,1],[0,1,0,1],[1,0,1,1]]",16,0.08128352549864842
level2_receiver_side_info,710,"[[0,1,0,1,1,1,1,1],[0,1,0,1],[1,0,1,1]]",32,0.09305028484361932
level2_receiver_side_info,711,"[[0,1,0,1,1,1,1,1],[0,1,0,1],[1,0,0,0]]",0,0.0
level2_receiver_side_info,711,"[[0,1,0,1,1,1,1,1],[0,1,0,1],[1,0,0,0]]",1,0.01621124580150446
level2_receiver_side_info,711,"[[0,1,0,1,1,1,1,1],[0,1,0,1],[1,0,0,0]]",2,0.028533198169706342
level2_receiver_side_info,711,"[[0,1,0,1,1,1,1,1],[0,1,0,1],[1,0,0,0]]",4,0.045697158707449614
level2_receiver_side_info,711,"[[0,1,0,1,1,1,1,1],[0,1,0,1],[1,0,0,0]]",8,0.0647237743260059
level2_receiver_side_info,711,"[[0,1,0,1,1,1,1,1],[0,1,0,1],[1,0,0,0]]",16,0.08128352549864842
level2_receiver_side_info,711,"[[0,1,0,1,1,1,1,1],[0,1,0,1],[1,0,0,0]]",32,0.09305028484361938
level2_receiver_side_info,712,"[[0,1,0,1,1,1,0,1],[0,0,0,1],[1,1,0,1]]",0,0.007042719241674045
level2_receiver_side_info,712,"[[0,1,0,1,1,1,0,1],[0,0,0,1],[1,1,0,1]]",1,0.043652143186217685
level2_receiver_side_info,712,"[[0,1,0,1,1,1,0,1],[0,0,0,1],[1,1,0,1]]",2,0.07195128098324627
level2_receiver_side_info,712,"[[0,1,0,1,1,1,0,1],[0,0,0,1],[1,1,0,1]]",4,0.11242296217865763
level2_receiver_side_info,712,"[[0,1,0,1,1,1,0,1],[0,0,0,1],[1,1,0,1]]",8,0.1585495660446091
level2_receiver_side_info,712,"[[0,1,0,1,1,1,0,1],[0,0,0,1],[1,1,0,1]]",16,0.19702626025256345
level2_receiver_side_info,712,"[[0,1,0,1,1,1,0,1],[0,0,0,1],[1,1,0,1]]",32,0.2196961455373196
level2_receiver_side_info,713,"[[0,1,0,1,1,1,0,1],[0,1,0,0],[1,1,0,1]]",0,0.007042719241673989
level2_receiver_side_info,713,"[[0,1,0,1,1,1,0,1],[0,1,0,0],[1,1,0,1]]",1,0.04365214318621763
level2_receiver_side_info,713,"[[0,1,0,1,1,1,0,1],[0,1,0,0],[1,1,0,1]]",2,0.07195128098324627
level2_receiver_side_info,713,"[[0,1,0,1,1,1,0,1],[0,1,0,0],[1,1,0,1]]",4,0.11242296217865763
level2_receiver_side_info,713,"[[0,1,0,1,1,1,0,1],[0,1,0,0],[1,1,0,1]]",8,0.1585495660446091
level2_receiver_side_info,713,"[[0,1,0,1,1,1,0,1],[0,1,0,0],[1,1,0,1]]",16,0.1970262602525635
level2_receiver_side_info,713,"[[0,1,0,1,1,1,0,1],[0,1,0,0],[1,1,0,1]]",32,0.2196961455373196
level2_receiver_side_info,714,"[[0,1,0,1,1,1,0,1],[0,1,1,1],[0,0,1,0]]",0,0.007042719241674045
level2_receiver_side_info,714,"[[0,1,0,1,1,1,0,1],[0,1,1,1],[0,0,1,0]]",1,0.04365214318621763
level2_receiver_side_info,714,"[[0,1,0,1,1,1,0,1],[0,1,1,1],[0,0,1,0]]",2,0.07195128098324627
level2_receiver_side_info,714,"[[0,1,0,1,1,1,0,1],[0,1,1,1],[0,0,1,0]]",4,0.11242296217865763
level2_receiver_side_info,714,"[[0,1,0,1,1,1,0,1],[0,1,1,1],[0,0,1,0]]",8,0.1585495660446091
level2_receiver_side_info,714,"[[0,1,0,1,1,1,0,1],[0,1,1,1],[0,0,1,0]]",16,0.19702626025256345
level2_receiver_side_info,714,"[[0,1,0,1,1,1,0,1],[0,1,1,1],[0,0,1,0]]",32,0.2196961455373196
level2_receiver_side_info,715,"[[0,1,0,1,1,1,0,1],[0,1,1,1],[0,0,1,0]]",0,0.007042719241674045
level2_receiver_side_info,715,"[[0,1,0,1,1,1,0,1],[0,1,1,1],[0,0,1,0]]",1,0.04365214318621763
level2_receiver_side_info,715,"[[0,1,0,1,1,1,0,1],[0,1,1,1],[0,0,1,0]]",2,0.07195128098324627
level2_receiver_side_info,715,"[[0,1,0,1,1,1,0,1],[0,1,1,1],[0,0,1,0]]",4,0.11242296217865763
level2_receiver_side_info,715,"[[0,1,0,1,1,1,0,1],[0,1,1,1],[0,0,1,0]]",8,0.1585495660446091
level2_receiver_side_info,715,"[[0,1,0,1,1,1,0,1],[0,1,1,1],[0,0,1,0]]",16,0.19702626025256345
level2_receiver_side_info,715,"[[0,1,0,1,1,1,0,1],[0,1,1,1],[0,0,1,0]]",32,0.2196961455373196
level2_receiver_side_info,716,"[[0,1,0,1,1,1,0,1],[0,1,0,0],[1,1,0,1]]",0,0.007042719241673989
level2_receiver_side_info,716,"[[0,1,0,1,1,1,0,1],[0,1,0,0],[1,1,0,1]]",1,0.04365214318621763
level2_receiver_side_info,716,"[[0,1,0,1,1,1,0,1],[0,1,0,0],[1,1,0,1]]",2,0.07195128098324627
level2_receiver_side_info,716,"[[0,1,0,1,1,1,0,1],[0,1,0,0],[1,1,0,1]]",4,0.11242296217865763
level2_receiver_side_info,716,"[[0,1,0,1,1,1,0,1],[0,1,0,0],[1,1,0,1]]",8,0.1585495660446091
level2_receiver_side_info,716,"[[0,1,0,1,1,1,0,1],[0,1,0,0],[1,1,0,1]]",16,0.1970262602525635
level2_receiver_side_info,716,"[[0,1,0,1,1,1,0,1],[0,1,0,0],[1,1,0,1]]",32,0.2196961455373196
level2_receiver_side_info,717,"[[0,1,0,1,1,1,0,1],[0,0,0,1],[1,1,0,1]]",0,0.007042719241674045
level2_receiver_side_info,717,"[[0,1,0,1,1,1,0,1],[0,0,0,1],[1,1,0,1]]",1,0.043652143186217685
level2_receiver_side_info,717,"[[0,1,0,1,1,1,0,1],[0,0,0,1],[1,1,0,1]]",2,0.07195128098324627
level2_receiver_side_info,717,"[[0,1,0,1,1,1,0,1],[0,0,0,1],[1,1,0,1]]",4,0.11242296217865763
level2_receiver_side_info,717,"[[0,1,0,1,1,1,0,1],[0,0,0,1],[1,1,0,1]]",8,0.1585495660446091
level2_receiver_side_info,717,"[[0,1,0,1,1,1,0,1],[0,0,0,1],[1,1,0,1]]",16,0.19702626025256345
level2_receiver_side_info,717,"[[0,1,0,1,1,1,0,1],[0,0,0,1],[1,1,0,1]]",32,0.2196961455373196
level2_receiver_side_info,718,"[[0,1,0,1,1,0,1,0],[0,1,0,1],[0,0,0,1]]",0,0.0
level2_receiver_side_info,718,"[[0,1,0,1,1,0,1,0],[0,1,0,1],[0,0,0,1]]",1,0.029298145242776408
level2_receiver_side_info,718,"[[0,1,0,1,1,0,1,0],[0,1,0,1],[0,0,0,1]]",2,0.05196690317726649
level2_receiver_side_info,718,"[[0,1,0,1,1,0,1,0],[0,1,0,1],[0,0,0,1]]",4,0.08435950345211596
level2_receiver_side_info,718,"[[0,1,0,1,1,0,1,0],[0,1,0,1],[0,0,0,1]]",8,0.12198650516110154
level2_receiver_side_info,718,"[[0,1,0,1,1,0,1,0],[0,1,0,1],[0,0,0,1]]",16,0.1569947083971185
level2_receiver_side_info,718,"[[0,1,0,1,1,0,1,0],[0,1,0,1],[0,0,0,1]]",32,0.1832648102910467
level2_receiver_side_info,719,"[[0,1,0,1,1,0,1,0],[0,1,0,1],[0,0,1,0]]",0,0.0
level2_receiver_side_info,719,"[[0,1,0,1,1,0,1,0],[0,1,0,1],[0,0,1,0]]",1,0.029298145242776297
level2_receiver_side_info,719,"[[0,1,0,1,1,0,1,0],[0,1,0,1],[0,0,1,0]]",2,0.05196690317726649
level2_receiver_side_info,719,"[[0,1,0,1,1,0,1,0],[0,1,0,1],[0,0,1,0]]",4,0.08435950345211596
level2_receiver_side_info,719,"[[0,1,0,1,1,0,1,0],[0,1,0,1],[0,0,1,0]]",8,0.12198650516110165
level2_receiver_side_info,719,"[[0,1,0,1,1,0,1,0],[0,1,0,1],[0,0,1,0]]",16,0.1569947083971185
level2_receiver_side_info,719,"[[0,1,0,1,1,0,1,0],[0,1,0,1],[0,0,1,0]]",32,0.18326481029104658
level2_receiver_side_info,720,"[[0,1,0,1,1,0,1,0],[0,1,0,1],[0,0,1,1]]",0,0.0
level2_receiver_side_info,720,"[[0,1,0,1,1,0,1,0],[0,1,0,1],[0,0,1,1]]",1,0.11720776068110161
level2_receiver_side_info,720,"[[0,1,0,1,1,0,1,0],[0,1,0,1],[0,0,1,1]]",2,0.2072192699510964
level2_receiver_side_info,720,"[[0,1,0,1,1,0,1,0],[0,1,0,1],[0,0,1,1]]",4,0.3317269506967929
level2_receiver_side_info,720,"[[0,1,0,1,1,0,1,0],[0,1,0,1],[0,0,1,1]]",8,0.46354777908042843
level2_receiver_side_info,720,"[[0,1,0,1,1,0,1,0],[0,1,0,1],[0,0,1,1]]",16,0.5659041459749518
level2_receiver_side_info,720,"[[0,1,0,1,1,0,1,0],[0,1,0,1],[0,0,1,1]]",32,0.627899347459281
level2_receiver_side_info,721,"[[0,1,0,1,1,0,1,0],[0,1,0,1],[0,1,0,0]]",0,0.0
level2_receiver_side_info,721,"[[0,1,0,1,1,0,1,0],[0,1,0,1],[0,1,0,0]]",1,0.029298145242776408
level2_receiver_side_info,721,"[[0,1,0,1,1,0,1,0],[0,1,0,1],[0,1,0,0]]",2,0.05196690317726649
level2_receiver_side_info,721,"[[0,1,0,1,1,0,1,0],[0,1,0,1],[0,1,0,0]]",4,0.08435950345211607
level2_receiver_side_info,721,"[[0,1,0,1,1,0,1,0],[0,1,0,1],[0,1,0,0]]",8,0.12198650516110165
level2_receiver_side_info,721,"[[0,1,0,1,1,0,1,0],[0,1,0,1],[0,1,0,0]]",16,0.15699470839711838
level2_receiver_side_info,721,"[[0,1,0,1,1,0,1,0],[0,1,0,1],[0,1,0,0]]",32,0.1832648102910467
level2_receiver_side_info,722,"[[0,1,0,1,1,0,1,0],[0,1,0,1],[0,1,1,1]]",0,0.0
level2_receiver_side_info,722,"[[0,1,0,1,1,0,1,0],[0,1,0,1],[0,1,1,1]]",1,0.029298145242776408
level2_receiver_side_info,722,"[[0,1,0,1,1,0,1,0],[0,1,0,1],[0,1,1,1]]",2,0.05196690317726649
level2_receiver_side_info,722,"[[0,1,0,1,1,0,1,0],[0,1,0,1],[0,1,1,1]]",4,0.08435950345211607
level2_receiver_side_info,722,"[[0,1,0,1,1,0,1,0],[0,1,0,1],[0,1,1,1]]",8,0.12198650516110165
level2_receiver_side_info,722,"[[0,1,0,1,1,0,1,0],[0,1,0,1],[0,1,1,1]]",16,0.15699470839711838
level2_receiver_side_info,722,"[[0,1,0,1,1,0,1,0],[0,1,0,1],[0,1,1,1]]",32,0.1832648102910467
level2_receiver_side_info,723,"[[0,1,0,1,1,0,1,0],[0,1,1,0],[0,0,0,1]]",0,0.0
level2_receiver_side_info,723,"[[0,1,0,1,1,0,1,0],[0,1,1,0],[0,0,0,1]]",1,0.029298145242776408
level2_receiver_side_info,723,"[[0,1,0,1,1,0,1,0],[0,1,1,0],[0,0,0,1]]",2,0.05196690317726649
level2_receiver_side_info,723,"[[0,1,0,1,1,0,1,0],[0,1,1,0],[0,0,0,1]]",4,0.08435950345211596
level2_receiver_side_info,723,"[[0,1,0,1,1,0,1,0],[0,1,1,0],[0,0,0,1]]",8,0.12198650516110154
level2_receiver_side_info,723,"[[0,1,0,1,1,0,1,0],[0,1,1,0],[0,0,0,1]]",16,0.1569947083971185
level2_receiver_side_info,723,"[[0,1,0,1,1,0,1,0],[0,1,1,0],[0,0,0,1]]",32,0.1832648102910467
level2_receiver_side_info,724,"[[0,1,0,1,1,0,1,0],[0,1,1,0],[0,0,1,0]]",0,0.0
level2_receiver_side_info,724,"[[0,1,0,1,1,0,1,0],[0,1,1,0],[0,0,1,0]]",1,0.029298145242776297
level2_receiver_side_info,724,"[[0,1,0,1,1,0,1,0],[0,1,1,0],[0,0,1,0]]",2,0.05196690317726649
level2_receiver_side_info,724,"[[0,1,0,1,1,0,1,0],[0,1,1,0],[0,0,1,0]]",4,0.08435950345211596
level2_receiver_side_info,724,"[[0,1,0,1,1,0,1,0],[0,1,1,0],[0,0,1,0]]",8,0.12198650516110165
level2_receiver_side_info,724,"[[0,1,0,1,1,0,1,0],[0,1,1,0],[0,0,1,0]]",16,0.1569947083971185
level2_receiver_side_info,724,"[[0,1,0,1,1,0,1,0],[0,1,1,0],[0,0,1,0]]",32,0.18326481029104658
level2_receiver_side_info,725,"[[0,1,0,1,1,0,1,0],[0,1,1,0],[0,0,1,1]]",0,0.0
level2_receiver_side_info,725,"[[0,1,0,1,1,0,1,0],[0,1,1,0],[0,0,1,1]]",1,0.11720776068110161
level2_receiver_side_info,725,"[[0,1,0,1,1,0,1,0],[0,1,1,0],[0,0,1,1]]",2,0.2072192699510964
level2_receiver_side_info,725,"[[0,1,0,1,1,0,1,0],[0,1,1,0],[0,0,1,1]]",4,0.3317269506967929
level2_receiver_side_info,725,"[[0,1,0,1,1,0,1,0],[0,1,1,0],[0,0,1,1]]",8,0.46354777908042843
level2_receiver_side_info,725,"[[0,1,0,1,1,0,1,0],[0,1,1,0],[0,0,1,1]]",16,0.5659041459749518
level2_receiver_side_info,725,"[[0,1,0,1,1,0,1,0],[0,1,1,0],[0,0,1,1]]",32,0.627899347459281
level2_receiver_side_info,726,"[[0,1,0,1,1,0,1,0],[0,1,1,0],[0,1,0,0]]",0,0.0
level2_receiver_side_info,726,"[[0,1,0,1,1,0,1,0],[0,1,1,0],[0,1,0,0]]",1,0.029298145242776408
level2_receiver_side_info,726,"[[0,1,0,1,1,0,1,0],[0,1,1,0],[0,1,0,0]]",2,0.05196690317726649
level2_receiver_side_info,726,"[[0,1,0,1,1,0,1,0],[0,1,1,0],[0,1,0,0]]",4,0.08435950345211607
level2_receiver_side_info,726,"[[0,1,0,1,1,0,1,0],[0,1,1,0],[0,1,0,0]]",8,0.12198650516110165
level2_receiver_side_info,726,"[[0,1,0,1,1,0,1,0],[0,1,1,0],[0,1,0,0]]",16,0.15699470839711838
level2_receiver_side_info,726,"[[0,1,0,1,1,0,1,0],[0,1,1,0],[0,1,0,0]]",32,0.1832648102910467
level2_receiver_side_info,727,"[[0,1,0,1,1,0,1,0],[0,1,1,0],[0,1,1,1]]",0,0.0
level2_receiver_side_info,727,"[[0,1,0,1,1,0,1,0],[0,1,1,0],[0,1,1,1]]",1,0.029298145242776408
level2_receiver_side_info,727,"[[0,1,0,1,1,0,1,0],[0,1,1,0],[0,1,1,1]]",2,0.05196690317726649
level2_receiver_side_info,727,"[[0,1,0,1,1,0,1,0],[0,1,1,0],[0,1,1,1]]",4,0.08435950345211607
level2_receiver_side_info,727,"[[0,1,0,1,1,0,1,0],[0,1,1,0],[0,1,1,1]]",8,0.12198650516110165
level2_receiver_side_info,727,"[[0,1,0,1,1,0,1,0],[0,1,1,0],[0,1,1,1]]",16,0.15699470839711838
level2_receiver_side_info,727,"[[0,1,0,1,1,0,1,0],[0,1,1,0],[0,1,1,1]]",32,0.1832648102910467
level2_receiver_side_info,728,"[[0,1,0,1,1,0,1,0],[0,1,1,0],[1,1,1,0]]",0,0.0
level2_receiver_side_info,728,"[[0,1,0,1,1,0,1,0],[0,1,1,0],[1,1,1,0]]",1,0.029298145242776408
level2_receiver_side_info,728,"[[0,1,0,1,1,0,1,0],[0,1,1,0],[1,1,1,0]]",2,0.05196690317726649
level2_receiver_side_info,728,"[[0,1,0,1,1,0,1,0],[0,1,1,0],[1,1,1,0]]",4,0.08435950345211596
level2_receiver_side_info,728,"[[0,1,0,1,1,0,1,0],[0,1,1,0],[1,1,1,0]]",8,0.12198650516110154
level2_receiver_side_info,728,"[[0,1,0,1,1,0,1,0],[0,1,1,0],[1,1,1,0]]",16,0.1569947083971185
level2_receiver_side_info,728,"[[0,1,0,1,1,0,1,0],[0,1,1,0],[1,1,1,0]]",32,0.1832648102910467
level2_receiver_side_info,729,"[[0,1,0,1,1,0,1,0],[0,1,1,0],[1,1,0,1]]",0,0.0
level2_receiver_side_info,729,"[[0,1,0,1,1,0,1,0],[0,1,1,0],[1,1,0,1]]",1,0.029298145242776297
level2_receiver_side_info,729,"[[0,1,0,1,1,0,1,0],[0,1,1,0],[1,1,0,1]]",2,0.05196690317726649
level2_receiver_side_info,729,"[[0,1,0,1,1,0,1,0],[0,1,1,0],[1,1,0,1]]",4,0.08435950345211596
level2_receiver_side_info,729,"[[0,1,0,1,1,0,1,0],[0,1,1,0],[1,1,0,1]]",8,0.12198650516110165
level2_receiver_side_info,729,"[[0,1,0,1,1,0,1,0],[0,1,1,0],[1,1,0,1]]",16,0.1569947083971185
level2_receiver_side_info,729,"[[0,1,0,1,1,0,1,0],[0,1,1,0],[1,1,0,1]]",32,0.18326481029104658
level2_receiver_side_info,730,"[[0,1,0,1,1,0,1,0],[0,1,1,0],[1,1,0,0]]",0,0.0
level2_receiver_side_info,730,"[[0,1,0,1,1,0,1,0],[0,1,1,0],[1,1,0,0]]",1,0.11720776068110161
level2_receiver_side_info,730,"[[0,1,0,1,1,0,1,0],[0,1,1,0],[1,1,0,0]]",2,0.2072192699510964
level2_receiver_side_info,730,"[[0,1,0,1,1,0,1,0],[0,1,1,0],[1,1,0,0]]",4,0.3317269506967929
level2_receiver_side_info,730,"[[0,1,0,1,1,0,1,0],[0,1,1,0],[1,1,0,0]]",8,0.46354777908042843
level2_receiver_side_info,730,"[[0,1,0,1,1,0,1,0],[0,1,1,0],[1,1,0,0]]",16,0.5659041459749518
level2_receiver_side_info,730,"[[0,1,0,1,1,0,1,0],[0,1,1,0],[1,1,0,0]]",32,0.627899347459281
level2_receiver_side_info,731,"[[0,1,0,1,1,0,1,0],[0,1,1,0],[1,0,1,1]]",0,0.0
level2_receiver_side_info,731,"[[0,1,0,1,1,0,1,0],[0,1,1,0],[1,0,1,1]]",1,0.029298145242776408
level2_receiver_side_info,731,"[[0,1,0,1,1,0,1,0],[0,1,1,0],[1,0,1,1]]",2,0.05196690317726649
level2_receiver_side_info,731,"[[0,1,0,1,1,0,1,0],[0,1,1,0],[1,0,1,1]]",4,0.08435950345211607
level2_receiver_side_info,731,"[[0,1,0,1,1,0,1,0],[0,1,1,0],[1,0,1,1]]",8,0.12198650516110165
level2_receiver_side_info,731,"[[0,1,0,1,1,0,1,0],[0,1,1,0],[1,0,1,1]]",16,0.15699470839711838
level2_receiver_side_info,731,"[[0,1,0,1,1,0,1,0],[0,1,1,0],[1,0,1,1]]",32,0.1832648102910467
level2_receiver_side_info,732,"[[0,1,0,1,1,0,1,0],[0,1,1,0],[1,0,0,0]]",0,0.0
level2_receiver_side_info,732,"[[0,1,0,1,1,0,1,0],[0,1,1,0],[1,0,0,0]]",1,0.029298145242776408
level2_receiver_side_info,732,"[[0,1,0,1,1,0,1,0],[0,1,1,0],[1,0,0,0]]",2,0.05196690317726649
level2_receiver_side_info,732,"[[0,1,0,1,1,0,1,0],[0,1,1,0],[1,0,0,0]]",4,0.08435950345211607
level2_receiver_side_info,732,"[[0,1,0,1,1,0,1,0],[0,1,1,0],[1,0,0,0]]",8,0.12198650516110165
level2_receiver_side_info,732,"[[0,1,0,1,1,0,1,0],[0,1,1,0],[1,0,0,0]]",16,0.15699470839711838
level2_receiver_side_info,732,"[[0,1,0,1,1,0,1,0],[0,1,1,0],[1,0,0,0]]",32,0.1832648102910467
level2_receiver_side_info,733,"[[0,1,0,1,1,0,1,0],[0,1,0,1],[1,1,1,0]]",0,0.0
level2_receiver_side_info,733,"[[0,1,0,1,1,0,1,0],[0,1,0,1],[1,1,1,0]]",1,0.029298145242776408
level2_receiver_side_info,733,"[[0,1,0,1,1,0,1,0],[0,1,0,1],[1,1,1,0]]",2,0.05196690317726649
level2_receiver_side_info,733,"[[0,1,0,1,1,0,1,0],[0,1,0,1],[1,1,1,0]]",4,0.08435950345211596
level2_receiver_side_info,733,"[[0,1,0,1,1,0,1,0],[0,1,0,1],[1,1,1,0]]",8,0.12198650516110154
level2_receiver_side_info,733,"[[0,1,0,1,1,0,1,0],[0,1,0,1],[1,1,1,0]]",16,0.1569947083971185
level2_receiver_side_info,733,"[[0,1,0,1,1,0,1,0],[0,1,0,1],[1,1,1,0]]",32,0.1832648102910467
level2_receiver_side_info,734,"[[0,1,0,1,1,0,1,0],[0,1,0,1],[1,1,0,1]]",0,0.0
level2_receiver_side_info,734,"[[0,1,0,1,1,0,1,0],[0,1,0,1],[1,1,0,1]]",1,0.029298145242776297
level2_receiver_side_info,734,"[[0,1,0,1,1,0,1,0],[0,1,0,1],[1,1,0,1]]",2,0.05196690317726649
level2_receiver_side_info,734,"[[0,1,0,1,1,0,1,0],[0,1,0,1],[1,1,0,1]]",4,0.08435950345211596
level2_receiver_side_info,734,"[[0,1,0,1,1,0,1,0],[0,1,0,1],[1,1,0,1]]",8,0.12198650516110165
level2_receiver_side_info,734,"[[0,1,0,1,1,0,1,0],[0,1,0,1],[1,1,0,1]]",16,0.1569947083971185
level2_receiver_side_info,734,"[[0,1,0,1,1,0,1,0],[0,1,0,1],[1,1,0,1]]",32,0.18326481029104658
level2_receiver_side_info,735,"[[0,1,0,1,1,0,1,0],[0,1,0,1],[1,1,0,0]]",0,0.0
level2_receiver_side_info,735,"[[0,1,0,1,1,0,1,0],[0,1,0,1],[1,1,0,0]]",1,0.11720776068110161
level2_receiver_side_info,735,"[[0,1,0,1,1,0,1,0],[0,1,0,1],[1,1,0,0]]",2,0.2072192699510964
level2_receiver_side_info,735,"[[0,1,0,1,1,0,1,0],[0,1,0,1],[1,1,0,0]]",4,0.3317269506967929
level2_receiver_side_info,735,"[[0,1,0,1,1,0,1,0],[0,1,0,1],[1,1,0,0]]",8,0.46354777908042843
level2_receiver_side_info,735,"[[0,1,0,1,1,0,1,0],[0,1,0,1],[1,1,0,0]]",16,0.5659041459749518
level2_receiver_side_info,735,"[[0,1,0,1,1,0,1,0],[0,1,0,1],[1,1,0,0]]",32,0.627899347459281
level2_receiver_side_info,736,"[[0,1,0,1,1,0,1,0],[0,1,0,1],[1,0,1,1]]",0,0.0
level2_receiver_side_info,736,"[[0,1,0,1,1,0,1,0],[0,1,0,1],[1,0,1,1]]",1,0.029298145242776408
level2_receiver_side_info,736,"[[0,1,0,1,1,0,1,0],[0,1,0,1],[1,0,1,1]]",2,0.05196690317726649
level2_receiver_side_info,736,"[[0,1,0,1,1,0,1,0],[0,1,0,1],[1,0,1,1]]",4,0.08435950345211607
level2_receiver_side_info,736,"[[0,1,0,1,1,0,1,0],[0,1,0,1],[1,0,1,1]]",8,0.12198650516110165
level2_receiver_side_info,736,"[[0,1,0,1,1,0,1,0],[0,1,0,1],[1,0,1,1]]",16,0.15699470839711838
level2_receiver_side_info,736,"[[0,1,0,1,1,0,1,0],[0,1,0,1],[1,0,1,1]]",32,0.1832648102910467
level2_receiver_side_info,737,"[[0,1,0,1,1,0,1,0],[0,1,0,1],[1,0,0,0]]",0,0.0
level2_receiver_side_info,737,"[[0,1,0,1,1,0,1,0],[0,1,0,1],[1,0,0,0]]",1,0.029298145242776408
level2_receiver_side_info,737,"[[0,1,0,1,1,0,1,0],[0,1,0,1],[1,0,0,0]]",2,0.05196690317726649
level2_receiver_side_info,737,"[[0,1,0,1,1,0,1,0],[0,1,0,1],[1,0,0,0]]",4,0.08435950345211607
level2_receiver_side_info,737,"[[0,1,0,1,1,0,1,0],[0,1,0,1],[1,0,0,0]]",8,0.12198650516110165
level2_receiver_side_info,737,"[[0,1,0,1,1,0,1,0],[0,1,0,1],[1,0,0,0]]",16,0.15699470839711838
level2_receiver_side_info,737,"[[0,1,0,1,1,0,1,0],[0,1,0,1],[1,0,0,0]]",32,0.1832648102910467
level2_receiver_side_info,738,"[[0,1,0,1,1,0,0,1],[0,0,0,1],[1,1,0,1]]",0,0.09116077839697723
level2_receiver_side_info,738,"[[0,1,0,1,1,0,0,1],[0,0,0,1],[1,1,0,1]]",1,0.1429065834305655
level2_receiver_side_info,738,"[[0,1,0,1,1,0,0,1],[0,0,0,1],[1,1,0,1]]",2,0.18449810329733946
level2_receiver_side_info,738,"[[0,1,0,1,1,0,0,1],[0,0,0,1],[1,1,0,1]]",4,0.246861694803569
level2_receiver_side_info,738,"[[0,1,0,1,1,0,0,1],[0,0,0,1],[1,1,0,1]]",8,0.32298029056872957
level2_receiver_side_info,738,"[[0,1,0,1,1,0,0,1],[0,0,0,1],[1,1,0,1]]",16,0.39196225193885564
level2_receiver_side_info,738,"[[0,1,0,1,1,0,0,1],[0,0,0,1],[1,1,0,1]]",32,0.43644344248314626
level2_receiver_side_info,739,"[[0,1,0,1,1,0,0,1],[0,1,0,0],[1,1,0,1]]",0,0.09116077839697723
level2_receiver_side_info,739,"[[0,1,0,1,1,0,0,1],[0,1,0,0],[1,1,0,1]]",1,0.1429065834305654
level2_receiver_side_info,739,"[[0,1,0,1,1,0,0,1],[0,1,0,0],[1,1,0,1]]",2,0.18449810329733946
level2_receiver_side_info,739,"[[0,1,0,1,1,0,0,1],[0,1,0,0],[1,1,0,1]]",4,0.246861694803569
level2_receiver_side_info,739,"[[0,1,0,1,1,0,0,1],[0,1,0,0],[1,1,0,1]]",8,0.32298029056872957
level2_receiver_side_info,739,"[[0,1,0,1,1,0,0,1],[0,1,0,0],[1,1,0,1]]",16,0.39196225193885564
level2_receiver_side_info,739,"[[0,1,0,1,1,0,0,1],[0,1,0,0],[1,1,0,1]]",32,0.43644344248314626
level2_receiver_side_info,740,"[[0,1,0,1,1,0,0,1],[0,1,1,1],[0,0,1,0]]",0,0.09116077839697723
level2_receiver_side_info,740,"[[0,1,0,1,1,0,0,1],[0,1,1,1],[0,0,1,0]]",1,0.1429065834305654
level2_receiver_side_info,740,"[[0,1,0,1,1,0,0,1],[0,1,1,1],[0,0,1,0]]",2,0.18449810329733946
level2_receiver_side_info,740,"[[0,1,0,1,1,0,0,1],[0,1,1,1],[0,0,1,0]]",4,0.246861694803569
level2_receiver_side_info,740,"[[0,1,0,1,1,0,0,1],[0,1,1,1],[0,0,1,0]]",8,0.32298029056872957
level2_receiver_side_info,740,"[[0,1,0,1,1,0,0,1],[0,1,1,1],[0,0,1,0]]",16,0.39196225193885564
level2_receiver_side_info,740,"[[0,1,0,1,1,0,0,1],[0,1,1,1],[0,0,1,0]]",32,0.43644344248314626
level2_receiver_side_info,741,"[[0,1,0,1,1,0,0,1],[0,1,1,1],[0,0,1,0]]",0,0.09116077839697723
level2_receiver_side_info,741,"[[0,1,0,1,1,0,0,1],[0,1,1,1],[0,0,1,0]]",1,0.1429065834305654
level2_receiver_side_info,741,"[[0,1,0,1,1,0,0,1],[0,1,1,1],[0,0,1,0]]",2,0.18449810329733946
level2_receiver_side_info,741,"[[0,1,0,1,1,0,0,1],[0,1,1,1],[0,0,1,0]]",4,0.246861694803569
level2_receiver_side_info,741,"[[0,1,0,1,1,0,0,1],[0,1,1,1],[0,0,1,0]]",8,0.32298029056872957
level2_receiver_side_info,741,"[[0,1,0,1,1,0,0,1],[0,1,1,1],[0,0,1,0]]",16,0.39196225193885564
level2_receiver_side_info,741,"[[0,1,0,1,1,0,0,1],[0,1,1,1],[0,0,1,0]]",32,0.43644344248314626
level2_receiver_side_info,742,"[[0,1,0,1,1,0,0,1],[0,1,0,0],[1,1,0,1]]",0,0.09116077839697723
level2_receiver_side_info,742,"[[0,1,0,1,1,0,0,1],[0,1,0,0],[1,1,0,1]]",1,0.1429065834305654
level2_receiver_side_info,742,"[[0,1,0,1,1,0,0,1],[0,1,0,0],[1,1,0,1]]",2,0.18449810329733946
level2_receiver_side_info,742,"[[0,1,0,1,1,0,0,1],[0,1,0,0],[1,1,0,1]]",4,0.246861694803569
level2_receiver_side_info,742,"[[0,1,0,1,1,0,0,1],[0,1,0,0],[1,1,0,1]]",8,0.32298029056872957
level2_receiver_side_info,742,"[[0,1,0,1,1,0,0,1],[0,1,0,0],[1,1,0,1]]",16,0.39196225193885564
level2_receiver_side_info,742,"[[0,1,0,1,1,0,0,1],[0,1,0,0],[1,1,0,1]]",32,0.43644344248314626
level2_receiver_side_info,743,"[[0,1,0,1,1,0,0,1],[0,0,0,1],[1,1,0,1]]",0,0.09116077839697723
level2_receiver_side_info,743,"[[0,1,0,1,1,0,0,1],[0,0,0,1],[1,1,0,1]]",1,0.1429065834305655
level2_receiver_side_info,743,"[[0,1,0,1,1,0,0,1],[0,0,0,1],[1,1,0,1]]",2,0.18449810329733946
level2_receiver_side_info,743,"[[0,1,0,1,1,0,0,1],[0,0,0,1],[1,1,0,1]]",4,0.246861694803569
level2_receiver_side_info,743,"[[0,1,0,1,1,0,0,1],[0,0,0,1],[1,1,0,1]]",8,0.32298029056872957
level2_receiver_side_info,743,"[[0,1,0,1,1,0,0,1],[0,0,0,1],[1,1,0,1]]",16,0.39196225193885564
level2_receiver_side_info,743,"[[0,1,0,1,1,0,0,1],[0,0,0,1],[1,1,0,1]]",32,0.43644344248314626
level2_receiver_side_info,744,"[[0,1,0,1,0,1,1,1],[0,0,1,0],[1,1,1,0]]",0,0.007042719241674045
level2_receiver_side_info,744,"[[0,1,0,1,0,1,1,1],[0,0,1,0],[1,1,1,0]]",1,0.04365214318621763
level2_receiver_side_info,744,"[[0,1,0,1,0,1,1,1],[0,0,1,0],[1,1,1,0]]",2,0.07195128098324627
level2_receiver_side_info,744,"[[0,1,0,1,0,1,1,1],[0,0,1,0],[1,1,1,0]]",4,0.11242296217865763
level2_receiver_side_info,744,"[[0,1,0,1,0,1,1,1],[0,0,1,0],[1,1,1,0]]",8,0.1585495660446091
level2_receiver_side_info,744,"[[0,1,0,1,0,1,1,1],[0,0,1,0],[1,1,1,0]]",16,0.19702626025256345
level2_receiver_side_info,744,"[[0,1,0,1,0,1,1,1],[0,0,1,0],[1,1,1,0]]",32,0.2196961455373196
level2_receiver_side_info,745,"[[0,1,0,1,0,1,1,1],[0,1,0,0],[1,1,1,0]]",0,0.007042719241674045
level2_receiver_side_info,745,"[[0,1,0,1,0,1,1,1],[0,1,0,0],[1,1,1,0]]",1,0.043652143186217574
level2_receiver_side_info,745,"[[0,1,0,1,0,1,1,1],[0,1,0,0],[1,1,1,0]]",2,0.07195128098324627
level2_receiver_side_info,745,"[[0,1,0,1,0,1,1,1],[0,1,0,0],[1,1,1,0]]",4,0.11242296217865763
level2_receiver_side_info,745,"[[0,1,0,1,0,1,1,1],[0,1,0,0],[1,1,1,0]]",8,0.1585495660446091
level2_receiver_side_info,745,"[[0,1,0,1,0,1,1,1],[0,1,0,0],[1,1,1,0]]",16,0.19702626025256345
level2_receiver_side_info,745,"[[0,1,0,1,0,1,1,1],[0,1,0,0],[1,1,1,0]]",32,0.2196961455373196
level2_receiver_side_info,746,"[[0,1,0,1,0,1,1,1],[0,1,1,1],[0,0,0,1]]",0,0.0070427192416741
level2_receiver_side_info,746,"[[0,1,0,1,0,1,1,1],[0,1,1,1],[0,0,0,1]]",1,0.043652143186217574
level2_receiver_side_info,746,"[[0,1,0,1,0,1,1,1],[0,1,1,1],[0,0,0,1]]",2,0.07195128098324627
level2_receiver_side_info,746,"[[0,1,0,1,0,1,1,1],[0,1,1,1],[0,0,0,1]]",4,0.11242296217865763
level2_receiver_side_info,746,"[[0,1,0,1,0,1,1,1],[0,1,1,1],[0,0,0,1]]",8,0.1585495660446091
level2_receiver_side_info,746,"[[0,1,0,1,0,1,1,1],[0,1,1,1],[0,0,0,1]]",16,0.19702626025256345
level2_receiver_side_info,746,"[[0,1,0,1,0,1,1,1],[0,1,1,1],[0,0,0,1]]",32,0.2196961455373196
level2_receiver_side_info,747,"[[0,1,0,1,0,1,1,1],[0,1,1,1],[0,0,0,1]]",0,0.0070427192416741
level2_receiver_side_info,747,"[[0,1,0,1,0,1,1,1],[0,1,1,1],[0,0,0,1]]",1,0.043652143186217574
level2_receiver_side_info,747,"[[0,1,0,1,0,1,1,1],[0,1,1,1],[0,0,0,1]]",2,0.07195128098324627
level2_receiver_side_info,747,"[[0,1,0,1,0,1,1,1],[0,1,1,1],[0,0,0,1]]",4,0.11242296217865763
level2_receiver_side_info,747,"[[0,1,0,1,0,1,1,1],[0,1,1,1],[0,0,0,1]]",8,0.1585495660446091
level2_receiver_side_info,747,"[[0,1,0,1,0,1,1,1],[0,1,1,1],[0,0,0,1]]",16,0.19702626025256345
level2_receiver_side_info,747,"[[0,1,0,1,0,1,1,1],[0,1,1,1],[0,0,0,1]]",32,0.2196961455373196
level2_receiver_side_info,748,"[[0,1,0,1,0,1,1,1],[0,1,0,0],[1,1,1,0]]",0,0.007042719241674045
level2_receiver_side_info,748,"[[0,1,0,1,0,1,1,1],[0,1,0,0],[1,1,1,0]]",1,0.043652143186217574
level2_receiver_side_info,748,"[[0,1,0,1,0,1,1,1],[0,1,0,0],[1,1,1,0]]",2,0.07195128098324627
level2_receiver_side_info,748,"[[0,1,0,1,0,1,1,1],[0,1,0,0],[1,1,1,0]]",4,0.11242296217865763
level2_receiver_side_info,748,"[[0,1,0,1,0,1,1,1],[0,1,0,0],[1,1,1,0]]",8,0.1585495660446091
level2_receiver_side_info,748,"[[0,1,0,1,0,1,1,1],[0,1,0,0],[1,1,1,0]]",16,0.19702626025256345
level2_receiver_side_info,748,"[[0,1,0,1,0,1,1,1],[0,1,0,0],[1,1,1,0]]",32,0.2196961455373196
level2_receiver_side_info,749,"[[0,1,0,1,0,1,1,1],[0,0,1,0],[1,1,1,0]]",0,0.007042719241674045
level2_receiver_side_info,749,"[[0,1,0,1,0,1,1,1],[0,0,1,0],[1,1,1,0]]",1,0.04365214318621763
level2_receiver_side_info,749,"[[0,1,0,1,0,1,1,1],[0,0,1,0],[1,1,1,0]]",2,0.07195128098324627
level2_receiver_side_info,749,"[[0,1,0,1,0,1,1,1],[0,0,1,0],[1,1,1,0]]",4,0.11242296217865763
level2_receiver_side_info,749,"[[0,1,0,1,0,1,1,1],[0,0,1,0],[1,1,1,0]]",8,0.1585495660446091
level2_receiver_side_info,749,"[[0,1,0,1,0,1,1,1],[0,0,1,0],[1,1,1,0]]",16,0.19702626025256345
level2_receiver_side_info,749,"[[0,1,0,1,0,1,1,1],[0,0,1,0],[1,1,1,0]]",32,0.2196961455373196
level2_receiver_side_info,750,"[[0,1,0,1,0,1,1,0],[0,0,1,0],[1,1,1,0]]",0,0.09116077839697728
level2_receiver_side_info,750,"[[0,1,0,1,0,1,1,0],[0,0,1,0],[1,1,1,0]]",1,0.14290658343056545
level2_receiver_side_info,750,"[[0,1,0,1,0,1,1,0],[0,0,1,0],[1,1,1,0]]",2,0.18449810329733946
level2_receiver_side_info,750,"[[0,1,0,1,0,1,1,0],[0,0,1,0],[1,1,1,0]]",4,0.246861694803569
level2_receiver_side_info,750,"[[0,1,0,1,0,1,1,0],[0,0,1,0],[1,1,1,0]]",8,0.32298029056872946
level2_receiver_side_info,750,"[[0,1,0,1,0,1,1,0],[0,0,1,0],[1,1,1,0]]",16,0.39196225193885575
level2_receiver_side_info,750,"[[0,1,0,1,0,1,1,0],[0,0,1,0],[1,1,1,0]]",32,0.43644344248314637
level2_receiver_side_info,751,"[[0,1,0,1,0,1,1,0],[0,1,0,0],[1,1,1,0]]",0,0.09116077839697728
level2_receiver_side_info,751,"[[0,1,0,1,0,1,1,0],[0,1,0,0],[1,1,1,0]]",1,0.14290658343056545
level2_receiver_side_info,751,"[[0,1,0,1,0,1,1,0],[0,1,0,0],[1,1,1,0]]",2,0.18449810329733946
level2_receiver_side_info,751,"[[0,1,0,1,0,1,1,0],[0,1,0,0],[1,1,1,0]]",4,0.246861694803569
level2_receiver_side_info,751,"[[0,1,0,1,0,1,1,0],[0,1,0,0],[1,1,1,0]]",8,0.32298029056872946
level2_receiver_side_info,751,"[[0,1,0,1,0,1,1,0],[0,1,0,0],[1,1,1,0]]",16,0.39196225193885575
level2_receiver_side_info,751,"[[0,1,0,1,0,1,1,0],[0,1,0,0],[1,1,1,0]]",32,0.43644344248314637
level2_receiver_side_info,752,"[[0,1,0,1,0,1,1,0],[0,1,1,1],[0,0,0,1]]",0,0.09116077839697728
level2_receiver_side_info,752,"[[0,1,0,1,0,1,1,0],[0,1,1,1],[0,0,0,1]]",1,0.14290658343056534
level2_receiver_side_info,752,"[[0,1,0,1,0,1,1,0],[0,1,1,1],[0,0,0,1]]",2,0.18449810329733946
level2_receiver_side_info,752,"[[0,1,0,1,0,1,1,0],[0,1,1,1],[0,0,0,1]]",4,0.246861694803569
level2_receiver_side_info,752,"[[0,1,0,1,0,1,1,0],[0,1,1,1],[0,0,0,1]]",8,0.32298029056872946
level2_receiver_side_info,752,"[[0,1,0,1,0,1,1,0],[0,1,1,1],[0,0,0,1]]",16,0.39196225193885564
level2_receiver_side_info,752,"[[0,1,0,1,0,1,1,0],[0,1,1,1],[0,0,0,1]]",32,0.43644344248314637
level2_receiver_side_info,753,"[[0,1,0,1,0,1,1,0],[0,1,1,1],[0,0,0,1]]",0,0.09116077839697728
level2_receiver_side_info,753,"[[0,1,0,1,0,1,1,0],[0,1,1,1],[0,0,0,1]]",1,0.14290658343056534
level2_receiver_side_info,753,"[[0,1,0,1,0,1,1,0],[0,1,1,1],[0,0,0,1]]",2,0.18449810329733946
level2_receiver_side_info,753,"[[0,1,0,1,0,1,1,0],[0,1,1,1],[0,0,0,1]]",4,0.246861694803569
level2_receiver_side_info,753,"[[0,1,0,1,0,1,1,0],[0,1,1,1],[0,0,0,1]]",8,0.32298029056872946
level2_receiver_side_info,753,"[[0,1,0,1,0,1,1,0],[0,1,1,1],[0,0,0,1]]",16,0.39196225193885564
level2_receiver_side_info,753,"[[0,1,0,1,0,1,1,0],[0,1,1,1],[0,0,0,1]]",32,0.43644344248314637
level2_receiver_side_info,754,"[[0,1,0,1,0,1,1,0],[0,1,0,0],[1,1,1,0]]",0,0.09116077839697728
level2_receiver_side_info,754,"[[0,1,0,1,0,1,1,0],[0,1,0,0],[1,1,1,0]]",1,0.14290658343056545
level2_receiver_side_info,754,"[[0,1,0,1,0,1,1,0],[0,1,0,0],[1,1,1,0]]",2,0.18449810329733946
level2_receiver_side_info,754,"[[0,1,0,1,0,1,1,0],[0,1,0,0],[1,1,1,0]]",4,0.246861694803569
level2_receiver_side_info,754,"[[0,1,0,1,0,1,1,0],[0,1,0,0],[1,1,1,0]]",8,0.32298029056872946
level2_receiver_side_info,754,"[[0,1,0,1,0,1,1,0],[0,1,0,0],[1,1,1,0]]",16,0.39196225193885575
level2_receiver_side_info,754,"[[0,1,0,1,0,1,1,0],[0,1,0,0],[1,1,1,0]]",32,0.43644344248314637
level2_receiver_side_info,755,"[[0,1,0,1,0,1,1,0],[0,0,1,0],[1,1,1,0]]",0,0.09116077839697728
level2_receiver_side_info,755,"[[0,1,0,1,0,1,1,0],[0,0,1,0],[1,1,1,0]]",1,0.14290658343056545
level2_receiver_side_info,755,"[[0,1,0,1,0,1,1,0],[0,0,1,0],[1,1,1,0]]",2,0.18449810329733946
level2_receiver_side_info,755,"[[0,1,0,1,0,1,1,0],[0,0,1,0],[1,1,1,0]]",4,0.246861694803569
level2_receiver_side_info,755,"[[0,1,0,1,0,1,1,0],[0,0,1,0],[1,1,1,0]]",8,0.32298029056872946
level2_receiver_side_info,755,"[[0,1,0,1,0,1,1,0],[0,0,1,0],[1,1,1,0]]",16,0.39196225193885575
level2_receiver_side_info,755,"[[0,1,0,1,0,1,1,0],[0,0,1,0],[1,1,1,0]]",32,0.43644344248314637
level2_receiver_side_info,756,"[[0,1,0,1,0,1,0,0],[0,0,1,0],[1,1,1,0]]",0,0.007042719241674045
level2_receiver_side_info,756,"[[0,1,0,1,0,1,0,0],[0,0,1,0],[1,1,1,0]]",1,0.04365214318621763
level2_receiver_side_info,756,"[[0,1,0,1,0,1,0,0],[0,0,1,0],[1,1,1,0]]",2,0.07195128098324627
level2_receiver_side_info,756,"[[0,1,0,1,0,1,0,0],[0,0,1,0],[1,1,1,0]]",4,0.11242296217865766
level2_receiver_side_info,756,"[[0,1,0,1,0,1,0,0],[0,0,1,0],[1,1,1,0]]",8,0.1585495660446091
level2_receiver_side_info,756,"[[0,1,0,1,0,1,0,0],[0,0,1,0],[1,1,1,0]]",16,0.1970262602525635
level2_receiver_side_info,756,"[[0,1,0,1,0,1,0,0],[0,0,1,0],[1,1,1,0]]",32,0.2196961455373196
level2_receiver_side_info,757,"[[0,1,0,1,0,1,0,0],[0,0,1,1],[0,0,0,1]]",0,0.06385320297074881
level2_receiver_side_info,757,"[[0,1,0,1,0,1,0,0],[0,0,1,1],[0,0,0,1]]",1,0.07704682264253404
level2_receiver_side_info,757,"[[0,1,0,1,0,1,0,0],[0,0,1,1],[0,0,0,1]]",2,0.08780218399432077
level2_receiver_side_info,757,"[[0,1,0,1,0,1,0,0],[0,0,1,1],[0,0,0,1]]",4,0.10415228924648534
level2_receiver_side_info,757,"[[0,1,0,1,0,1,0,0],[0,0,1,1],[0,0,0,1]]",8,0.12453241233105772
level2_receiver_side_info,757,"[[0,1,0,1,0,1,0,0],[0,0,1,1],[0,0,0,1]]",16,0.14385004263287593
level2_receiver_side_info,757,"[[0,1,0,1,0,1,0,0],[0,0,1,1],[0,0,0,1]]",32,0.15747949742783532
level2_receiver_side_info,758,"[[0,1,0,1,0,1,0,0],[0,1,0,0],[1,1,1,0]]",0,0.007042719241674045
level2_receiver_side_info,758,"[[0,1,0,1,0,1,0,0],[0,1,0,0],[1,1,1,0]]",1,0.04365214318621763
level2_receiver_side_info,758,"[[0,1,0,1,0,1,0,0],[0,1,0,0],[1,1,1,0]]",2,0.07195128098324627
level2_receiver_side_info,758,"[[0,1,0,1,0,1,0,0],[0,1,0,0],[1,1,1,0]]",4,0.11242296217865771
level2_receiver_side_info,758,"[[0,1,0,1,0,1,0,0],[0,1,0,0],[1,1,1,0]]",8,0.1585495660446091
level2_receiver_side_info,758,"[[0,1,0,1,0,1,0,0],[0,1,0,0],[1,1,1,0]]",16,0.1970262602525635
level2_receiver_side_info,758,"[[0,1,0,1,0,1,0,0],[0,1,0,0],[1,1,1,0]]",32,0.2196961455373196
level2_receiver_side_info,759,"[[0,1,0,1,0,1,0,0],[0,1,0,1],[0,0,0,1]]",0,0.06385320297074887
level2_receiver_side_info,759,"[[0,1,0,1,0,1,0,0],[0,1,0,1],[0,0,0,1]]",1,0.07704682264253404
level2_receiver_side_info,759,"[[0,1,0,1,0,1,0,0],[0,1,0,1],[0,0,0,1]]",2,0.08780218399432077
level2_receiver_side_info,759,"[[0,1,0,1,0,1,0,0],[0,1,0,1],[0,0,0,1]]",4,0.1041522892464854
level2_receiver_side_info,759,"[[0,1,0,1,0,1,0,0],[0,1,0,1],[0,0,0,1]]",8,0.12453241233105772
level2_receiver_side_info,759,"[[0,1,0,1,0,1,0,0],[0,1,0,1],[0,0,0,1]]",16,0.14385004263287587
level2_receiver_side_info,759,"[[0,1,0,1,0,1,0,0],[0,1,0,1],[0,0,0,1]]",32,0.15747949742783532
level2_receiver_side_info,760,"[[0,1,0,1,0,1,0,0],[0,1,1,0],[1,1,1,0]]",0,0.06385320297074887
level2_receiver_side_info,760,"[[0,1,0,1,0,1,0,0],[0,1,1,0],[1,1,1,0]]",1,0.07704682264253404
level2_receiver_side_info,760,"[[0,1,0,1,0,1,0,0],[0,1,1,0],[1,1,1,0]]",2,0.08780218399432077
level2_receiver_side_info,760,"[[0,1,0,1,0,1,0,0],[0,1,1,0],[1,1,1,0]]",4,0.1041522892464854
level2_receiver_side_info,760,"[[0,1,0,1,0,1,0,0],[0,1,1,0],[1,1,1,0]]",8,0.12453241233105772
level2_receiver_side_info,760,"[[0,1,0,1,0,1,0,0],[0,1,1,0],[1,1,1,0]]",16,0.14385004263287587
level2_receiver_side_info,760,"[[0,1,0,1,0,1,0,0],[0,1,1,0],[1,1,1,0]]",32,0.15747949742783532
level2_receiver_side_info,761,"[[0,1,0,1,0,1,0,0],[0,1,1,1],[0,0,0,1]]",0,0.0070427192416741
level2_receiver_side_info,761,"[[0,1,0,1,0,1,0,0],[0,1,1,1],[0,0,0,1]]",1,0.04365214318621763
level2_receiver_side_info,761,"[[0,1,0,1,0,1,0,0],[0,1,1,1],[0,0,0,1]]",2,0.07195128098324627
level2_receiver_side_info,761,"[[0,1,0,1,0,1,0,0],[0,1,1,1],[0,0,0,1]]",4,0.11242296217865771
level2_receiver_side_info,761,"[[0,1,0,1,0,1,0,0],[0,1,1,1],[0,0,0,1]]",8,0.1585495660446091
level2_receiver_side_info,761,"[[0,1,0,1,0,1,0,0],[0,1,1,1],[0,0,0,1]]",16,0.1970262602525635
level2_receiver_side_info,761,"[[0,1,0,1,0,1,0,0],[0,1,1,1],[0,0,0,1]]",32,0.2196961455373196
level2_receiver_side_info,762,"[[0,1,0,1,0,1,0,0],[0,1,1,1],[0,0,0,1]]",0,0.0070427192416741
level2_receiver_side_info,762,"[[0,1,0,1,0,1,0,0],[0,1,1,1],[0,0,0,1]]",1,0.04365214318621763
level2_receiver_side_info,762,"[[0,1,0,1,0,1,0,0],[0,1,1,1],[0,0,0,1]]",2,0.07195128098324627
level2_receiver_side_info,762,"[[0,1,0,1,0,1,0,0],[0,1,1,1],[0,0,0,1]]",4,0.11242296217865771
level2_receiver_side_info,762,"[[0,1,0,1,0,1,0,0],[0,1,1,1],[0,0,0,1]]",8,0.1585495660446091
level2_receiver_side_info,762,"[[0,1,0,1,0,1,0,0],[0,1,1,1],[0,0,0,1]]",16,0.1970262602525635
level2_receiver_side_info,762,"[[0,1,0,1,0,1,0,0],[0,1,1,1],[0,0,0,1]]",32,0.2196961455373196
level2_receiver_side_info,763,"[[0,1,0,1,0,1,0,0],[0,1,1,0],[1,1,1,0]]",0,0.06385320297074887
level2_receiver_side_info,763,"[[0,1,0,1,0,1,0,0],[0,1,1,0],[1,1,1,0]]",1,0.07704682264253404
level2_receiver_side_info,763,"[[0,1,0,1,0,1,0,0],[0,1,1,0],[1,1,1,0]]",2,0.08780218399432077
level2_receiver_side_info,763,"[[0,1,0,1,0,1,0,0],[0,1,1,0],[1,1,1,0]]",4,0.1041522892464854
level2_receiver_side_info,763,"[[0,1,0,1,0,1,0,0],[0,1,1,0],[1,1,1,0]]",8,0.12453241233105772
level2_receiver_side_info,763,"[[0,1,0,1,0,1,0,0],[0,1,1,0],[1,1,1,0]]",16,0.14385004263287587
level2_receiver_side_info,763,"[[0,1,0,1,0,1,0,0],[0,1,1,0],[1,1,1,0]]",32,0.15747949742783532
level2_receiver_side_info,764,"[[0,1,0,1,0,1,0,0],[0,1,0,1],[0,0,0,1]]",0,0.06385320297074887
level2_receiver_side_info,764,"[[0,1,0,1,0,1,0,0],[0,1,0,1],[0,0,0,1]]",1,0.07704682264253404
level2_receiver_side_info,764,"[[0,1,0,1,0,1,0,0],[0,1,0,1],[0,0,0,1]]",2,0.08780218399432077
level2_receiver_side_info,764,"[[0,1,0,1,0,1,0,0],[0,1,0,1],[0,0,0,1]]",4,0.1041522892464854
level2_receiver_side_info,764,"[[0,1,0,1,0,1,0,0],[0,1,0,1],[0,0,0,1]]",8,0.12453241233105772
level2_receiver_side_info,764,"[[0,1,0,1,0,1,0,0],[0,1,0,1],[0,0,0,1]]",16,0.14385004263287587
level2_receiver_side_info,764,"[[0,1,0,1,0,1,0,0],[0,1,0,1],[0,0,0,1]]",32,0.15747949742783532
level2_receiver_side_info,765,"[[0,1,0,1,0,1,0,0],[0,1,0,0],[1,1,1,0]]",0,0.007042719241674045
level2_receiver_side_info,765,"[[0,1,0,1,0,1,0,0],[0,1,0,0],[1,1,1,0]]",1,0.04365214318621763
level2_receiver_side_info,765,"[[0,1,0,1,0,1,0,0],[0,1,0,0],[1,1,1,0]]",2,0.07195128098324627
level2_receiver_side_info,765,"[[0,1,0,1,0,1,0,0],[0,1,0,0],[1,1,1,0]]",4,0.11242296217865771
level2_receiver_side_info,765,"[[0,1,0,1,0,1,0,0],[0,1,0,0],[1,1,1,0]]",8,0.1585495660446091
level2_receiver_side_info,765,"[[0,1,0,1,0,1,0,0],[0,1,0,0],[1,1,1,0]]",16,0.1970262602525635
level2_receiver_side_info,765,"[[0,1,0,1,0,1,0,0],[0,1,0,0],[1,1,1,0]]",32,0.2196961455373196
level2_receiver_side_info,766,"[[0,1,0,1,0,1,0,0],[0,0,1,1],[0,0,0,1]]",0,0.06385320297074881
level2_receiver_side_info,766,"[[0,1,0,1,0,1,0,0],[0,0,1,1],[0,0,0,1]]",1,0.07704682264253404
level2_receiver_side_info,766,"[[0,1,0,1,0,1,0,0],[0,0,1,1],[0,0,0,1]]",2,0.08780218399432077
level2_receiver_side_info,766,"[[0,1,0,1,0,1,0,0],[0,0,1,1],[0,0,0,1]]",4,0.10415228924648534
level2_receiver_side_info,766,"[[0,1,0,1,0,1,0,0],[0,0,1,1],[0,0,0,1]]",8,0.12453241233105772
level2_receiver_side_info,766,"[[0,1,0,1,0,1,0,0],[0,0,1,1],[0,0,0,1]]",16,0.14385004263287593
level2_receiver_side_info,766,"[[0,1,0,1,0,1,0,0],[0,0,1,1],[0,0,0,1]]",32,0.15747949742783532
level2_receiver_side_info,767,"[[0,1,0,1,0,1,0,0],[0,0,1,0],[1,1,1,0]]",0,0.007042719241674045
level2_receiver_side_info,767,"[[0,1,0,1,0,1,0,0],[0,0,1,0],[1,1,1,0]]",1,0.04365214318621763
level2_receiver_side_info,767,"[[0,1,0,1,0,1,0,0],[0,0,1,0],[1,1,1,0]]",2,0.07195128098324627
level2_receiver_side_info,767,"[[0,1,0,1,0,1,0,0],[0,0,1,0],[1,1,1,0]]",4,0.11242296217865766
level2_receiver_side_info,767,"[[0,1,0,1,0,1,0,0],[0,0,1,0],[1,1,1,0]]",8,0.1585495660446091
level2_receiver_side_info,767,"[[0,1,0,1,0,1,0,0],[0,0,1,0],[1,1,1,0]]",16,0.1970262602525635
level2_receiver_side_info,767,"[[0,1,0,1,0,1,0,0],[0,0,1,0],[1,1,1,0]]",32,0.2196961455373196
level2_receiver_side_info,768,"[[0,1,0,1,0,0,0,1],[0,0,0,1],[1,1,0,1]]",0,0.007042719241674045
level2_receiver_side_info,768,"[[0,1,0,1,0,0,0,1],[0,0,0,1],[1,1,0,1]]",1,0.043652143186217685
level2_receiver_side_info,768,"[[0,1,0,1,0,0,0,1],[0,0,0,1],[1,1,0,1]]",2,0.07195128098324621
level2_receiver_side_info,768,"[[0,1,0,1,0,0,0,1],[0,0,0,1],[1,1,0,1]]",4,0.11242296217865763
level2_receiver_side_info,768,"[[0,1,0,1,0,0,0,1],[0,0,0,1],[1,1,0,1]]",8,0.1585495660446091
level2_receiver_side_info,768,"[[0,1,0,1,0,0,0,1],[0,0,0,1],[1,1,0,1]]",16,0.1970262602525634
level2_receiver_side_info,768,"[[0,1,0,1,0,0,0,1],[0,0,0,1],[1,1,0,1]]",32,0.2196961455373196
level2_receiver_side_info,769,"[[0,1,0,1,0,0,0,1],[0,0,1,1],[0,0,1,0]]",0,0.06385320297074881
level2_receiver_side_info,769,"[[0,1,0,1,0,0,0,1],[0,0,1,1],[0,0,1,0]]",1,0.07704682264253407
level2_receiver_side_info,769,"[[0,1,0,1,0,0,0,1],[0,0,1,1],[0,0,1,0]]",2,0.08780218399432077
level2_receiver_side_info,769,"[[0,1,0,1,0,0,0,1],[0,0,1,1],[0,0,1,0]]",4,0.10415228924648534
level2_receiver_side_info,769,"[[0,1,0,1,0,0,0,1],[0,0,1,1],[0,0,1,0]]",8,0.12453241233105775
level2_receiver_side_info,769,"[[0,1,0,1,0,0,0,1],[0,0,1,1],[0,0,1,0]]",16,0.14385004263287593
level2_receiver_side_info,769,"[[0,1,0,1,0,0,0,1],[0,0,1,1],[0,0,1,0]]",32,0.15747949742783532
level2_receiver_side_info,770,"[[0,1,0,1,0,0,0,1],[0,1,0,0],[1,1,0,1]]",0,0.007042719241673989
level2_receiver_side_info,770,"[[0,1,0,1,0,0,0,1],[0,1,0,0],[1,1,0,1]]",1,0.043652143186217685
level2_receiver_side_info,770,"[[0,1,0,1,0,0,0,1],[0,1,0,0],[1,1,0,1]]",2,0.07195128098324621
level2_receiver_side_info,770,"[[0,1,0,1,0,0,0,1],[0,1,0,0],[1,1,0,1]]",4,0.11242296217865763
level2_receiver_side_info,770,"[[0,1,0,1,0,0,0,1],[0,1,0,0],[1,1,0,1]]",8,0.1585495660446091
level2_receiver_side_info,770,"[[0,1,0,1,0,0,0,1],[0,1,0,0],[1,1,0,1]]",16,0.19702626025256345
level2_receiver_side_info,770,"[[0,1,0,1,0,0,0,1],[0,1,0,0],[1,1,0,1]]",32,0.2196961455373196
level2_receiver_side_info,771,"[[0,1,0,1,0,0,0,1],[0,1,0,1],[1,1,0,1]]",0,0.06385320297074881
level2_receiver_side_info,771,"[[0,1,0,1,0,0,0,1],[0,1,0,1],[1,1,0,1]]",1,0.07704682264253407
level2_receiver_side_info,771,"[[0,1,0,1,0,0,0,1],[0,1,0,1],[1,1,0,1]]",2,0.08780218399432077
level2_receiver_side_info,771,"[[0,1,0,1,0,0,0,1],[0,1,0,1],[1,1,0,1]]",4,0.10415228924648534
level2_receiver_side_info,771,"[[0,1,0,1,0,0,0,1],[0,1,0,1],[1,1,0,1]]",8,0.12453241233105775
level2_receiver_side_info,771,"[[0,1,0,1,0,0,0,1],[0,1,0,1],[1,1,0,1]]",16,0.14385004263287587
level2_receiver_side_info,771,"[[0,1,0,1,0,0,0,1],[0,1,0,1],[1,1,0,1]]",32,0.15747949742783532
level2_receiver_side_info,772,"[[0,1,0,1,0,0,0,1],[0,1,1,0],[0,0,1,0]]",0,0.06385320297074881
level2_receiver_side_info,772,"[[0,1,0,1,0,0,0,1],[0,1,1,0],[0,0,1,0]]",1,0.07704682264253407
level2_receiver_side_info,772,"[[0,1,0,1,0,0,0,1],[0,1,1,0],[0,0,1,0]]",2,0.08780218399432077
level2_receiver_side_info,772,"[[0,1,0,1,0,0,0,1],[0,1,1,0],[0,0,1,0]]",4,0.10415228924648534
level2_receiver_side_info,772,"[[0,1,0,1,0,0,0,1],[0,1,1,0],[0,0,1,0]]",8,0.12453241233105775
level2_receiver_side_info,772,"[[0,1,0,1,0,0,0,1],[0,1,1,0],[0,0,1,0]]",16,0.14385004263287587
level2_receiver_side_info,772,"[[0,1,0,1,0,0,0,1],[0,1,1,0],[0,0,1,0]]",32,0.15747949742783532
level2_receiver_side_info,773,"[[0,1,0,1,0,0,0,1],[0,1,1,1],[0,0,1,0]]",0,0.007042719241674045
level2_receiver_side_info,773,"[[0,1,0,1,0,0,0,1],[0,1,1,1],[0,0,1,0]]",1,0.043652143186217685
level2_receiver_side_info,773,"[[0,1,0,1,0,0,0,1],[0,1,1,1],[0,0,1,0]]",2,0.07195128098324621
level2_receiver_side_info,773,"[[0,1,0,1,0,0,0,1],[0,1,1,1],[0,0,1,0]]",4,0.11242296217865763
level2_receiver_side_info,773,"[[0,1,0,1,0,0,0,1],[0,1,1,1],[0,0,1,0]]",8,0.1585495660446091
level2_receiver_side_info,773,"[[0,1,0,1,0,0,0,1],[0,1,1,1],[0,0,1,0]]",16,0.19702626025256345
level2_receiver_side_info,773,"[[0,1,0,1,0,0,0,1],[0,1,1,1],[0,0,1,0]]",32,0.2196961455373196
level2_receiver_side_info,774,"[[0,1,0,1,0,0,0,1],[0,1,1,1],[0,0,1,0]]",0,0.007042719241674045
level2_receiver_side_info,774,"[[0,1,0,1,0,0,0,1],[0,1,1,1],[0,0,1,0]]",1,0.043652143186217685
level2_receiver_side_info,774,"[[0,1,0,1,0,0,0,1],[0,1,1,1],[0,0,1,0]]",2,0.07195128098324621
level2_receiver_side_info,774,"[[0,1,0,1,0,0,0,1],[0,1,1,1],[0,0,1,0]]",4,0.11242296217865763
level2_receiver_side_info,774,"[[0,1,0,1,0,0,0,1],[0,1,1,1],[0,0,1,0]]",8,0.1585495660446091
level2_receiver_side_info,774,"[[0,1,0,1,0,0,0,1],[0,1,1,1],[0,0,1,0]]",16,0.19702626025256345
level2_receiver_side_info,774,"[[0,1,0,1,0,0,0,1],[0,1,1,1],[0,0,1,0]]",32,0.2196961455373196
level2_receiver_side_info,775,"[[0,1,0,1,0,0,0,1],[0,1,1,0],[0,0,1,0]]",0,0.06385320297074881
level2_receiver_side_info,775,"[[0,1,0,1,0,0,0,1],[0,1,1,0],[0,0,1,0]]",1,0.07704682264253407
level2_receiver_side_info,775,"[[0,1,0,1,0,0,0,1],[0,1,1,0],[0,0,1,0]]",2,0.08780218399432077
level2_receiver_side_info,775,"[[0,1,0,1,0,0,0,1],[0,1,1,0],[0,0,1,0]]",4,0.10415228924648534
level2_receiver_side_info,775,"[[0,1,0,1,0,0,0,1],[0,1,1,0],[0,0,1,0]]",8,0.12453241233105775
level2_receiver_side_info,775,"[[0,1,0,1,0,0,0,1],[0,1,1,0],[0,0,1,0]]",16,0.14385004263287587
level2_receiver_side_info,775,"[[0,1,0,1,0,0,0,1],[0,1,1,0],[0,0,1,0]]",32,0.15747949742783532
level2_receiver_side_info,776,"[[0,1,0,1,0,0,0,1],[0,1,0,1],[1,1,0,1]]",0,0.06385320297074881
level2_receiver_side_info,776,"[[0,1,0,1,0,0,0,1],[0,1,0,1],[1,1,0,1]]",1,0.07704682264253407
level2_receiver_side_info,776,"[[0,1,0,1,0,0,0,1],[0,1,0,1],[1,1,0,1]]",2,0.08780218399432077
level2_receiver_side_info,776,"[[0,1,0,1,0,0,0,1],[0,1,0,1],[1,1,0,1]]",4,0.10415228924648534
level2_receiver_side_info,776,"[[0,1,0,1,0,0,0,1],[0,1,0,1],[1,1,0,1]]",8,0.12453241233105775
level2_receiver_side_info,776,"[[0,1,0,1,0,0,0,1],[0,1,0,1],[1,1,0,1]]",16,0.14385004263287587
level2_receiver_side_info,776,"[[0,1,0,1,0,0,0,1],[0,1,0,1],[1,1,0,1]]",32,0.15747949742783532
level2_receiver_side_info,777,"[[0,1,0,1,0,0,0,1],[0,1,0,0],[1,1,0,1]]",0,0.007042719241673989
level2_receiver_side_info,777,"[[0,1,0,1,0,0,0,1],[0,1,0,0],[1,1,0,1]]",1,0.043652143186217685
level2_receiver_side_info,777,"[[0,1,0,1,0,0,0,1],[0,1,0,0],[1,1,0,1]]",2,0.07195128098324621
level2_receiver_side_info,777,"[[0,1,0,1,0,0,0,1],[0,1,0,0],[1,1,0,1]]",4,0.11242296217865763
level2_receiver_side_info,777,"[[0,1,0,1,0,0,0,1],[0,1,0,0],[1,1,0,1]]",8,0.1585495660446091
level2_receiver_side_info,777,"[[0,1,0,1,0,0,0,1],[0,1,0,0],[1,1,0,1]]",16,0.19702626025256345
level2_receiver_side_info,777,"[[0,1,0,1,0,0,0,1],[0,1,0,0],[1,1,0,1]]",32,0.2196961455373196
level2_receiver_side_info,778,"[[0,1,0,1,0,0,0,1],[0,0,1,1],[0,0,1,0]]",0,0.06385320297074881
level2_receiver_side_info,778,"[[0,1,0,1,0,0,0,1],[0,0,1,1],[0,0,1,0]]",1,0.07704682264253407
level2_receiver_side_info,778,"[[0,1,0,1,0,0,0,1],[0,0,1,1],[0,0,1,0]]",2,0.08780218399432077
level2_receiver_side_info,778,"[[0,1,0,1,0,0,0,1],[0,0,1,1],[0,0,1,0]]",4,0.10415228924648534
level2_receiver_side_info,778,"[[0,1,0,1,0,0,0,1],[0,0,1,1],[0,0,1,0]]",8,0.12453241233105775
level2_receiver_side_info,778,"[[0,1,0,1,0,0,0,1],[0,0,1,1],[0,0,1,0]]",16,0.14385004263287593
level2_receiver_side_info,778,"[[0,1,0,1,0,0,0,1],[0,0,1,1],[0,0,1,0]]",32,0.15747949742783532
level2_receiver_side_info,779,"[[0,1,0,1,0,0,0,1],[0,0,0,1],[1,1,0,1]]",0,0.007042719241674045
level2_receiver_side_info,779,"[[0,1,0,1,0,0,0,1],[0,0,0,1],[1,1,0,1]]",1,0.043652143186217685
level2_receiver_side_info,779,"[[0,1,0,1,0,0,0,1],[0,0,0,1],[1,1,0,1]]",2,0.07195128098324621
level2_receiver_side_info,779,"[[0,1,0,1,0,0,0,1],[0,0,0,1],[1,1,0,1]]",4,0.11242296217865763
level2_receiver_side_info,779,"[[0,1,0,1,0,0,0,1],[0,0,0,1],[1,1,0,1]]",8,0.1585495660446091
level2_receiver_side_info,779,"[[0,1,0,1,0,0,0,1],[0,0,0,1],[1,1,0,1]]",16,0.1970262602525634
level2_receiver_side_info,779,"[[0,1,0,1,0,0,0,1],[0,0,0,1],[1,1,0,1]]",32,0.2196961455373196
level2_receiver_side_info,780,"[[0,1,0,1,0,0,0,0],[0,1,0,1],[0,0,0,1]]",0,0.0
level2_receiver_side_info,780,"[[0,1,0,1,0,0,0,0],[0,1,0,1],[0,0,0,1]]",1,0.01621124580150446
level2_receiver_side_info,780,"[[0,1,0,1,0,0,0,0],[0,1,0,1],[0,0,0,1]]",2,0.028533198169706342
level2_receiver_side_info,780,"[[0,1,0,1,0,0,0,0],[0,1,0,1],[0,0,0,1]]",4,0.0456971587074495
level2_receiver_side_info,780,"[[0,1,0,1,0,0,0,0],[0,1,0,1],[0,0,0,1]]",8,0.0647237743260059
level2_receiver_side_info,780,"[[0,1,0,1,0,0,0,0],[0,1,0,1],[0,0,0,1]]",16,0.08128352549864837
level2_receiver_side_info,780,"[[0,1,0,1,0,0,0,0],[0,1,0,1],[0,0,0,1]]",32,0.09305028484361938
level2_receiver_side_info,781,"[[0,1,0,1,0,0,0,0],[0,1,0,1],[0,0,1,0]]",0,0.0
level2_receiver_side_info,781,"[[0,1,0,1,0,0,0,0],[0,1,0,1],[0,0,1,0]]",1,0.01621124580150446
level2_receiver_side_info,781,"[[0,1,0,1,0,0,0,0],[0,1,0,1],[0,0,1,0]]",2,0.028533198169706286
level2_receiver_side_info,781,"[[0,1,0,1,0,0,0,0],[0,1,0,1],[0,0,1,0]]",4,0.04569715870744956
level2_receiver_side_info,781,"[[0,1,0,1,0,0,0,0],[0,1,0,1],[0,0,1,0]]",8,0.0647237743260059
level2_receiver_side_info,781,"[[0,1,0,1,0,0,0,0],[0,1,0,1],[0,0,1,0]]",16,0.08128352549864842
level2_receiver_side_info,781,"[[0,1,0,1,0,0,0,0],[0,1,0,1],[0,0,1,0]]",32,0.09305028484361938
level2_receiver_side_info,782,"[[0,1,0,1,0,0,0,0],[0,1,0,1],[0,0,1,1]]",0,0.0
level2_receiver_side_info,782,"[[0,1,0,1,0,0,0,0],[0,1,0,1],[0,0,1,1]]",1,0.05860388034055081
level2_receiver_side_info,782,"[[0,1,0,1,0,0,0,0],[0,1,0,1],[0,0,1,1]]",2,0.10360963497554826
level2_receiver_side_info,782,"[[0,1,0,1,0,0,0,0],[0,1,0,1],[0,0,1,1]]",4,0.16586347534839643
level2_receiver_side_info,782,"[[0,1,0,1,0,0,0,0],[0,1,0,1],[0,0,1,1]]",8,0.23177388954021425
level2_receiver_side_info,782,"[[0,1,0,1,0,0,0,0],[0,1,0,1],[0,0,1,1]]",16,0.2829520729874759
level2_receiver_side_info,782,"[[0,1,0,1,0,0,0,0],[0,1,0,1],[0,0,1,1]]",32,0.3139496737296405
level2_receiver_side_info,783,"[[0,1,0,1,0,0,0,0],[0,1,0,1],[0,1,0,0]]",0,0.0
level2_receiver_side_info,783,"[[0,1,0,1,0,0,0,0],[0,1,0,1],[0,1,0,0]]",1,0.01621124580150446
level2_receiver_side_info,783,"[[0,1,0,1,0,0,0,0],[0,1,0,1],[0,1,0,0]]",2,0.028533198169706286
level2_receiver_side_info,783,"[[0,1,0,1,0,0,0,0],[0,1,0,1],[0,1,0,0]]",4,0.0456971587074495
level2_receiver_side_info,783,"[[0,1,0,1,0,0,0,0],[0,1,0,1],[0,1,0,0]]",8,0.0647237743260059
level2_receiver_side_info,783,"[[0,1,0,1,0,0,0,0],[0,1,0,1],[0,1,0,0]]",16,0.08128352549864842
level2_receiver_side_info,783,"[[0,1,0,1,0,0,0,0],[0,1,0,1],[0,1,0,0]]",32,0.09305028484361932
level2_receiver_side_info,784,"[[0,1,0,1,0,0,0,0],[0,1,0,1],[0,1,1,1]]",0,0.0
level2_receiver_side_info,784,"[[0,1,0,1,0,0,0,0],[0,1,0,1],[0,1,1,1]]",1,0.01621124580150446
level2_receiver_side_info,784,"[[0,1,0,1,0,0,0,0],[0,1,0,1],[0,1,1,1]]",2,0.028533198169706286
level2_receiver_side_info,784,"[[0,1,0,1,0,0,0,0],[0,1,0,1],[0,1,1,1]]",4,0.045697158707449614
level2_receiver_side_info,784,"[[0,1,0,1,0,0,0,0],[0,1,0,1],[0,1,1,1]]",8,0.0647237743260059
level2_receiver_side_info,784,"[[0,1,0,1,0,0,0,0],[0,1,0,1],[0,1,1,1]]",16,0.08128352549864842
level2_receiver_side_info,784,"[[0,1,0,1,0,0,0,0],[0,1,0,1],[0,1,1,1]]",32,0.09305028484361938
level2_receiver_side_info,785,"[[0,1,0,1,0,0,0,0],[0,1,1,0],[0,0,0,1]]",0,0.0
level2_receiver_side_info,785,"[[0,1,0,1,0,0,0,0],[0,1,1,0],[0,0,0,1]]",1,0.01621124580150446
level2_receiver_side_info,785,"[[0,1,0,1,0,0,0,0],[0,1,1,0],[0,0,0,1]]",2,0.028533198169706342
level2_receiver_side_info,785,"[[0,1,0,1,0,0,0,0],[0,1,1,0],[0,0,0,1]]",4,0.0456971587074495
level2_receiver_side_info,785,"[[0,1,0,1,0,0,0,0],[0,1,1,0],[0,0,0,1]]",8,0.0647237743260059
level2_receiver_side_info,785,"[[0,1,0,1,0,0,0,0],[0,1,1,0],[0,0,0,1]]",16,0.08128352549864837
level2_receiver_side_info,785,"[[0,1,0,1,0,0,0,0],[0,1,1,0],[0,0,0,1]]",32,0.09305028484361938
level2_receiver_side_info,786,"[[0,1,0,1,0,0,0,0],[0,1,1,0],[0,0,1,0]]",0,0.0
level2_receiver_side_info,786,"[[0,1,0,1,0,0,0,0],[0,1,1,0],[0,0,1,0]]",1,0.01621124580150446
level2_receiver_side_info,786,"[[0,1,0,1,0,0,0,0],[0,1,1,0],[0,0,1,0]]",2,0.028533198169706286
level2_receiver_side_info,786,"[[0,1,0,1,0,0,0,0],[0,1,1,0],[0,0,1,0]]",4,0.04569715870744956
level2_receiver_side_info,786,"[[0,1,0,1,0,0,0,0],[0,1,1,0],[0,0,1,0]]",8,0.0647237743260059
level2_receiver_side_info,786,"[[0,1,0,1,0,0,0,0],[0,1,1,0],[0,0,1,0]]",16,0.08128352549864842
level2_receiver_side_info,786,"[[0,1,0,1,0,0,0,0],[0,1,1,0],[0,0,1,0]]",32,0.09305028484361938
level2_receiver_side_info,787,"[[0,1,0,1,0,0,0,0],[0,1,1,0],[0,0,1,1]]",0,0.0
level2_receiver_side_info,787,"[[0,1,0,1,0,0,0,0],[0,1,1,0],[0,0,1,1]]",1,0.05860388034055081
level2_receiver_side_info,787,"[[0,1,0,1,0,0,0,0],[0,1,1,0],[0,0,1,1]]",2,0.10360963497554826
level2_receiver_side_info,787,"[[0,1,0,1,0,0,0,0],[0,1,1,0],[0,0,1,1]]",4,0.16586347534839643
level2_receiver_side_info,787,"[[0,1,0,1,0,0,0,0],[0,1,1,0],[0,0,1,1]]",8,0.23177388954021425
level2_receiver_side_info,787,"[[0,1,0,1,0,0,0,0],[0,1,1,0],[0,0,1,1]]",16,0.2829520729874759
level2_receiver_side_info,787,"[[0,1,0,1,0,0,0,0],[0,1,1,0],[0,0,1,1]]",32,0.3139496737296405
level2_receiver_side_info,788,"[[0,1,0,1,0,0,0,0],[0,1,1,0],[0,1,0,0]]",0,0.0
level2_receiver_side_info,788,"[[0,1,0,1,0,0,0,0],[0,1,1,0],[0,1,0,0]]",1,0.01621124580150446
level2_receiver_side_info,788,"[[0,1,0,1,0,0,0,0],[0,1,1,0],[0,1,0,0]]",2,0.028533198169706286
level2_receiver_side_info,788,"[[0,1,0,1,0,0,0,0],[0,1,1,0],[0,1,0,0]]",4,0.0456971587074495
level2_receiver_side_info,788,"[[0,1,0,1,0,0,0,0],[0,1,1,0],[0,1,0,0]]",8,0.0647237743260059
level2_receiver_side_info,788,"[[0,1,0,1,0,0,0,0],[0,1,1,0],[0,1,0,0]]",16,0.08128352549864842
level2_receiver_side_info,788,"[[0,1,0,1,0,0,0,0],[0,1,1,0],[0,1,0,0]]",32,0.09305028484361932
level2_receiver_side_info,789,"[[0,1,0,1,0,0,0,0],[0,1,1,0],[0,1,1,1]]",0,0.0
level2_receiver_side_info,789,"[[0,1,0,1,0,0,0,0],[0,1,1,0],[0,1,1,1]]",1,0.01621124580150446
level2_receiver_side_info,789,"[[0,1,0,1,0,0,0,0],[0,1,1,0],[0,1,1,1]]",2,0.028533198169706286
level2_receiver_side_info,789,"[[0,1,0,1,0,0,0,0],[0,1,1,0],[0,1,1,1]]",4,0.045697158707449614
level2_receiver_side_info,789,"[[0,1,0,1,0,0,0,0],[0,1,1,0],[0,1,1,1]]",8,0.0647237743260059
level2_receiver_side_info,789,"[[0,1,0,1,0,0,0,0],[0,1,1,0],[0,1,1,1]]",16,0.08128352549864842
level2_receiver_side_info,789,"[[0,1,0,1,0,0,0,0],[0,1,1,0],[0,1,1,1]]",32,0.09305028484361938
level2_receiver_side_info,790,"[[0,1,0,1,0,0,0,0],[0,1,1,0],[1,1,1,0]]",0,0.0
level2_receiver_side_info,790,"[[0,1,0,1,0,0,0,0],[0,1,1,0],[1,1,1,0]]",1,0.01621124580150446
level2_receiver_side_info,790,"[[0,1,0,1,0,0,0,0],[0,1,1,0],[1,1,1,0]]",2,0.028533198169706342
level2_receiver_side_info,790,"[[0,1,0,1,0,0,0,0],[0,1,1,0],[1,1,1,0]]",4,0.0456971587074495
level2_receiver_side_info,790,"[[0,1,0,1,0,0,0,0],[0,1,1,0],[1,1,1,0]]",8,0.0647237743260059
level2_receiver_side_info,790,"[[0,1,0,1,0,0,0,0],[0,1,1,0],[1,1,1,0]]",16,0.08128352549864837
level2_receiver_side_info,790,"[[0,1,0,1,0,0,0,0],[0,1,1,0],[1,1,1,0]]",32,0.09305028484361938
level2_receiver_side_info,791,"[[0,1,0,1,0,0,0,0],[0,1,1,0],[1,1,0,1]]",0,0.0
level2_receiver_side_info,791,"[[0,1,0,1,0,0,0,0],[0,1,1,0],[1,1,0,1]]",1,0.01621124580150446
level2_receiver_side_info,791,"[[0,1,0,1,0,0,0,0],[0,1,1,0],[1,1,0,1]]",2,0.028533198169706286
level2_receiver_side_info,791,"[[0,1,0,1,0,0,0,0],[0,1,1,0],[1,1,0,1]]",4,0.04569715870744956
level2_receiver_side_info,791,"[[0,1,0,1,0,0,0,0],[0,1,1,0],[1,1,0,1]]",8,0.0647237743260059
level2_receiver_side_info,791,"[[0,1,0,1,0,0,0,0],[0,1,1,0],[1,1,0,1]]",16,0.08128352549864842
level2_receiver_side_info,791,"[[0,1,0,1,0,0,0,0],[0,1,1,0],[1,1,0,1]]",32,0.09305028484361938
level2_receiver_side_info,792,"[[0,1,0,1,0,0,0,0],[0,1,1,0],[1,1,0,0]]",0,0.0
level2_receiver_side_info,792,"[[0,1,0,1,0,0,0,0],[0,1,1,0],[1,1,0,0]]",1,0.05860388034055081
level2_receiver_side_info,792,"[[0,1,0,1,0,0,0,0],[0,1,1,0],[1,1,0,0]]",2,0.10360963497554826
level2_receiver_side_info,792,"[[0,1,0,1,0,0,0,0],[0,1,1,0],[1,1,0,0]]",4,0.16586347534839643
level2_receiver_side_info,792,"[[0,1,0,1,0,0,0,0],[0,1,1,0],[1,1,0,0]]",8,0.23177388954021425
level2_receiver_side_info,792,"[[0,1,0,1,0,0,0,0],[0,1,1,0],[1,1,0,0]]",16,0.2829520729874759
level2_receiver_side_info,792,"[[0,1,0,1,0,0,0,0],[0,1,1,0],[1,1,0,0]]",32,0.3139496737296405
level2_receiver_side_info,793,"[[0,1,0,1,0,0,0,0],[0,1,1,0],[1,0,1,1]]",0,0.0
level2_receiver_side_info,793,"[[0,1,0,1,0,0,0,0],[0,1,1,0],[1,0,1,1]]",1,0.01621124580150446
level2_receiver_side_info,793,"[[0,1,0,1,0,0,0,0],[0,1,1,0],[1,0,1,1]]",2,0.028533198169706286
level2_receiver_side_info,793,"[[0,1,0,1,0,0,0,0],[0,1,1,0],[1,0,1,1]]",4,0.0456971587074495
level2_receiver_side_info,793,"[[0,1,0,1,0,0,0,0],[0,1,1,0],[1,0,1,1]]",8,0.0647237743260059
level2_receiver_side_info,793,"[[0,1,0,1,0,0,0,0],[0,1,1,0],[1,0,1,1]]",16,0.08128352549864842
level2_receiver_side_info,793,"[[0,1,0,1,0,0,0,0],[0,1,1,0],[1,0,1,1]]",32,0.09305028484361932
level2_receiver_side_info,794,"[[0,1,0,1,0,0,0,0],[0,1,1,0],[1,0,0,0]]",0,0.0
level2_receiver_side_info,794,"[[0,1,0,1,0,0,0,0],[0,1,1,0],[1,0,0,0]]",1,0.01621124580150446
level2_receiver_side_info,794,"[[0,1,0,1,0,0,0,0],[0,1,1,0],[1,0,0,0]]",2,0.028533198169706286
level2_receiver_side_info,794,"[[0,1,0,1,0,0,0,0],[0,1,1,0],[1,0,0,0]]",4,0.045697158707449614
level2_receiver_side_info,794,"[[0,1,0,1,0,0,0,0],[0,1,1,0],[1,0,0,0]]",8,0.0647237743260059
level2_receiver_side_info,794,"[[0,1,0,1,0,0,0,0],[0,1,1,0],[1,0,0,0]]",16,0.08128352549864842
level2_receiver_side_info,794,"[[0,1,0,1,0,0,0,0],[0,1,1,0],[1,0,0,0]]",32,0.09305028484361938
level2_receiver_side_info,795,"[[0,1,0,1,0,0,0,0],[0,1,0,1],[1,1,1,0]]",0,0.0
level2_receiver_side_info,795,"[[0,1,0,1,0,0,0,0],[0,1,0,1],[1,1,1,0]]",1,0.01621124580150446
level2_receiver_side_info,795,"[[0,1,0,1,0,0,0,0],[0,1,0,1],[1,1,1,0]]",2,0.028533198169706342
level2_receiver_side_info,795,"[[0,1,0,1,0,0,0,0],[0,1,0,1],[1,1,1,0]]",4,0.0456971587074495
level2_receiver_side_info,795,"[[0,1,0,1,0,0,0,0],[0,1,0,1],[1,1,1,0]]",8,0.0647237743260059
level2_receiver_side_info,795,"[[0,1,0,1,0,0,0,0],[0,1,0,1],[1,1,1,0]]",16,0.08128352549864837
level2_receiver_side_info,795,"[[0,1,0,1,0,0,0,0],[0,1,0,1],[1,1,1,0]]",32,0.09305028484361938
level2_receiver_side_info,796,"[[0,1,0,1,0,0,0,0],[0,1,0,1],[1,1,0,1]]",0,0.0
level2_receiver_side_info,796,"[[0,1,0,1,0,0,0,0],[0,1,0,1],[1,1,0,1]]",1,0.01621124580150446
level2_receiver_side_info,796,"[[0,1,0,1,0,0,0,0],[0,1,0,1],[1,1,0,1]]",2,0.028533198169706286
level2_receiver_side_info,796,"[[0,1,0,1,0,0,0,0],[0,1,0,1],[1,1,0,1]]",4,0.04569715870744956
level2_receiver_side_info,796,"[[0,1,0,1,0,0,0,0],[0,1,0,1],[1,1,0,1]]",8,0.0647237743260059
level2_receiver_side_info,796,"[[0,1,0,1,0,0,0,0],[0,1,0,1],[1,1,0,1]]",16,0.08128352549864842
level2_receiver_side_info,796,"[[0,1,0,1,0,0,0,0],[0,1,0,1],[1,1,0,1]]",32,0.09305028484361938
level2_receiver_side_info,797,"[[0,1,0,1,0,0,0,0],[0,1,0,1],[1,1,0,0]]",0,0.0
level2_receiver_side_info,797,"[[0,1,0,1,0,0,0,0],[0,1,0,1],[1,1,0,0]]",1,0.05860388034055081
level2_receiver_side_info,797,"[[0,1,0,1,0,0,0,0],[0,1,0,1],[1,1,0,0]]",2,0.10360963497554826
level2_receiver_side_info,797,"[[0,1,0,1,0,0,0,0],[0,1,0,1],[1,1,0,0]]",4,0.16586347534839643
level2_receiver_side_info,797,"[[0,1,0,1,0,0,0,0],[0,1,0,1],[1,1,0,0]]",8,0.23177388954021425
level2_receiver_side_info,797,"[[0,1,0,1,0,0,0,0],[0,1,0,1],[1,1,0,0]]",16,0.2829520729874759
level2_receiver_side_info,797,"[[0,1,0,1,0,0,0,0],[0,1,0,1],[1,1,0,0]]",32,0.3139496737296405
level2_receiver_side_info,798,"[[0,1,0,1,0,0,0,0],[0,1,0,1],[1,0,1,1]]",0,0.0
level2_receiver_side_info,798,"[[0,1,0,1,0,0,0,0],[0,1,0,1],[1,0,1,1]]",1,0.01621124580150446
level2_receiver_side_info,798,"[[0,1,0,1,0,0,0,0],[0,1,0,1],[1,0,1,1]]",2,0.028533198169706286
level2_receiver_side_info,798,"[[0,1,0,1,0,0,0,0],[0,1,0,1],[1,0,1,1]]",4,0.0456971587074495
level2_receiver_side_info,798,"[[0,1,0,1,0,0,0,0],[0,1,0,1],[1,0,1,1]]",8,0.0647237743260059
level2_receiver_side_info,798,"[[0,1,0,1,0,0,0,0],[0,1,0,1],[1,0,1,1]]",16,0.08128352549864842
level2_receiver_side_info,798,"[[0,1,0,1,0,0,0,0],[0,1,0,1],[1,0,1,1]]",32,0.09305028484361932
level2_receiver_side_info,799,"[[0,1,0,1,0,0,0,0],[0,1,0,1],[1,0,0,0]]",0,0.0
level2_receiver_side_info,799,"[[0,1,0,1,0,0,0,0],[0,1,0,1],[1,0,0,0]]",1,0.01621124580150446
level2_receiver_side_info,799,"[[0,1,0,1,0,0,0,0],[0,1,0,1],[1,0,0,0]]",2,0.028533198169706286
level2_receiver_side_info,799,"[[0,1,0,1,0,0,0,0],[0,1,0,1],[1,0,0,0]]",4,0.045697158707449614
level2_receiver_side_info,799,"[[0,1,0,1,0,0,0,0],[0,1,0,1],[1,0,0,0]]",8,0.0647237743260059
level2_receiver_side_info,799,"[[0,1,0,1,0,0,0,0],[0,1,0,1],[1,0,0,0]]",16,0.08128352549864842
level2_receiver_side_info,799,"[[0,1,0,1,0,0,0,0],[0,1,0,1],[1,0,0,0]]",32,0.09305028484361938
level2_receiver_side_info,800,"[[0,1,0,0,0,1,0,1],[0,0,0,1],[1,0,1,1]]",0,0.007042719241674045
level2_receiver_side_info,800,"[[0,1,0,0,0,1,0,1],[0,0,0,1],[1,0,1,1]]",1,0.043652143186217685
level2_receiver_side_info,800,"[[0,1,0,0,0,1,0,1],[0,0,0,1],[1,0,1,1]]",2,0.07195128098324621
level2_receiver_side_info,800,"[[0,1,0,0,0,1,0,1],[0,0,0,1],[1,0,1,1]]",4,0.11242296217865766
level2_receiver_side_info,800,"[[0,1,0,0,0,1,0,1],[0,0,0,1],[1,0,1,1]]",8,0.15854956604460907
level2_receiver_side_info,800,"[[0,1,0,0,0,1,0,1],[0,0,0,1],[1,0,1,1]]",16,0.19702626025256342
level2_receiver_side_info,800,"[[0,1,0,0,0,1,0,1],[0,0,0,1],[1,0,1,1]]",32,0.2196961455373196
level2_receiver_side_info,801,"[[0,1,0,0,0,1,0,1],[0,0,1,0],[1,0,1,1]]",0,0.007042719241674045
level2_receiver_side_info,801,"[[0,1,0,0,0,1,0,1],[0,0,1,0],[1,0,1,1]]",1,0.043652143186217685
level2_receiver_side_info,801,"[[0,1,0,0,0,1,0,1],[0,0,1,0],[1,0,1,1]]",2,0.07195128098324621
level2_receiver_side_info,801,"[[0,1,0,0,0,1,0,1],[0,0,1,0],[1,0,1,1]]",4,0.11242296217865766
level2_receiver_side_info,801,"[[0,1,0,0,0,1,0,1],[0,0,1,0],[1,0,1,1]]",8,0.15854956604460907
level2_receiver_side_info,801,"[[0,1,0,0,0,1,0,1],[0,0,1,0],[1,0,1,1]]",16,0.19702626025256348
level2_receiver_side_info,801,"[[0,1,0,0,0,1,0,1],[0,0,1,0],[1,0,1,1]]",32,0.2196961455373196
level2_receiver_side_info,802,"[[0,1,0,0,0,1,0,1],[0,0,1,1],[1,0,1,1]]",0,0.06385320297074876
level2_receiver_side_info,802,"[[0,1,0,0,0,1,0,1],[0,0,1,1],[1,0,1,1]]",1,0.07704682264253404
level2_receiver_side_info,802,"[[0,1,0,0,0,1,0,1],[0,0,1,1],[1,0,1,1]]",2,0.08780218399432077
level2_receiver_side_info,802,"[[0,1,0,0,0,1,0,1],[0,0,1,1],[1,0,1,1]]",4,0.10415228924648534
level2_receiver_side_info,802,"[[0,1,0,0,0,1,0,1],[0,0,1,1],[1,0,1,1]]",8,0.12453241233105772
level2_receiver_side_info,802,"[[0,1,0,0,0,1,0,1],[0,0,1,1],[1,0,1,1]]",16,0.14385004263287587
level2_receiver_side_info,802,"[[0,1,0,0,0,1,0,1],[0,0,1,1],[1,0,1,1]]",32,0.15747949742783532
level2_receiver_side_info,803,"[[0,1,0,0,0,1,0,1],[0,1,0,1],[0,1,0,0]]",0,0.06385320297074881
level2_receiver_side_info,803,"[[0,1,0,0,0,1,0,1],[0,1,0,1],[0,1,0,0]]",1,0.07704682264253404
level2_receiver_side_info,803,"[[0,1,0,0,0,1,0,1],[0,1,0,1],[0,1,0,0]]",2,0.08780218399432077
level2_receiver_side_info,803,"[[0,1,0,0,0,1,0,1],[0,1,0,1],[0,1,0,0]]",4,0.1041522892464854
level2_receiver_side_info,803,"[[0,1,0,0,0,1,0,1],[0,1,0,1],[0,1,0,0]]",8,0.12453241233105772
level2_receiver_side_info,803,"[[0,1,0,0,0,1,0,1],[0,1,0,1],[0,1,0,0]]",16,0.14385004263287587
level2_receiver_side_info,803,"[[0,1,0,0,0,1,0,1],[0,1,0,1],[0,1,0,0]]",32,0.15747949742783532
level2_receiver_side_info,804,"[[0,1,0,0,0,1,0,1],[0,1,1,0],[0,1,0,0]]",0,0.06385320297074876
level2_receiver_side_info,804,"[[0,1,0,0,0,1,0,1],[0,1,1,0],[0,1,0,0]]",1,0.07704682264253404
level2_receiver_side_info,804,"[[0,1,0,0,0,1,0,1],[0,1,1,0],[0,1,0,0]]",2,0.08780218399432077
level2_receiver_side_info,804,"[[0,1,0,0,0,1,0,1],[0,1,1,0],[0,1,0,0]]",4,0.10415228924648534
level2_receiver_side_info,804,"[[0,1,0,0,0,1,0,1],[0,1,1,0],[0,1,0,0]]",8,0.12453241233105772
level2_receiver_side_info,804,"[[0,1,0,0,0,1,0,1],[0,1,1,0],[0,1,0,0]]",16,0.14385004263287587
level2_receiver_side_info,804,"[[0,1,0,0,0,1,0,1],[0,1,1,0],[0,1,0,0]]",32,0.15747949742783532
level2_receiver_side_info,805,"[[0,1,0,0,0,1,0,1],[0,1,1,1],[0,1,0,0]]",0,0.007042719241674045
level2_receiver_side_info,805,"[[0,1,0,0,0,1,0,1],[0,1,1,1],[0,1,0,0]]",1,0.043652143186217685
level2_receiver_side_info,805,"[[0,1,0,0,0,1,0,1],[0,1,1,1],[0,1,0,0]]",2,0.07195128098324621
level2_receiver_side_info,805,"[[0,1,0,0,0,1,0,1],[0,1,1,1],[0,1,0,0]]",4,0.11242296217865766
level2_receiver_side_info,805,"[[0,1,0,0,0,1,0,1],[0,1,1,1],[0,1,0,0]]",8,0.15854956604460907
level2_receiver_side_info,805,"[[0,1,0,0,0,1,0,1],[0,1,1,1],[0,1,0,0]]",16,0.19702626025256342
level2_receiver_side_info,805,"[[0,1,0,0,0,1,0,1],[0,1,1,1],[0,1,0,0]]",32,0.2196961455373196
level2_receiver_side_info,806,"[[0,1,0,0,0,1,0,1],[0,1,1,1],[0,1,0,0]]",0,0.007042719241674045
level2_receiver_side_info,806,"[[0,1,0,0,0,1,0,1],[0,1,1,1],[0,1,0,0]]",1,0.043652143186217685
level2_receiver_side_info,806,"[[0,1,0,0,0,1,0,1],[0,1,1,1],[0,1,0,0]]",2,0.07195128098324621
level2_receiver_side_info,806,"[[0,1,0,0,0,1,0,1],[0,1,1,1],[0,1,0,0]]",4,0.11242296217865766
level2_receiver_side_info,806,"[[0,1,0,0,0,1,0,1],[0,1,1,1],[0,1,0,0]]",8,0.15854956604460907
level2_receiver_side_info,806,"[[0,1,0,0,0,1,0,1],[0,1,1,1],[0,1,0,0]]",16,0.19702626025256342
level2_receiver_side_info,806,"[[0,1,0,0,0,1,0,1],[0,1,1,1],[0,1,0,0]]",32,0.2196961455373196
level2_receiver_side_info,807,"[[0,1,0,0,0,1,0,1],[0,1,1,0],[0,1,0,0]]",0,0.06385320297074876
level2_receiver_side_info,807,"[[0,1,0,0,0,1,0,1],[0,1,1,0],[0,1,0,0]]",1,0.07704682264253404
level2_receiver_side_info,807,"[[0,1,0,0,0,1,0,1],[0,1,1,0],[0,1,0,0]]",2,0.08780218399432077
level2_receiver_side_info,807,"[[0,1,0,0,0,1,0,1],[0,1,1,0],[0,1,0,0]]",4,0.10415228924648534
level2_receiver_side_info,807,"[[0,1,0,0,0,1,0,1],[0,1,1,0],[0,1,0,0]]",8,0.12453241233105772
level2_receiver_side_info,807,"[[0,1,0,0,0,1,0,1],[0,1,1,0],[0,1,0,0]]",16,0.14385004263287587
level2_receiver_side_info,807,"[[0,1,0,0,0,1,0,1],[0,1,1,0],[0,1,0,0]]",32,0.15747949742783532
level2_receiver_side_info,808,"[[0,1,0,0,0,1,0,1],[0,1,0,1],[0,1,0,0]]",0,0.06385320297074881
level2_receiver_side_info,808,"[[0,1,0,0,0,1,0,1],[0,1,0,1],[0,1,0,0]]",1,0.07704682264253404
level2_receiver_side_info,808,"[[0,1,0,0,0,1,0,1],[0,1,0,1],[0,1,0,0]]",2,0.08780218399432077
level2_receiver_side_info,808,"[[0,1,0,0,0,1,0,1],[0,1,0,1],[0,1,0,0]]",4,0.1041522892464854
level2_receiver_side_info,808,"[[0,1,0,0,0,1,0,1],[0,1,0,1],[0,1,0,0]]",8,0.12453241233105772
level2_receiver_side_info,808,"[[0,1,0,0,0,1,0,1],[0,1,0,1],[0,1,0,0]]",16,0.14385004263287587
level2_receiver_side_info,808,"[[0,1,0,0,0,1,0,1],[0,1,0,1],[0,1,0,0]]",32,0.15747949742783532
level2_receiver_side_info,809,"[[0,1,0,0,0,1,0,1],[0,0,1,1],[1,0,1,1]]",0,0.06385320297074876
level2_receiver_side_info,809,"[[0,1,0,0,0,1,0,1],[0,0,1,1],[1,0,1,1]]",1,0.07704682264253404
level2_receiver_side_info,809,"[[0,1,0,0,0,1,0,1],[0,0,1,1],[1,0,1,1]]",2,0.08780218399432077
level2_receiver_side_info,809,"[[0,1,0,0,0,1,0,1],[0,0,1,1],[1,0,1,1]]",4,0.10415228924648534
level2_receiver_side_info,809,"[[0,1,0,0,0,1,0,1],[0,0,1,1],[1,0,1,1]]",8,0.12453241233105772
level2_receiver_side_info,809,"[[0,1,0,0,0,1,0,1],[0,0,1,1],[1,0,1,1]]",16,0.14385004263287587
level2_receiver_side_info,809,"[[0,1,0,0,0,1,0,1],[0,0,1,1],[1,0,1,1]]",32,0.15747949742783532
level2_receiver_side_info,810,"[[0,1,0,0,0,1,0,1],[0,0,1,0],[1,0,1,1]]",0,0.007042719241674045
level2_receiver_side_info,810,"[[0,1,0,0,0,1,0,1],[0,0,1,0],[1,0,1,1]]",1,0.043652143186217685
level2_receiver_side_info,810,"[[0,1,0,0,0,1,0,1],[0,0,1,0],[1,0,1,1]]",2,0.07195128098324621
level2_receiver_side_info,810,"[[0,1,0,0,0,1,0,1],[0,0,1,0],[1,0,1,1]]",4,0.11242296217865766
level2_receiver_side_info,810,"[[0,1,0,0,0,1,0,1],[0,0,1,0],[1,0,1,1]]",8,0.15854956604460907
level2_receiver_side_info,810,"[[0,1,0,0,0,1,0,1],[0,0,1,0],[1,0,1,1]]",16,0.19702626025256348
level2_receiver_side_info,810,"[[0,1,0,0,0,1,0,1],[0,0,1,0],[1,0,1,1]]",32,0.2196961455373196
level2_receiver_side_info,811,"[[0,1,0,0,0,1,0,1],[0,0,0,1],[1,0,1,1]]",0,0.007042719241674045
level2_receiver_side_info,811,"[[0,1,0,0,0,1,0,1],[0,0,0,1],[1,0,1,1]]",1,0.043652143186217685
level2_receiver_side_info,811,"[[0,1,0,0,0,1,0,1],[0,0,0,1],[1,0,1,1]]",2,0.07195128098324621
level2_receiver_side_info,811,"[[0,1,0,0,0,1,0,1],[0,0,0,1],[1,0,1,1]]",4,0.11242296217865766
level2_receiver_side_info,811,"[[0,1,0,0,0,1,0,1],[0,0,0,1],[1,0,1,1]]",8,0.15854956604460907
level2_receiver_side_info,811,"[[0,1,0,0,0,1,0,1],[0,0,0,1],[1,0,1,1]]",16,0.19702626025256342
level2_receiver_side_info,811,"[[0,1,0,0,0,1,0,1],[0,0,0,1],[1,0,1,1]]",32,0.2196961455373196
level2_receiver_side_info,812,"[[0,1,0,0,0,1,0,0],[0,0,1,1],[0,0,0,1]]",0,0.0
level2_receiver_side_info,812,"[[0,1,0,0,0,1,0,0],[0,0,1,1],[0,0,0,1]]",1,0.01621124580150446
level2_receiver_side_info,812,"[[0,1,0,0,0,1,0,0],[0,0,1,1],[0,0,0,1]]",2,0.028533198169706342
level2_receiver_side_info,812,"[[0,1,0,0,0,1,0,0],[0,0,1,1],[0,0,0,1]]",4,0.0456971587074495
level2_receiver_side_info,812,"[[0,1,0,0,0,1,0,0],[0,0,1,1],[0,0,0,1]]",8,0.0647237743260059
level2_receiver_side_info,812,"[[0,1,0,0,0,1,0,0],[0,0,1,1],[0,0,0,1]]",16,0.08128352549864837
level2_receiver_side_info,812,"[[0,1,0,0,0,1,0,0],[0,0,1,1],[0,0,0,1]]",32,0.09305028484361938
level2_receiver_side_info,813,"[[0,1,0,0,0,1,0,0],[0,0,1,1],[0,0,1,0]]",0,0.0
level2_receiver_side_info,813,"[[0,1,0,0,0,1,0,0],[0,0,1,1],[0,0,1,0]]",1,0.01621124580150446
level2_receiver_side_info,813,"[[0,1,0,0,0,1,0,0],[0,0,1,1],[0,0,1,0]]",2,0.028533198169706342
level2_receiver_side_info,813,"[[0,1,0,0,0,1,0,0],[0,0,1,1],[0,0,1,0]]",4,0.045697158707449614
level2_receiver_side_info,813,"[[0,1,0,0,0,1,0,0],[0,0,1,1],[0,0,1,0]]",8,0.0647237743260059
level2_receiver_side_info,813,"[[0,1,0,0,0,1,0,0],[0,0,1,1],[0,0,1,0]]",16,0.08128352549864842
level2_receiver_side_info,813,"[[0,1,0,0,0,1,0,0],[0,0,1,1],[0,0,1,0]]",32,0.09305028484361932
level2_receiver_side_info,814,"[[0,1,0,0,0,1,0,0],[0,0,1,1],[0,1,0,0]]",0,0.0
level2_receiver_side_info,814,"[[0,1,0,0,0,1,0,0],[0,0,1,1],[0,1,0,0]]",1,0.01621124580150446
level2_receiver_side_info,814,"[[0,1,0,0,0,1,0,0],[0,0,1,1],[0,1,0,0]]",2,0.028533198169706286
level2_receiver_side_info,814,"[[0,1,0,0,0,1,0,0],[0,0,1,1],[0,1,0,0]]",4,0.04569715870744956
level2_receiver_side_info,814,"[[0,1,0,0,0,1,0,0],[0,0,1,1],[0,1,0,0]]",8,0.0647237743260059
level2_receiver_side_info,814,"[[0,1,0,0,0,1,0,0],[0,0,1,1],[0,1,0,0]]",16,0.08128352549864842
level2_receiver_side_info,814,"[[0,1,0,0,0,1,0,0],[0,0,1,1],[0,1,0,0]]",32,0.09305028484361938
level2_receiver_side_info,815,"[[0,1,0,0,0,1,0,0],[0,0,1,1],[0,1,0,1]]",0,0.0
level2_receiver_side_info,815,"[[0,1,0,0,0,1,0,0],[0,0,1,1],[0,1,0,1]]",1,0.05860388034055081
level2_receiver_side_info,815,"[[0,1,0,0,0,1,0,0],[0,0,1,1],[0,1,0,1]]",2,0.10360963497554826
level2_receiver_side_info,815,"[[0,1,0,0,0,1,0,0],[0,0,1,1],[0,1,0,1]]",4,0.16586347534839643
level2_receiver_side_info,815,"[[0,1,0,0,0,1,0,0],[0,0,1,1],[0,1,0,1]]",8,0.23177388954021425
level2_receiver_side_info,815,"[[0,1,0,0,0,1,0,0],[0,0,1,1],[0,1,0,1]]",16,0.2829520729874759
level2_receiver_side_info,815,"[[0,1,0,0,0,1,0,0],[0,0,1,1],[0,1,0,1]]",32,0.3139496737296405
level2_receiver_side_info,816,"[[0,1,0,0,0,1,0,0],[0,0,1,1],[0,1,1,1]]",0,0.0
level2_receiver_side_info,816,"[[0,1,0,0,0,1,0,0],[0,0,1,1],[0,1,1,1]]",1,0.01621124580150446
level2_receiver_side_info,816,"[[0,1,0,0,0,1,0,0],[0,0,1,1],[0,1,1,1]]",2,0.028533198169706286
level2_receiver_side_info,816,"[[0,1,0,0,0,1,0,0],[0,0,1,1],[0,1,1,1]]",4,0.0456971587074495
level2_receiver_side_info,816,"[[0,1,0,0,0,1,0,0],[0,0,1,1],[0,1,1,1]]",8,0.0647237743260059
level2_receiver_side_info,816,"[[0,1,0,0,0,1,0,0],[0,0,1,1],[0,1,1,1]]",16,0.08128352549864842
level2_receiver_side_info,816,"[[0,1,0,0,0,1,0,0],[0,0,1,1],[0,1,1,1]]",32,0.09305028484361938
level2_receiver_side_info,817,"[[0,1,0,0,0,1,0,0],[0,1,1,0],[0,0,0,1]]",0,0.0
level2_receiver_side_info,817,"[[0,1,0,0,0,1,0,0],[0,1,1,0],[0,0,0,1]]",1,0.01621124580150446
level2_receiver_side_info,817,"[[0,1,0,0,0,1,0,0],[0,1,1,0],[0,0,0,1]]",2,0.028533198169706342
level2_receiver_side_info,817,"[[0,1,0,0,0,1,0,0],[0,1,1,0],[0,0,0,1]]",4,0.0456971587074495
level2_receiver_side_info,817,"[[0,1,0,0,0,1,0,0],[0,1,1,0],[0,0,0,1]]",8,0.0647237743260059
level2_receiver_side_info,817,"[[0,1,0,0,0,1,0,0],[0,1,1,0],[0,0,0,1]]",16,0.08128352549864837
level2_receiver_side_info,817,"[[0,1,0,0,0,1,0,0],[0,1,1,0],[0,0,0,1]]",32,0.09305028484361938
level2_receiver_side_info,818,"[[0,1,0,0,0,1,0,0],[0,1,1,0],[0,0,1,0]]",0,0.0
level2_receiver_side_info,818,"[[0,1,0,0,0,1,0,0],[0,1,1,0],[0,0,1,0]]",1,0.01621124580150446
level2_receiver_side_info,818,"[[0,1,0,0,0,1,0,0],[0,1,1,0],[0,0,1,0]]",2,0.028533198169706342
level2_receiver_side_info,818,"[[0,1,0,0,0,1,0,0],[0,1,1,0],[0,0,1,0]]",4,0.045697158707449614
level2_receiver_side_info,818,"[[0,1,0,0,0,1,0,0],[0,1,1,0],[0,0,1,0]]",8,0.0647237743260059
level2_receiver_side_info,818,"[[0,1,0,0,0,1,0,0],[0,1,1,0],[0,0,1,0]]",16,0.08128352549864842
level2_receiver_side_info,818,"[[0,1,0,0,0,1,0,0],[0,1,1,0],[0,0,1,0]]",32,0.09305028484361932
level2_receiver_side_info,819,"[[0,1,0,0,0,1,0,0],[0,1,1,0],[0,1,0,0]]",0,0.0
level2_receiver_side_info,819,"[[0,1,0,0,0,1,0,0],[0,1,1,0],[0,1,0,0]]",1,0.01621124580150446
level2_receiver_side_info,819,"[[0,1,0,0,0,1,0,0],[0,1,1,0],[0,1,0,0]]",2,0.028533198169706286
level2_receiver_side_info,819,"[[0,1,0,0,0,1,0,0],[0,1,1,0],[0,1,0,0]]",4,0.04569715870744956
level2_receiver_side_info,819,"[[0,1,0,0,0,1,0,0],[0,1,1,0],[0,1,0,0]]",8,0.0647237743260059
level2_receiver_side_info,819,"[[0,1,0,0,0,1,0,0],[0,1,1,0],[0,1,0,0]]",16,0.08128352549864842
level2_receiver_side_info,819,"[[0,1,0,0,0,1,0,0],[0,1,1,0],[0,1,0,0]]",32,0.09305028484361938
level2_receiver_side_info,820,"[[0,1,0,0,0,1,0,0],[0,1,1,0],[0,1,0,1]]",0,0.0
level2_receiver_side_info,820,"[[0,1,0,0,0,1,0,0],[0,1,1,0],[0,1,0,1]]",1,0.05860388034055081
level2_receiver_side_info,820,"[[0,1,0,0,0,1,0,0],[0,1,1,0],[0,1,0,1]]",2,0.10360963497554826
level2_receiver_side_info,820,"[[0,1,0,0,0,1,0,0],[0,1,1,0],[0,1,0,1]]",4,0.16586347534839643
level2_receiver_side_info,820,"[[0,1,0,0,0,1,0,0],[0,1,1,0],[0,1,0,1]]",8,0.23177388954021425
level2_receiver_side_info,820,"[[0,1,0,0,0,1,0,0],[0,1,1,0],[0,1,0,1]]",16,0.2829520729874759
level2_receiver_side_info,820,"[[0,1,0,0,0,1,0,0],[0,1,1,0],[0,1,0,1]]",32,0.3139496737296405
level2_receiver_side_info,821,"[[0,1,0,0,0,1,0,0],[0,1,1,0],[0,1,1,1]]",0,0.0
level2_receiver_side_info,821,"[[0,1,0,0,0,1,0,0],[0,1,1,0],[0,1,1,1]]",1,0.01621124580150446
level2_receiver_side_info,821,"[[0,1,0,0,0,1,0,0],[0,1,1,0],[0,1,1,1]]",2,0.028533198169706286
level2_receiver_side_info,821,"[[0,1,0,0,0,1,0,0],[0,1,1,0],[0,1,1,1]]",4,0.0456971587074495
level2_receiver_side_info,821,"[[0,1,0,0,0,1,0,0],[0,1,1,0],[0,1,1,1]]",8,0.0647237743260059
level2_receiver_side_info,821,"[[0,1,0,0,0,1,0,0],[0,1,1,0],[0,1,1,1]]",16,0.08128352549864842
level2_receiver_side_info,821,"[[0,1,0,0,0,1,0,0],[0,1,1,0],[0,1,1,1]]",32,0.09305028484361938
level2_receiver_side_info,822,"[[0,1,0,0,0,1,0,0],[0,1,1,0],[1,1,1,0]]",0,0.0
level2_receiver_side_info,822,"[[0,1,0,0,0,1,0,0],[0,1,1,0],[1,1,1,0]]",1,0.01621124580150446
level2_receiver_side_info,822,"[[0,1,0,0,0,1,0,0],[0,1,1,0],[1,1,1,0]]",2,0.028533198169706342
level2_receiver_side_info,822,"[[0,1,0,0,0,1,0,0],[0,1,1,0],[1,1,1,0]]",4,0.0456971587074495
level2_receiver_side_info,822,"[[0,1,0,0,0,1,0,0],[0,1,1,0],[1,1,1,0]]",8,0.0647237743260059
level2_receiver_side_info,822,"[[0,1,0,0,0,1,0,0],[0,1,1,0],[1,1,1,0]]",16,0.08128352549864837
level2_receiver_side_info,822,"[[0,1,0,0,0,1,0,0],[0,1,1,0],[1,1,1,0]]",32,0.09305028484361938
level2_receiver_side_info,823,"[[0,1,0,0,0,1,0,0],[0,1,1,0],[1,1,0,1]]",0,0.0
level2_receiver_side_info,823,"[[0,1,0,0,0,1,0,0],[0,1,1,0],[1,1,0,1]]",1,0.01621124580150446
level2_receiver_side_info,823,"[[0,1,0,0,0,1,0,0],[0,1,1,0],[1,1,0,1]]",2,0.028533198169706342
level2_receiver_side_info,823,"[[0,1,0,0,0,1,0,0],[0,1,1,0],[1,1,0,1]]",4,0.045697158707449614
level2_receiver_side_info,823,"[[0,1,0,0,0,1,0,0],[0,1,1,0],[1,1,0,1]]",8,0.0647237743260059
level2_receiver_side_info,823,"[[0,1,0,0,0,1,0,0],[0,1,1,0],[1,1,0,1]]",16,0.08128352549864842
level2_receiver_side_info,823,"[[0,1,0,0,0,1,0,0],[0,1,1,0],[1,1,0,1]]",32,0.09305028484361932
level2_receiver_side_info,824,"[[0,1,0,0,0,1,0,0],[0,1,1,0],[1,0,1,1]]",0,0.0
level2_receiver_side_info,824,"[[0,1,0,0,0,1,0,0],[0,1,1,0],[1,0,1,1]]",1,0.01621124580150446
level2_receiver_side_info,824,"[[0,1,0,0,0,1,0,0],[0,1,1,0],[1,0,1,1]]",2,0.028533198169706286
level2_receiver_side_info,824,"[[0,1,0,0,0,1,0,0],[0,1,1,0],[1,0,1,1]]",4,0.04569715870744956
level2_receiver_side_info,824,"[[0,1,0,0,0,1,0,0],[0,1,1,0],[1,0,1,1]]",8,0.0647237743260059
level2_receiver_side_info,824,"[[0,1,0,0,0,1,0,0],[0,1,1,0],[1,0,1,1]]",16,0.08128352549864842
level2_receiver_side_info,824,"[[0,1,0,0,0,1,0,0],[0,1,1,0],[1,0,1,1]]",32,0.09305028484361938
level2_receiver_side_info,825,"[[0,1,0,0,0,1,0,0],[0,1,1,0],[1,0,1,0]]",0,0.0
level2_receiver_side_info,825,"[[0,1,0,0,0,1,0,0],[0,1,1,0],[1,0,1,0]]",1,0.05860388034055081
level2_receiver_side_info,825,"[[0,1,0,0,0,1,0,0],[0,1,1,0],[1,0,1,0]]",2,0.10360963497554826
level2_receiver_side_info,825,"[[0,1,0,0,0,1,0,0],[0,1,1,0],[1,0,1,0]]",4,0.16586347534839643
level2_receiver_side_info,825,"[[0,1,0,0,0,1,0,0],[0,1,1,0],[1,0,1,0]]",8,0.23177388954021425
level2_receiver_side_info,825,"[[0,1,0,0,0,1,0,0],[0,1,1,0],[1,0,1,0]]",16,0.2829520729874759
level2_receiver_side_info,825,"[[0,1,0,0,0,1,0,0],[0,1,1,0],[1,0,1,0]]",32,0.3139496737296405
level2_receiver_side_info,826,"[[0,1,0,0,0,1,0,0],[0,1,1,0],[1,0,0,0]]",0,0.0
level2_receiver_side_info,826,"[[0,1,0,0,0,1,0,0],[0,1,1,0],[1,0,0,0]]",1,0.01621124580150446
level2_receiver_side_info,826,"[[0,1,0,0,0,1,0,0],[0,1,1,0],[1,0,0,0]]",2,0.028533198169706286
level2_receiver_side_info,826,"[[0,1,0,0,0,1,0,0],[0,1,1,0],[1,0,0,0]]",4,0.0456971587074495
level2_receiver_side_info,826,"[[0,1,0,0,0,1,0,0],[0,1,1,0],[1,0,0,0]]",8,0.0647237743260059
level2_receiver_side_info,826,"[[0,1,0,0,0,1,0,0],[0,1,1,0],[1,0,0,0]]",16,0.08128352549864842
level2_receiver_side_info,826,"[[0,1,0,0,0,1,0,0],[0,1,1,0],[1,0,0,0]]",32,0.09305028484361938
level2_receiver_side_info,827,"[[0,1,0,0,0,1,0,0],[0,0,1,1],[1,1,1,0]]",0,0.0
level2_receiver_side_info,827,"[[0,1,0,0,0,1,0,0],[0,0,1,1],[1,1,1,0]]",1,0.01621124580150446
level2_receiver_side_info,827,"[[0,1,0,0,0,1,0,0],[0,0,1,1],[1,1,1,0]]",2,0.028533198169706342
level2_receiver_side_info,827,"[[0,1,0,0,0,1,0,0],[0,0,1,1],[1,1,1,0]]",4,0.0456971587074495
level2_receiver_side_info,827,"[[0,1,0,0,0,1,0,0],[0,0,1,1],[1,1,1,0]]",8,0.0647237743260059
level2_receiver_side_info,827,"[[0,1,0,0,0,1,0,0],[0,0,1,1],[1,1,1,0]]",16,0.08128352549864837
level2_receiver_side_info,827,"[[0,1,0,0,0,1,0,0],[0,0,1,1],[1,1,1,0]]",32,0.09305028484361938
level2_receiver_side_info,828,"[[0,1,0,0,0,1,0,0],[0,0,1,1],[1,1,0,1]]",0,0.0
level2_receiver_side_info,828,"[[0,1,0,0,0,1,0,0],[0,0,1,1],[1,1,0,1]]",1,0.01621124580150446
level2_receiver_side_info,828,"[[0,1,0,0,0,1,0,0],[0,0,1,1],[1,1,0,1]]",2,0.028533198169706342
level2_receiver_side_info,828,"[[0,1,0,0,0,1,0,0],[0,0,1,1],[1,1,0,1]]",4,0.045697158707449614
level2_receiver_side_info,828,"[[0,1,0,0,0,1,0,0],[0,0,1,1],[1,1,0,1]]",8,0.0647237743260059
level2_receiver_side_info,828,"[[0,1,0,0,0,1,0,0],[0,0,1,1],[1,1,0,1]]",16,0.08128352549864842
level2_receiver_side_info,828,"[[0,1,0,0,0,1,0,0],[0,0,1,1],[1,1,0,1]]",32,0.09305028484361932
level2_receiver_side_info,829,"[[0,1,0,0,0,1,0,0],[0,0,1,1],[1,0,1,1]]",0,0.0
level2_receiver_side_info,829,"[[0,1,0,0,0,1,0,0],[0,0,1,1],[1,0,1,1]]",1,0.01621124580150446
level2_receiver_side_info,829,"[[0,1,0,0,0,1,0,0],[0,0,1,1],[1,0,1,1]]",2,0.028533198169706286
level2_receiver_side_info,829,"[[0,1,0,0,0,1,0,0],[0,0,1,1],[1,0,1,1]]",4,0.04569715870744956
level2_receiver_side_info,829,"[[0,1,0,0,0,1,0,0],[0,0,1,1],[1,0,1,1]]",8,0.0647237743260059
level2_receiver_side_info,829,"[[0,1,0,0,0,1,0,0],[0,0,1,1],[1,0,1,1]]",16,0.08128352549864842
level2_receiver_side_info,829,"[[0,1,0,0,0,1,0,0],[0,0,1,1],[1,0,1,1]]",32,0.09305028484361938
level2_receiver_side_info,830,"[[0,1,0,0,0,1,0,0],[0,0,1,1],[1,0,1,0]]",0,0.0
level2_receiver_side_info,830,"[[0,1,0,0,0,1,0,0],[0,0,1,1],[1,0,1,0]]",1,0.05860388034055081
level2_receiver_side_info,830,"[[0,1,0,0,0,1,0,0],[0,0,1,1],[1,0,1,0]]",2,0.10360963497554826
level2_receiver_side_info,830,"[[0,1,0,0,0,1,0,0],[0,0,1,1],[1,0,1,0]]",4,0.16586347534839643
level2_receiver_side_info,830,"[[0,1,0,0,0,1,0,0],[0,0,1,1],[1,0,1,0]]",8,0.23177388954021425
level2_receiver_side_info,830,"[[0,1,0,0,0,1,0,0],[0,0,1,1],[1,0,1,0]]",16,0.2829520729874759
level2_receiver_side_info,830,"[[0,1,0,0,0,1,0,0],[0,0,1,1],[1,0,1,0]]",32,0.3139496737296405
level2_receiver_side_info,831,"[[0,1,0,0,0,1,0,0],[0,0,1,1],[1,0,0,0]]",0,0.0
level2_receiver_side_info,831,"[[0,1,0,0,0,1,0,0],[0,0,1,1],[1,0,0,0]]",1,0.01621124580150446
level2_receiver_side_info,831,"[[0,1,0,0,0,1,0,0],[0,0,1,1],[1,0,0,0]]",2,0.028533198169706286
level2_receiver_side_info,831,"[[0,1,0,0,0,1,0,0],[0,0,1,1],[1,0,0,0]]",4,0.0456971587074495
level2_receiver_side_info,831,"[[0,1,0,0,0,1,0,0],[0,0,1,1],[1,0,0,0]]",8,0.0647237743260059
level2_receiver_side_info,831,"[[0,1,0,0,0,1,0,0],[0,0,1,1],[1,0,0,0]]",16,0.08128352549864842
level2_receiver_side_info,831,"[[0,1,0,0,0,1,0,0],[0,0,1,1],[1,0,0,0]]",32,0.09305028484361938
level2_receiver_side_info,832,"[[0,1,0,0,0,0,0,1],[0,0,1,1],[0,0,0,1]]",0,0.0
level2_receiver_side_info,832,"[[0,1,0,0,0,0,0,1],[0,0,1,1],[0,0,0,1]]",1,0.01621124580150446
level2_receiver_side_info,832,"[[0,1,0,0,0,0,0,1],[0,0,1,1],[0,0,0,1]]",2,0.028533198169706342
level2_receiver_side_info,832,"[[0,1,0,0,0,0,0,1],[0,0,1,1],[0,0,0,1]]",4,0.0456971587074495
level2_receiver_side_info,832,"[[0,1,0,0,0,0,0,1],[0,0,1,1],[0,0,0,1]]",8,0.0647237743260059
level2_receiver_side_info,832,"[[0,1,0,0,0,0,0,1],[0,0,1,1],[0,0,0,1]]",16,0.08128352549864837
level2_receiver_side_info,832,"[[0,1,0,0,0,0,0,1],[0,0,1,1],[0,0,0,1]]",32,0.09305028484361938
level2_receiver_side_info,833,"[[0,1,0,0,0,0,0,1],[0,0,1,1],[0,0,1,0]]",0,0.0
level2_receiver_side_info,833,"[[0,1,0,0,0,0,0,1],[0,0,1,1],[0,0,1,0]]",1,0.01621124580150446
level2_receiver_side_info,833,"[[0,1,0,0,0,0,0,1],[0,0,1,1],[0,0,1,0]]",2,0.028533198169706342
level2_receiver_side_info,833,"[[0,1,0,0,0,0,0,1],[0,0,1,1],[0,0,1,0]]",4,0.045697158707449614
level2_receiver_side_info,833,"[[0,1,0,0,0,0,0,1],[0,0,1,1],[0,0,1,0]]",8,0.0647237743260059
level2_receiver_side_info,833,"[[0,1,0,0,0,0,0,1],[0,0,1,1],[0,0,1,0]]",16,0.08128352549864842
level2_receiver_side_info,833,"[[0,1,0,0,0,0,0,1],[0,0,1,1],[0,0,1,0]]",32,0.09305028484361932
level2_receiver_side_info,834,"[[0,1,0,0,0,0,0,1],[0,0,1,1],[0,1,0,0]]",0,0.0
level2_receiver_side_info,834,"[[0,1,0,0,0,0,0,1],[0,0,1,1],[0,1,0,0]]",1,0.01621124580150446
level2_receiver_side_info,834,"[[0,1,0,0,0,0,0,1],[0,0,1,1],[0,1,0,0]]",2,0.028533198169706286
level2_receiver_side_info,834,"[[0,1,0,0,0,0,0,1],[0,0,1,1],[0,1,0,0]]",4,0.0456971587074495
level2_receiver_side_info,834,"[[0,1,0,0,0,0,0,1],[0,0,1,1],[0,1,0,0]]",8,0.0647237743260059
level2_receiver_side_info,834,"[[0,1,0,0,0,0,0,1],[0,0,1,1],[0,1,0,0]]",16,0.08128352549864842
level2_receiver_side_info,834,"[[0,1,0,0,0,0,0,1],[0,0,1,1],[0,1,0,0]]",32,0.09305028484361938
level2_receiver_side_info,835,"[[0,1,0,0,0,0,0,1],[0,0,1,1],[0,1,1,0]]",0,0.0
level2_receiver_side_info,835,"[[0,1,0,0,0,0,0,1],[0,0,1,1],[0,1,1,0]]",1,0.05860388034055081
level2_receiver_side_info,835,"[[0,1,0,0,0,0,0,1],[0,0,1,1],[0,1,1,0]]",2,0.10360963497554826
level2_receiver_side_info,835,"[[0,1,0,0,0,0,0,1],[0,0,1,1],[0,1,1,0]]",4,0.16586347534839643
level2_receiver_side_info,835,"[[0,1,0,0,0,0,0,1],[0,0,1,1],[0,1,1,0]]",8,0.23177388954021425
level2_receiver_side_info,835,"[[0,1,0,0,0,0,0,1],[0,0,1,1],[0,1,1,0]]",16,0.2829520729874759
level2_receiver_side_info,835,"[[0,1,0,0,0,0,0,1],[0,0,1,1],[0,1,1,0]]",32,0.3139496737296405
level2_receiver_side_info,836,"[[0,1,0,0,0,0,0,1],[0,0,1,1],[0,1,1,1]]",0,0.0
level2_receiver_side_info,836,"[[0,1,0,0,0,0,0,1],[0,0,1,1],[0,1,1,1]]",1,0.01621124580150446
level2_receiver_side_info,836,"[[0,1,0,0,0,0,0,1],[0,0,1,1],[0,1,1,1]]",2,0.028533198169706286
level2_receiver_side_info,836,"[[0,1,0,0,0,0,0,1],[0,0,1,1],[0,1,1,1]]",4,0.04569715870744956
level2_receiver_side_info,836,"[[0,1,0,0,0,0,0,1],[0,0,1,1],[0,1,1,1]]",8,0.0647237743260059
level2_receiver_side_info,836,"[[0,1,0,0,0,0,0,1],[0,0,1,1],[0,1,1,1]]",16,0.08128352549864842
level2_receiver_side_info,836,"[[0,1,0,0,0,0,0,1],[0,0,1,1],[0,1,1,1]]",32,0.09305028484361938
level2_receiver_side_info,837,"[[0,1,0,0,0,0,0,1],[0,1,0,1],[0,0,0,1]]",0,0.0
level2_receiver_side_info,837,"[[0,1,0,0,0,0,0,1],[0,1,0,1],[0,0,0,1]]",1,0.01621124580150446
level2_receiver_side_info,837,"[[0,1,0,0,0,0,0,1],[0,1,0,1],[0,0,0,1]]",2,0.028533198169706342
level2_receiver_side_info,837,"[[0,1,0,0,0,0,0,1],[0,1,0,1],[0,0,0,1]]",4,0.0456971587074495
level2_receiver_side_info,837,"[[0,1,0,0,0,0,0,1],[0,1,0,1],[0,0,0,1]]",8,0.0647237743260059
level2_receiver_side_info,837,"[[0,1,0,0,0,0,0,1],[0,1,0,1],[0,0,0,1]]",16,0.08128352549864837
level2_receiver_side_info,837,"[[0,1,0,0,0,0,0,1],[0,1,0,1],[0,0,0,1]]",32,0.09305028484361938
level2_receiver_side_info,838,"[[0,1,0,0,0,0,0,1],[0,1,0,1],[0,0,1,0]]",0,0.0
level2_receiver_side_info,838,"[[0,1,0,0,0,0,0,1],[0,1,0,1],[0,0,1,0]]",1,0.01621124580150446
level2_receiver_side_info,838,"[[0,1,0,0,0,0,0,1],[0,1,0,1],[0,0,1,0]]",2,0.028533198169706342
level2_receiver_side_info,838,"[[0,1,0,0,0,0,0,1],[0,1,0,1],[0,0,1,0]]",4,0.045697158707449614
level2_receiver_side_info,838,"[[0,1,0,0,0,0,0,1],[0,1,0,1],[0,0,1,0]]",8,0.0647237743260059
level2_receiver_side_info,838,"[[0,1,0,0,0,0,0,1],[0,1,0,1],[0,0,1,0]]",16,0.08128352549864842
level2_receiver_side_info,838,"[[0,1,0,0,0,0,0,1],[0,1,0,1],[0,0,1,0]]",32,0.09305028484361932
level2_receiver_side_info,839,"[[0,1,0,0,0,0,0,1],[0,1,0,1],[0,1,0,0]]",0,0.0
level2_receiver_side_info,839,"[[0,1,0,0,0,0,0,1],[0,1,0,1],[0,1,0,0]]",1,0.01621124580150446
level2_receiver_side_info,839,"[[0,1,0,0,0,0,0,1],[0,1,0,1],[0,1,0,0]]",2,0.028533198169706286
level2_receiver_side_info,839,"[[0,1,0,0,0,0,0,1],[0,1,0,1],[0,1,0,0]]",4,0.0456971587074495
level2_receiver_side_info,839,"[[0,1,0,0,0,0,0,1],[0,1,0,1],[0,1,0,0]]",8,0.0647237743260059
level2_receiver_side_info,839,"[[0,1,0,0,0,0,0,1],[0,1,0,1],[0,1,0,0]]",16,0.08128352549864842
level2_receiver_side_info,839,"[[0,1,0,0,0,0,0,1],[0,1,0,1],[0,1,0,0]]",32,0.09305028484361938
level2_receiver_side_info,840,"[[0,1,0,0,0,0,0,1],[0,1,0,1],[0,1,1,0]]",0,0.0
level2_receiver_side_info,840,"[[0,1,0,0,0,0,0,1],[0,1,0,1],[0,1,1,0]]",1,0.05860388034055081
level2_receiver_side_info,840,"[[0,1,0,0,0,0,0,1],[0,1,0,1],[0,1,1,0]]",2,0.10360963497554826
level2_receiver_side_info,840,"[[0,1,0,0,0,0,0,1],[0,1,0,1],[0,1,1,0]]",4,0.16586347534839643
level2_receiver_side_info,840,"[[0,1,0,0,0,0,0,1],[0,1,0,1],[0,1,1,0]]",8,0.23177388954021425
level2_receiver_side_info,840,"[[0,1,0,0,0,0,0,1],[0,1,0,1],[0,1,1,0]]",16,0.2829520729874759
level2_receiver_side_info,840,"[[0,1,0,0,0,0,0,1],[0,1,0,1],[0,1,1,0]]",32,0.3139496737296405
level2_receiver_side_info,841,"[[0,1,0,0,0,0,0,1],[0,1,0,1],[0,1,1,1]]",0,0.0
level2_receiver_side_info,841,"[[0,1,0,0,0,0,0,1],[0,1,0,1],[0,1,1,1]]",1,0.01621124580150446
level2_receiver_side_info,841,"[[0,1,0,0,0,0,0,1],[0,1,0,1],[0,1,1,1]]",2,0.028533198169706286
level2_receiver_side_info,841,"[[0,1,0,0,0,0,0,1],[0,1,0,1],[0,1,1,1]]",4,0.04569715870744956
level2_receiver_side_info,841,"[[0,1,0,0,0,0,0,1],[0,1,0,1],[0,1,1,1]]",8,0.0647237743260059
level2_receiver_side_info,841,"[[0,1,0,0,0,0,0,1],[0,1,0,1],[0,1,1,1]]",16,0.08128352549864842
level2_receiver_side_info,841,"[[0,1,0,0,0,0,0,1],[0,1,0,1],[0,1,1,1]]",32,0.09305028484361938
level2_receiver_side_info,842,"[[0,1,0,0,0,0,0,1],[0,1,0,1],[1,1,1,0]]",0,0.0
level2_receiver_side_info,842,"[[0,1,0,0,0,0,0,1],[0,1,0,1],[1,1,1,0]]",1,0.01621124580150446
level2_receiver_side_info,842,"[[0,1,0,0,0,0,0,1],[0,1,0,1],[1,1,1,0]]",2,0.028533198169706342
level2_receiver_side_info,842,"[[0,1,0,0,0,0,0,1],[0,1,0,1],[1,1,1,0]]",4,0.0456971587074495
level2_receiver_side_info,842,"[[0,1,0,0,0,0,0,1],[0,1,0,1],[1,1,1,0]]",8,0.0647237743260059
level2_receiver_side_info,842,"[[0,1,0,0,0,0,0,1],[0,1,0,1],[1,1,1,0]]",16,0.08128352549864837
level2_receiver_side_info,842,"[[0,1,0,0,0,0,0,1],[0,1,0,1],[1,1,1,0]]",32,0.09305028484361938
level2_receiver_side_info,843,"[[0,1,0,0,0,0,0,1],[0,1,0,1],[1,1,0,1]]",0,0.0
level2_receiver_side_info,843,"[[0,1,0,0,0,0,0,1],[0,1,0,1],[1,1,0,1]]",1,0.01621124580150446
level2_receiver_side_info,843,"[[0,1,0,0,0,0,0,1],[0,1,0,1],[1,1,0,1]]",2,0.028533198169706342
level2_receiver_side_info,843,"[[0,1,0,0,0,0,0,1],[0,1,0,1],[1,1,0,1]]",4,0.045697158707449614
level2_receiver_side_info,843,"[[0,1,0,0,0,0,0,1],[0,1,0,1],[1,1,0,1]]",8,0.0647237743260059
level2_receiver_side_info,843,"[[0,1,0,0,0,0,0,1],[0,1,0,1],[1,1,0,1]]",16,0.08128352549864842
level2_receiver_side_info,843,"[[0,1,0,0,0,0,0,1],[0,1,0,1],[1,1,0,1]]",32,0.09305028484361932
level2_receiver_side_info,844,"[[0,1,0,0,0,0,0,1],[0,1,0,1],[1,0,1,1]]",0,0.0
level2_receiver_side_info,844,"[[0,1,0,0,0,0,0,1],[0,1,0,1],[1,0,1,1]]",1,0.01621124580150446
level2_receiver_side_info,844,"[[0,1,0,0,0,0,0,1],[0,1,0,1],[1,0,1,1]]",2,0.028533198169706286
level2_receiver_side_info,844,"[[0,1,0,0,0,0,0,1],[0,1,0,1],[1,0,1,1]]",4,0.0456971587074495
level2_receiver_side_info,844,"[[0,1,0,0,0,0,0,1],[0,1,0,1],[1,0,1,1]]",8,0.0647237743260059
level2_receiver_side_info,844,"[[0,1,0,0,0,0,0,1],[0,1,0,1],[1,0,1,1]]",16,0.08128352549864842
level2_receiver_side_info,844,"[[0,1,0,0,0,0,0,1],[0,1,0,1],[1,0,1,1]]",32,0.09305028484361938
level2_receiver_side_info,845,"[[0,1,0,0,0,0,0,1],[0,1,0,1],[1,0,0,1]]",0,0.0
level2_receiver_side_info,845,"[[0,1,0,0,0,0,0,1],[0,1,0,1],[1,0,0,1]]",1,0.05860388034055081
level2_receiver_side_info,845,"[[0,1,0,0,0,0,0,1],[0,1,0,1],[1,0,0,1]]",2,0.10360963497554826
level2_receiver_side_info,845,"[[0,1,0,0,0,0,0,1],[0,1,0,1],[1,0,0,1]]",4,0.16586347534839643
level2_receiver_side_info,845,"[[0,1,0,0,0,0,0,1],[0,1,0,1],[1,0,0,1]]",8,0.23177388954021425
level2_receiver_side_info,845,"[[0,1,0,0,0,0,0,1],[0,1,0,1],[1,0,0,1]]",16,0.2829520729874759
level2_receiver_side_info,845,"[[0,1,0,0,0,0,0,1],[0,1,0,1],[1,0,0,1]]",32,0.3139496737296405
level2_receiver_side_info,846,"[[0,1,0,0,0,0,0,1],[0,1,0,1],[1,0,0,0]]",0,0.0
level2_receiver_side_info,846,"[[0,1,0,0,0,0,0,1],[0,1,0,1],[1,0,0,0]]",1,0.01621124580150446
level2_receiver_side_info,846,"[[0,1,0,0,0,0,0,1],[0,1,0,1],[1,0,0,0]]",2,0.028533198169706286
level2_receiver_side_info,846,"[[0,1,0,0,0,0,0,1],[0,1,0,1],[1,0,0,0]]",4,0.04569715870744956
level2_receiver_side_info,846,"[[0,1,0,0,0,0,0,1],[0,1,0,1],[1,0,0,0]]",8,0.0647237743260059
level2_receiver_side_info,846,"[[0,1,0,0,0,0,0,1],[0,1,0,1],[1,0,0,0]]",16,0.08128352549864842
level2_receiver_side_info,846,"[[0,1,0,0,0,0,0,1],[0,1,0,1],[1,0,0,0]]",32,0.09305028484361938
level2_receiver_side_info,847,"[[0,1,0,0,0,0,0,1],[0,0,1,1],[1,1,1,0]]",0,0.0
level2_receiver_side_info,847,"[[0,1,0,0,0,0,0,1],[0,0,1,1],[1,1,1,0]]",1,0.01621124580150446
level2_receiver_side_info,847,"[[0,1,0,0,0,0,0,1],[0,0,1,1],[1,1,1,0]]",2,0.028533198169706342
level2_receiver_side_info,847,"[[0,1,0,0,0,0,0,1],[0,0,1,1],[1,1,1,0]]",4,0.0456971587074495
level2_receiver_side_info,847,"[[0,1,0,0,0,0,0,1],[0,0,1,1],[1,1,1,0]]",8,0.0647237743260059
level2_receiver_side_info,847,"[[0,1,0,0,0,0,0,1],[0,0,1,1],[1,1,1,0]]",16,0.08128352549864837
level2_receiver_side_info,847,"[[0,1,0,0,0,0,0,1],[0,0,1,1],[1,1,1,0]]",32,0.09305028484361938
level2_receiver_side_info,848,"[[0,1,0,0,0,0,0,1],[0,0,1,1],[1,1,0,1]]",0,0.0
level2_receiver_side_info,848,"[[0,1,0,0,0,0,0,1],[0,0,1,1],[1,1,0,1]]",1,0.01621124580150446
level2_receiver_side_info,848,"[[0,1,0,0,0,0,0,1],[0,0,1,1],[1,1,0,1]]",2,0.028533198169706342
level2_receiver_side_info,848,"[[0,1,0,0,0,0,0,1],[0,0,1,1],[1,1,0,1]]",4,0.045697158707449614
level2_receiver_side_info,848,"[[0,1,0,0,0,0,0,1],[0,0,1,1],[1,1,0,1]]",8,0.0647237743260059
level2_receiver_side_info,848,"[[0,1,0,0,0,0,0,1],[0,0,1,1],[1,1,0,1]]",16,0.08128352549864842
level2_receiver_side_info,848,"[[0,1,0,0,0,0,0,1],[0,0,1,1],[1,1,0,1]]",32,0.09305028484361932
level2_receiver_side_info,849,"[[0,1,0,0,0,0,0,1],[0,0,1,1],[1,0,1,1]]",0,0.0
level2_receiver_side_info,849,"[[0,1,0,0,0,0,0,1],[0,0,1,1],[1,0,1,1]]",1,0.01621124580150446
level2_receiver_side_info,849,"[[0,1,0,0,0,0,0,1],[0,0,1,1],[1,0,1,1]]",2,0.028533198169706286
level2_receiver_side_info,849,"[[0,1,0,0,0,0,0,1],[0,0,1,1],[1,0,1,1]]",4,0.0456971587074495
level2_receiver_side_info,849,"[[0,1,0,0,0,0,0,1],[0,0,1,1],[1,0,1,1]]",8,0.0647237743260059
level2_receiver_side_info,849,"[[0,1,0,0,0,0,0,1],[0,0,1,1],[1,0,1,1]]",16,0.08128352549864842
level2_receiver_side_info,849,"[[0,1,0,0,0,0,0,1],[0,0,1,1],[1,0,1,1]]",32,0.09305028484361938
level2_receiver_side_info,850,"[[0,1,0,0,0,0,0,1],[0,0,1,1],[1,0,0,1]]",0,0.0
level2_receiver_side_info,850,"[[0,1,0,0,0,0,0,1],[0,0,1,1],[1,0,0,1]]",1,0.05860388034055081
level2_receiver_side_info,850,"[[0,1,0,0,0,0,0,1],[0,0,1,1],[1,0,0,1]]",2,0.10360963497554826
level2_receiver_side_info,850,"[[0,1,0,0,0,0,0,1],[0,0,1,1],[1,0,0,1]]",4,0.16586347534839643
level2_receiver_side_info,850,"[[0,1,0,0,0,0,0,1],[0,0,1,1],[1,0,0,1]]",8,0.23177388954021425
level2_receiver_side_info,850,"[[0,1,0,0,0,0,0,1],[0,0,1,1],[1,0,0,1]]",16,0.2829520729874759
level2_receiver_side_info,850,"[[0,1,0,0,0,0,0,1],[0,0,1,1],[1,0,0,1]]",32,0.3139496737296405
level2_receiver_side_info,851,"[[0,1,0,0,0,0,0,1],[0,0,1,1],[1,0,0,0]]",0,0.0
level2_receiver_side_info,851,"[[0,1,0,0,0,0,0,1],[0,0,1,1],[1,0,0,0]]",1,0.01621124580150446
level2_receiver_side_info,851,"[[0,1,0,0,0,0,0,1],[0,0,1,1],[1,0,0,0]]",2,0.028533198169706286
level2_receiver_side_info,851,"[[0,1,0,0,0,0,0,1],[0,0,1,1],[1,0,0,0]]",4,0.04569715870744956
level2_receiver_side_info,851,"[[0,1,0,0,0,0,0,1],[0,0,1,1],[1,0,0,0]]",8,0.0647237743260059
level2_receiver_side_info,851,"[[0,1,0,0,0,0,0,1],[0,0,1,1],[1,0,0,0]]",16,0.08128352549864842
level2_receiver_side_info,851,"[[0,1,0,0,0,0,0,1],[0,0,1,1],[1,0,0,0]]",32,0.09305028484361938
level2_receiver_side_info,852,"[[0,1,0,0,0,0,0,0],[0,0,0,1],[0,1,1,1]]",0,0.007042719241674045
level2_receiver_side_info,852,"[[0,1,0,0,0,0,0,0],[0,0,0,1],[0,1,1,1]]",1,0.043652143186217685
level2_receiver_side_info,852,"[[0,1,0,0,0,0,0,0],[0,0,0,1],[0,1,1,1]]",2,0.07195128098324621
level2_receiver_side_info,852,"[[0,1,0,0,0,0,0,0],[0,0,0,1],[0,1,1,1]]",4,0.11242296217865763
level2_receiver_side_info,852,"[[0,1,0,0,0,0,0,0],[0,0,0,1],[0,1,1,1]]",8,0.15854956604460907
level2_receiver_side_info,852,"[[0,1,0,0,0,0,0,0],[0,0,0,1],[0,1,1,1]]",16,0.19702626025256342
level2_receiver_side_info,852,"[[0,1,0,0,0,0,0,0],[0,0,0,1],[0,1,1,1]]",32,0.21969614553731964
level2_receiver_side_info,853,"[[0,1,0,0,0,0,0,0],[0,0,1,0],[0,1,1,1]]",0,0.007042719241674045
level2_receiver_side_info,853,"[[0,1,0,0,0,0,0,0],[0,0,1,0],[0,1,1,1]]",1,0.043652143186217685
level2_receiver_side_info,853,"[[0,1,0,0,0,0,0,0],[0,0,1,0],[0,1,1,1]]",2,0.07195128098324621
level2_receiver_side_info,853,"[[0,1,0,0,0,0,0,0],[0,0,1,0],[0,1,1,1]]",4,0.11242296217865763
level2_receiver_side_info,853,"[[0,1,0,0,0,0,0,0],[0,0,1,0],[0,1,1,1]]",8,0.15854956604460907
level2_receiver_side_info,853,"[[0,1,0,0,0,0,0,0],[0,0,1,0],[0,1,1,1]]",16,0.19702626025256348
level2_receiver_side_info,853,"[[0,1,0,0,0,0,0,0],[0,0,1,0],[0,1,1,1]]",32,0.21969614553731964
level2_receiver_side_info,854,"[[0,1,0,0,0,0,0,0],[0,1,0,0],[0,1,1,1]]",0,0.007042719241673989
level2_receiver_side_info,854,"[[0,1,0,0,0,0,0,0],[0,1,0,0],[0,1,1,1]]",1,0.043652143186217685
level2_receiver_side_info,854,"[[0,1,0,0,0,0,0,0],[0,1,0,0],[0,1,1,1]]",2,0.07195128098324621
level2_receiver_side_info,854,"[[0,1,0,0,0,0,0,0],[0,1,0,0],[0,1,1,1]]",4,0.11242296217865758
level2_receiver_side_info,854,"[[0,1,0,0,0,0,0,0],[0,1,0,0],[0,1,1,1]]",8,0.15854956604460907
level2_receiver_side_info,854,"[[0,1,0,0,0,0,0,0],[0,1,0,0],[0,1,1,1]]",16,0.19702626025256348
level2_receiver_side_info,854,"[[0,1,0,0,0,0,0,0],[0,1,0,0],[0,1,1,1]]",32,0.21969614553731964
level2_receiver_side_info,855,"[[0,1,0,0,0,0,0,0],[0,1,0,0],[0,1,1,1]]",0,0.007042719241673989
level2_receiver_side_info,855,"[[0,1,0,0,0,0,0,0],[0,1,0,0],[0,1,1,1]]",1,0.043652143186217685
level2_receiver_side_info,855,"[[0,1,0,0,0,0,0,0],[0,1,0,0],[0,1,1,1]]",2,0.07195128098324621
level2_receiver_side_info,855,"[[0,1,0,0,0,0,0,0],[0,1,0,0],[0,1,1,1]]",4,0.11242296217865758
level2_receiver_side_info,855,"[[0,1,0,0,0,0,0,0],[0,1,0,0],[0,1,1,1]]",8,0.15854956604460907
level2_receiver_side_info,855,"[[0,1,0,0,0,0,0,0],[0,1,0,0],[0,1,1,1]]",16,0.19702626025256348
level2_receiver_side_info,855,"[[0,1,0,0,0,0,0,0],[0,1,0,0],[0,1,1,1]]",32,0.21969614553731964
level2_receiver_side_info,856,"[[0,1,0,0,0,0,0,0],[0,0,1,0],[0,1,1,1]]",0,0.007042719241674045
level2_receiver_side_info,856,"[[0,1,0,0,0,0,0,0],[0,0,1,0],[0,1,1,1]]",1,0.043652143186217685
level2_receiver_side_info,856,"[[0,1,0,0,0,0,0,0],[0,0,1,0],[0,1,1,1]]",2,0.07195128098324621
level2_receiver_side_info,856,"[[0,1,0,0,0,0,0,0],[0,0,1,0],[0,1,1,1]]",4,0.11242296217865763
level2_receiver_side_info,856,"[[0,1,0,0,0,0,0,0],[0,0,1,0],[0,1,1,1]]",8,0.15854956604460907
level2_receiver_side_info,856,"[[0,1,0,0,0,0,0,0],[0,0,1,0],[0,1,1,1]]",16,0.19702626025256348
level2_receiver_side_info,856,"[[0,1,0,0,0,0,0,0],[0,0,1,0],[0,1,1,1]]",32,0.21969614553731964
level2_receiver_side_info,857,"[[0,1,0,0,0,0,0,0],[0,0,0,1],[0,1,1,1]]",0,0.007042719241674045
level2_receiver_side_info,857,"[[0,1,0,0,0,0,0,0],[0,0,0,1],[0,1,1,1]]",1,0.043652143186217685
level2_receiver_side_info,857,"[[0,1,0,0,0,0,0,0],[0,0,0,1],[0,1,1,1]]",2,0.07195128098324621
level2_receiver_side_info,857,"[[0,1,0,0,0,0,0,0],[0,0,0,1],[0,1,1,1]]",4,0.11242296217865763
level2_receiver_side_info,857,"[[0,1,0,0,0,0,0,0],[0,0,0,1],[0,1,1,1]]",8,0.15854956604460907
level2_receiver_side_info,857,"[[0,1,0,0,0,0,0,0],[0,0,0,1],[0,1,1,1]]",16,0.19702626025256342
level2_receiver_side_info,857,"[[0,1,0,0,0,0,0,0],[0,0,0,1],[0,1,1,1]]",32,0.21969614553731964
level2_receiver_side_info,858,"[[0,0,1,1,1,1,1,1],[0,0,0,1],[0,1,1,1]]",0,0.09116077839697717
level2_receiver_side_info,858,"[[0,0,1,1,1,1,1,1],[0,0,0,1],[0,1,1,1]]",1,0.14290658343056545
level2_receiver_side_info,858,"[[0,0,1,1,1,1,1,1],[0,0,0,1],[0,1,1,1]]",2,0.1844981032973394
level2_receiver_side_info,858,"[[0,0,1,1,1,1,1,1],[0,0,0,1],[0,1,1,1]]",4,0.246861694803569
level2_receiver_side_info,858,"[[0,0,1,1,1,1,1,1],[0,0,0,1],[0,1,1,1]]",8,0.3229802905687297
level2_receiver_side_info,858,"[[0,0,1,1,1,1,1,1],[0,0,0,1],[0,1,1,1]]",16,0.3919622519388556
level2_receiver_side_info,858,"[[0,0,1,1,1,1,1,1],[0,0,0,1],[0,1,1,1]]",32,0.43644344248314637
level2_receiver_side_info,859,"[[0,0,1,1,1,1,1,1],[0,0,1,0],[0,1,1,1]]",0,0.09116077839697717
level2_receiver_side_info,859,"[[0,0,1,1,1,1,1,1],[0,0,1,0],[0,1,1,1]]",1,0.14290658343056545
level2_receiver_side_info,859,"[[0,0,1,1,1,1,1,1],[0,0,1,0],[0,1,1,1]]",2,0.1844981032973394
level2_receiver_side_info,859,"[[0,0,1,1,1,1,1,1],[0,0,1,0],[0,1,1,1]]",4,0.2468616948035689
level2_receiver_side_info,859,"[[0,0,1,1,1,1,1,1],[0,0,1,0],[0,1,1,1]]",8,0.32298029056872957
level2_receiver_side_info,859,"[[0,0,1,1,1,1,1,1],[0,0,1,0],[0,1,1,1]]",16,0.3919622519388556
level2_receiver_side_info,859,"[[0,0,1,1,1,1,1,1],[0,0,1,0],[0,1,1,1]]",32,0.43644344248314637
level2_receiver_side_info,860,"[[0,0,1,1,1,1,1,1],[0,0,1,1],[0,1,1,1]]",0,0.12770640594149762
level2_receiver_side_info,860,"[[0,0,1,1,1,1,1,1],[0,0,1,1],[0,1,1,1]]",1,0.15096929892483563
level2_receiver_side_info,860,"[[0,0,1,1,1,1,1,1],[0,0,1,1],[0,1,1,1]]",2,0.17050487482649546
level2_receiver_side_info,860,"[[0,0,1,1,1,1,1,1],[0,0,1,1],[0,1,1,1]]",4,0.20126976453018752
level2_receiver_side_info,860,"[[0,0,1,1,1,1,1,1],[0,0,1,1],[0,1,1,1]]",8,0.24160378117120543
level2_receiver_side_info,860,"[[0,0,1,1,1,1,1,1],[0,0,1,1],[0,1,1,1]]",16,0.2821277426655734
level2_receiver_side_info,860,"[[0,0,1,1,1,1,1,1],[0,0,1,1],[0,1,1,1]]",32,0.3121232354594785
level2_receiver_side_info,861,"[[0,0,1,1,1,1,1,1],[0,1,0,0],[0,1,1,1]]",0,0.09116077839697717
level2_receiver_side_info,861,"[[0,0,1,1,1,1,1,1],[0,1,0,0],[0,1,1,1]]",1,0.14290658343056545
level2_receiver_side_info,861,"[[0,0,1,1,1,1,1,1],[0,1,0,0],[0,1,1,1]]",2,0.1844981032973394
level2_receiver_side_info,861,"[[0,0,1,1,1,1,1,1],[0,1,0,0],[0,1,1,1]]",4,0.2468616948035689
level2_receiver_side_info,861,"[[0,0,1,1,1,1,1,1],[0,1,0,0],[0,1,1,1]]",8,0.32298029056872957
level2_receiver_side_info,861,"[[0,0,1,1,1,1,1,1],[0,1,0,0],[0,1,1,1]]",16,0.3919622519388556
level2_receiver_side_info,861,"[[0,0,1,1,1,1,1,1],[0,1,0,0],[0,1,1,1]]",32,0.43644344248314637
level2_receiver_side_info,862,"[[0,0,1,1,1,1,1,1],[0,1,0,1],[0,1,1,1]]",0,0.12770640594149768
level2_receiver_side_info,862,"[[0,0,1,1,1,1,1,1],[0,1,0,1],[0,1,1,1]]",1,0.15096929892483563
level2_receiver_side_info,862,"[[0,0,1,1,1,1,1,1],[0,1,0,1],[0,1,1,1]]",2,0.17050487482649546
level2_receiver_side_info,862,"[[0,0,1,1,1,1,1,1],[0,1,0,1],[0,1,1,1]]",4,0.20126976453018758
level2_receiver_side_info,862,"[[0,0,1,1,1,1,1,1],[0,1,0,1],[0,1,1,1]]",8,0.24160378117120537
level2_receiver_side_info,862,"[[0,0,1,1,1,1,1,1],[0,1,0,1],[0,1,1,1]]",16,0.2821277426655734
level2_receiver_side_info,862,"[[0,0,1,1,1,1,1,1],[0,1,0,1],[0,1,1,1]]",32,0.3121232354594785
level2_receiver_side_info,863,"[[0,0,1,1,1,1,1,1],[0,1,1,0],[0,1,1,1]]",0,0.12770640594149774
level2_receiver_side_info,863,"[[0,0,1,1,1,1,1,1],[0,1,1,0],[0,1,1,1]]",1,0.15096929892483563
level2_receiver_side_info,863,"[[0,0,1,1,1,1,1,1],[0,1,1,0],[0,1,1,1]]",2,0.17050487482649546
level2_receiver_side_info,863,"[[0,0,1,1,1,1,1,1],[0,1,1,0],[0,1,1,1]]",4,0.20126976453018763
level2_receiver_side_info,863,"[[0,0,1,1,1,1,1,1],[0,1,1,0],[0,1,1,1]]",8,0.24160378117120532
level2_receiver_side_info,863,"[[0,0,1,1,1,1,1,1],[0,1,1,0],[0,1,1,1]]",16,0.2821277426655734
level2_receiver_side_info,863,"[[0,0,1,1,1,1,1,1],[0,1,1,0],[0,1,1,1]]",32,0.3121232354594785
level2_receiver_side_info,864,"[[0,0,1,1,1,1,1,1],[0,1,1,0],[0,1,1,1]]",0,0.12770640594149774
level2_receiver_side_info,864,"[[0,0,1,1,1,1,1,1],[0,1,1,0],[0,1,1,1]]",1,0.15096929892483563
level2_receiver_side_info,864,"[[0,0,1,1,1,1,1,1],[0,1,1,0],[0,1,1,1]]",2,0.17050487482649546
level2_receiver_side_info,864,"[[0,0,1,1,1,1,1,1],[0,1,1,0],[0,1,1,1]]",4,0.20126976453018763
level2_receiver_side_info,864,"[[0,0,1,1,1,1,1,1],[0,1,1,0],[0,1,1,1]]",8,0.24160378117120532
level2_receiver_side_info,864,"[[0,0,1,1,1,1,1,1],[0,1,1,0],[0,1,1,1]]",16,0.2821277426655734
level2_receiver_side_info,864,"[[0,0,1,1,1,1,1,1],[0,1,1,0],[0,1,1,1]]",32,0.3121232354594785
level2_receiver_side_info,865,"[[0,0,1,1,1,1,1,1],[0,1,0,1],[0,1,1,1]]",0,0.12770640594149768
level2_receiver_side_info,865,"[[0,0,1,1,1,1,1,1],[0,1,0,1],[0,1,1,1]]",1,0.15096929892483563
level2_receiver_side_info,865,"[[0,0,1,1,1,1,1,1],[0,1,0,1],[0,1,1,1]]",2,0.17050487482649546
level2_receiver_side_info,865,"[[0,0,1,1,1,1,1,1],[0,1,0,1],[0,1,1,1]]",4,0.20126976453018758
level2_receiver_side_info,865,"[[0,0,1,1,1,1,1,1],[0,1,0,1],[0,1,1,1]]",8,0.24160378117120537
level2_receiver_side_info,865,"[[0,0,1,1,1,1,1,1],[0,1,0,1],[0,1,1,1]]",16,0.2821277426655734
level2_receiver_side_info,865,"[[0,0,1,1,1,1,1,1],[0,1,0,1],[0,1,1,1]]",32,0.3121232354594785
level2_receiver_side_info,866,"[[0,0,1,1,1,1,1,1],[0,1,0,0],[0,1,1,1]]",0,0.09116077839697717
level2_receiver_side_info,866,"[[0,0,1,1,1,1,1,1],[0,1,0,0],[0,1,1,1]]",1,0.14290658343056545
level2_receiver_side_info,866,"[[0,0,1,1,1,1,1,1],[0,1,0,0],[0,1,1,1]]",2,0.1844981032973394
level2_receiver_side_info,866,"[[0,0,1,1,1,1,1,1],[0,1,0,0],[0,1,1,1]]",4,0.2468616948035689
level2_receiver_side_info,866,"[[0,0,1,1,1,1,1,1],[0,1,0,0],[0,1,1,1]]",8,0.32298029056872957
level2_receiver_side_info,866,"[[0,0,1,1,1,1,1,1],[0,1,0,0],[0,1,1,1]]",16,0.3919622519388556
level2_receiver_side_info,866,"[[0,0,1,1,1,1,1,1],[0,1,0,0],[0,1,1,1]]",32,0.43644344248314637
level2_receiver_side_info,867,"[[0,0,1,1,1,1,1,1],[0,0,1,1],[0,1,1,1]]",0,0.12770640594149762
level2_receiver_side_info,867,"[[0,0,1,1,1,1,1,1],[0,0,1,1],[0,1,1,1]]",1,0.15096929892483563
level2_receiver_side_info,867,"[[0,0,1,1,1,1,1,1],[0,0,1,1],[0,1,1,1]]",2,0.17050487482649546
level2_receiver_side_info,867,"[[0,0,1,1,1,1,1,1],[0,0,1,1],[0,1,1,1]]",4,0.20126976453018752
level2_receiver_side_info,867,"[[0,0,1,1,1,1,1,1],[0,0,1,1],[0,1,1,1]]",8,0.24160378117120543
level2_receiver_side_info,867,"[[0,0,1,1,1,1,1,1],[0,0,1,1],[0,1,1,1]]",16,0.2821277426655734
level2_receiver_side_info,867,"[[0,0,1,1,1,1,1,1],[0,0,1,1],[0,1,1,1]]",32,0.3121232354594785
level2_receiver_side_info,868,"[[0,0,1,1,1,1,1,1],[0,0,1,0],[0,1,1,1]]",0,0.09116077839697717
level2_receiver_side_info,868,"[[0,0,1,1,1,1,1,1],[0,0,1,0],[0,1,1,1]]",1,0.14290658343056545
level2_receiver_side_info,868,"[[0,0,1,1,1,1,1,1],[0,0,1,0],[0,1,1,1]]",2,0.1844981032973394
level2_receiver_side_info,868,"[[0,0,1,1,1,1,1,1],[0,0,1,0],[0,1,1,1]]",4,0.2468616948035689
level2_receiver_side_info,868,"[[0,0,1,1,1,1,1,1],[0,0,1,0],[0,1,1,1]]",8,0.32298029056872957
level2_receiver_side_info,868,"[[0,0,1,1,1,1,1,1],[0,0,1,0],[0,1,1,1]]",16,0.3919622519388556
level2_receiver_side_info,868,"[[0,0,1,1,1,1,1,1],[0,0,1,0],[0,1,1,1]]",32,0.43644344248314637
level2_receiver_side_info,869,"[[0,0,1,1,1,1,1,1],[0,0,0,1],[0,1,1,1]]",0,0.09116077839697717
level2_receiver_side_info,869,"[[0,0,1,1,1,1,1,1],[0,0,0,1],[0,1,1,1]]",1,0.14290658343056545
level2_receiver_side_info,869,"[[0,0,1,1,1,1,1,1],[0,0,0,1],[0,1,1,1]]",2,0.1844981032973394
level2_receiver_side_info,869,"[[0,0,1,1,1,1,1,1],[0,0,0,1],[0,1,1,1]]",4,0.246861694803569
level2_receiver_side_info,869,"[[0,0,1,1,1,1,1,1],[0,0,0,1],[0,1,1,1]]",8,0.3229802905687297
level2_receiver_side_info,869,"[[0,0,1,1,1,1,1,1],[0,0,0,1],[0,1,1,1]]",16,0.3919622519388556
level2_receiver_side_info,869,"[[0,0,1,1,1,1,1,1],[0,0,0,1],[0,1,1,1]]",32,0.43644344248314637
level2_receiver_side_info,870,"[[0,0,1,1,1,1,0,0],[0,0,1,1],[0,0,0,1]]",0,0.0
level2_receiver_side_info,870,"[[0,0,1,1,1,1,0,0],[0,0,1,1],[0,0,0,1]]",1,0.029298145242776408
level2_receiver_side_info,870,"[[0,0,1,1,1,1,0,0],[0,0,1,1],[0,0,0,1]]",2,0.05196690317726638
level2_receiver_side_info,870,"[[0,0,1,1,1,1,0,0],[0,0,1,1],[0,0,0,1]]",4,0.08435950345211607
level2_receiver_side_info,870,"[[0,0,1,1,1,1,0,0],[0,0,1,1],[0,0,0,1]]",8,0.12198650516110154
level2_receiver_side_info,870,"[[0,0,1,1,1,1,0,0],[0,0,1,1],[0,0,0,1]]",16,0.1569947083971185
level2_receiver_side_info,870,"[[0,0,1,1,1,1,0,0],[0,0,1,1],[0,0,0,1]]",32,0.1832648102910467
level2_receiver_side_info,871,"[[0,0,1,1,1,1,0,0],[0,0,1,1],[0,0,1,0]]",0,0.0
level2_receiver_side_info,871,"[[0,0,1,1,1,1,0,0],[0,0,1,1],[0,0,1,0]]",1,0.029298145242776408
level2_receiver_side_info,871,"[[0,0,1,1,1,1,0,0],[0,0,1,1],[0,0,1,0]]",2,0.0519669031772666
level2_receiver_side_info,871,"[[0,0,1,1,1,1,0,0],[0,0,1,1],[0,0,1,0]]",4,0.08435950345211607
level2_receiver_side_info,871,"[[0,0,1,1,1,1,0,0],[0,0,1,1],[0,0,1,0]]",8,0.12198650516110165
level2_receiver_side_info,871,"[[0,0,1,1,1,1,0,0],[0,0,1,1],[0,0,1,0]]",16,0.15699470839711838
level2_receiver_side_info,871,"[[0,0,1,1,1,1,0,0],[0,0,1,1],[0,0,1,0]]",32,0.1832648102910467
level2_receiver_side_info,872,"[[0,0,1,1,1,1,0,0],[0,0,1,1],[0,1,0,0]]",0,0.0
level2_receiver_side_info,872,"[[0,0,1,1,1,1,0,0],[0,0,1,1],[0,1,0,0]]",1,0.029298145242776408
level2_receiver_side_info,872,"[[0,0,1,1,1,1,0,0],[0,0,1,1],[0,1,0,0]]",2,0.05196690317726649
level2_receiver_side_info,872,"[[0,0,1,1,1,1,0,0],[0,0,1,1],[0,1,0,0]]",4,0.08435950345211607
level2_receiver_side_info,872,"[[0,0,1,1,1,1,0,0],[0,0,1,1],[0,1,0,0]]",8,0.12198650516110165
level2_receiver_side_info,872,"[[0,0,1,1,1,1,0,0],[0,0,1,1],[0,1,0,0]]",16,0.15699470839711838
level2_receiver_side_info,872,"[[0,0,1,1,1,1,0,0],[0,0,1,1],[0,1,0,0]]",32,0.1832648102910467
level2_receiver_side_info,873,"[[0,0,1,1,1,1,0,0],[0,0,1,1],[0,1,1,0]]",0,0.0
level2_receiver_side_info,873,"[[0,0,1,1,1,1,0,0],[0,0,1,1],[0,1,1,0]]",1,0.11720776068110161
level2_receiver_side_info,873,"[[0,0,1,1,1,1,0,0],[0,0,1,1],[0,1,1,0]]",2,0.2072192699510964
level2_receiver_side_info,873,"[[0,0,1,1,1,1,0,0],[0,0,1,1],[0,1,1,0]]",4,0.3317269506967929
level2_receiver_side_info,873,"[[0,0,1,1,1,1,0,0],[0,0,1,1],[0,1,1,0]]",8,0.46354777908042843
level2_receiver_side_info,873,"[[0,0,1,1,1,1,0,0],[0,0,1,1],[0,1,1,0]]",16,0.5659041459749518
level2_receiver_side_info,873,"[[0,0,1,1,1,1,0,0],[0,0,1,1],[0,1,1,0]]",32,0.627899347459281
level2_receiver_side_info,874,"[[0,0,1,1,1,1,0,0],[0,0,1,1],[0,1,1,1]]",0,0.0
level2_receiver_side_info,874,"[[0,0,1,1,1,1,0,0],[0,0,1,1],[0,1,1,1]]",1,0.029298145242776297
level2_receiver_side_info,874,"[[0,0,1,1,1,1,0,0],[0,0,1,1],[0,1,1,1]]",2,0.05196690317726638
level2_receiver_side_info,874,"[[0,0,1,1,1,1,0,0],[0,0,1,1],[0,1,1,1]]",4,0.08435950345211607
level2_receiver_side_info,874,"[[0,0,1,1,1,1,0,0],[0,0,1,1],[0,1,1,1]]",8,0.12198650516110165
level2_receiver_side_info,874,"[[0,0,1,1,1,1,0,0],[0,0,1,1],[0,1,1,1]]",16,0.1569947083971185
level2_receiver_side_info,874,"[[0,0,1,1,1,1,0,0],[0,0,1,1],[0,1,1,1]]",32,0.18326481029104658
level2_receiver_side_info,875,"[[0,0,1,1,1,1,0,0],[0,1,0,1],[0,0,0,1]]",0,0.0
level2_receiver_side_info,875,"[[0,0,1,1,1,1,0,0],[0,1,0,1],[0,0,0,1]]",1,0.029298145242776408
level2_receiver_side_info,875,"[[0,0,1,1,1,1,0,0],[0,1,0,1],[0,0,0,1]]",2,0.05196690317726638
level2_receiver_side_info,875,"[[0,0,1,1,1,1,0,0],[0,1,0,1],[0,0,0,1]]",4,0.08435950345211607
level2_receiver_side_info,875,"[[0,0,1,1,1,1,0,0],[0,1,0,1],[0,0,0,1]]",8,0.12198650516110154
level2_receiver_side_info,875,"[[0,0,1,1,1,1,0,0],[0,1,0,1],[0,0,0,1]]",16,0.1569947083971185
level2_receiver_side_info,875,"[[0,0,1,1,1,1,0,0],[0,1,0,1],[0,0,0,1]]",32,0.1832648102910467
level2_receiver_side_info,876,"[[0,0,1,1,1,1,0,0],[0,1,0,1],[0,0,1,0]]",0,0.0
level2_receiver_side_info,876,"[[0,0,1,1,1,1,0,0],[0,1,0,1],[0,0,1,0]]",1,0.029298145242776408
level2_receiver_side_info,876,"[[0,0,1,1,1,1,0,0],[0,1,0,1],[0,0,1,0]]",2,0.0519669031772666
level2_receiver_side_info,876,"[[0,0,1,1,1,1,0,0],[0,1,0,1],[0,0,1,0]]",4,0.08435950345211607
level2_receiver_side_info,876,"[[0,0,1,1,1,1,0,0],[0,1,0,1],[0,0,1,0]]",8,0.12198650516110165
level2_receiver_side_info,876,"[[0,0,1,1,1,1,0,0],[0,1,0,1],[0,0,1,0]]",16,0.15699470839711838
level2_receiver_side_info,876,"[[0,0,1,1,1,1,0,0],[0,1,0,1],[0,0,1,0]]",32,0.1832648102910467
level2_receiver_side_info,877,"[[0,0,1,1,1,1,0,0],[0,1,0,1],[0,1,0,0]]",0,0.0
level2_receiver_side_info,877,"[[0,0,1,1,1,1,0,0],[0,1,0,1],[0,1,0,0]]",1,0.029298145242776408
level2_receiver_side_info,877,"[[0,0,1,1,1,1,0,0],[0,1,0,1],[0,1,0,0]]",2,0.05196690317726649
level2_receiver_side_info,877,"[[0,0,1,1,1,1,0,0],[0,1,0,1],[0,1,0,0]]",4,0.08435950345211607
level2_receiver_side_info,877,"[[0,0,1,1,1,1,0,0],[0,1,0,1],[0,1,0,0]]",8,0.12198650516110165
level2_receiver_side_info,877,"[[0,0,1,1,1,1,0,0],[0,1,0,1],[0,1,0,0]]",16,0.15699470839711838
level2_receiver_side_info,877,"[[0,0,1,1,1,1,0,0],[0,1,0,1],[0,1,0,0]]",32,0.1832648102910467
level2_receiver_side_info,878,"[[0,0,1,1,1,1,0,0],[0,1,0,1],[0,1,1,0]]",0,0.0
level2_receiver_side_info,878,"[[0,0,1,1,1,1,0,0],[0,1,0,1],[0,1,1,0]]",1,0.11720776068110161
level2_receiver_side_info,878,"[[0,0,1,1,1,1,0,0],[0,1,0,1],[0,1,1,0]]",2,0.2072192699510964
level2_receiver_side_info,878,"[[0,0,1,1,1,1,0,0],[0,1,0,1],[0,1,1,0]]",4,0.3317269506967929
level2_receiver_side_info,878,"[[0,0,1,1,1,1,0,0],[0,1,0,1],[0,1,1,0]]",8,0.46354777908042843
level2_receiver_side_info,878,"[[0,0,1,1,1,1,0,0],[0,1,0,1],[0,1,1,0]]",16,0.5659041459749518
level2_receiver_side_info,878,"[[0,0,1,1,1,1,0,0],[0,1,0,1],[0,1,1,0]]",32,0.627899347459281
level2_receiver_side_info,879,"[[0,0,1,1,1,1,0,0],[0,1,0,1],[0,1,1,1]]",0,0.0
level2_receiver_side_info,879,"[[0,0,1,1,1,1,0,0],[0,1,0,1],[0,1,1,1]]",1,0.029298145242776297
level2_receiver_side_info,879,"[[0,0,1,1,1,1,0,0],[0,1,0,1],[0,1,1,1]]",2,0.05196690317726638
level2_receiver_side_info,879,"[[0,0,1,1,1,1,0,0],[0,1,0,1],[0,1,1,1]]",4,0.08435950345211607
level2_receiver_side_info,879,"[[0,0,1,1,1,1,0,0],[0,1,0,1],[0,1,1,1]]",8,0.12198650516110165
level2_receiver_side_info,879,"[[0,0,1,1,1,1,0,0],[0,1,0,1],[0,1,1,1]]",16,0.1569947083971185
level2_receiver_side_info,879,"[[0,0,1,1,1,1,0,0],[0,1,0,1],[0,1,1,1]]",32,0.18326481029104658
level2_receiver_side_info,880,"[[0,0,1,1,1,1,0,0],[0,1,0,1],[1,1,1,0]]",0,0.0
level2_receiver_side_info,880,"[[0,0,1,1,1,1,0,0],[0,1,0,1],[1,1,1,0]]",1,0.029298145242776408
level2_receiver_side_info,880,"[[0,0,1,1,1,1,0,0],[0,1,0,1],[1,1,1,0]]",2,0.05196690317726638
level2_receiver_side_info,880,"[[0,0,1,1,1,1,0,0],[0,1,0,1],[1,1,1,0]]",4,0.08435950345211607
level2_receiver_side_info,880,"[[0,0,1,1,1,1,0,0],[0,1,0,1],[1,1,1,0]]",8,0.12198650516110154
level2_receiver_side_info,880,"[[0,0,1,1,1,1,0,0],[0,1,0,1],[1,1,1,0]]",16,0.1569947083971185
level2_receiver_side_info,880,"[[0,0,1,1,1,1,0,0],[0,1,0,1],[1,1,1,0]]",32,0.1832648102910467
level2_receiver_side_info,881,"[[0,0,1,1,1,1,0,0],[0,1,0,1],[1,1,0,1]]",0,0.0
level2_receiver_side_info,881,"[[0,0,1,1,1,1,0,0],[0,1,0,1],[1,1,0,1]]",1,0.029298145242776408
level2_receiver_side_info,881,"[[0,0,1,1,1,1,0,0],[0,1,0,1],[1,1,0,1]]",2,0.0519669031772666
level2_receiver_side_info,881,"[[0,0,1,1,1,1,0,0],[0,1,0,1],[1,1,0,1]]",4,0.08435950345211607
level2_receiver_side_info,881,"[[0,0,1,1,1,1,0,0],[0,1,0,1],[1,1,0,1]]",8,0.12198650516110165
level2_receiver_side_info,881,"[[0,0,1,1,1,1,0,0],[0,1,0,1],[1,1,0,1]]",16,0.15699470839711838
level2_receiver_side_info,881,"[[0,0,1,1,1,1,0,0],[0,1,0,1],[1,1,0,1]]",32,0.1832648102910467
level2_receiver_side_info,882,"[[0,0,1,1,1,1,0,0],[0,1,0,1],[1,0,1,1]]",0,0.0
level2_receiver_side_info,882,"[[0,0,1,1,1,1,0,0],[0,1,0,1],[1,0,1,1]]",1,0.029298145242776408
level2_receiver_side_info,882,"[[0,0,1,1,1,1,0,0],[0,1,0,1],[1,0,1,1]]",2,0.05196690317726649
level2_receiver_side_info,882,"[[0,0,1,1,1,1,0,0],[0,1,0,1],[1,0,1,1]]",4,0.08435950345211607
level2_receiver_side_info,882,"[[0,0,1,1,1,1,0,0],[0,1,0,1],[1,0,1,1]]",8,0.12198650516110165
level2_receiver_side_info,882,"[[0,0,1,1,1,1,0,0],[0,1,0,1],[1,0,1,1]]",16,0.15699470839711838
level2_receiver_side_info,882,"[[0,0,1,1,1,1,0,0],[0,1,0,1],[1,0,1,1]]",32,0.1832648102910467
level2_receiver_side_info,883,"[[0,0,1,1,1,1,0,0],[0,1,0,1],[1,0,0,1]]",0,0.0
level2_receiver_side_info,883,"[[0,0,1,1,1,1,0,0],[0,1,0,1],[1,0,0,1]]",1,0.11720776068110161
level2_receiver_side_info,883,"[[0,0,1,1,1,1,0,0],[0,1,0,1],[1,0,0,1]]",2,0.2072192699510964
level2_receiver_side_info,883,"[[0,0,1,1,1,1,0,0],[0,1,0,1],[1,0,0,1]]",4,0.3317269506967929
level2_receiver_side_info,883,"[[0,0,1,1,1,1,0,0],[0,1,0,1],[1,0,0,1]]",8,0.46354777908042843
level2_receiver_side_info,883,"[[0,0,1,1,1,1,0,0],[0,1,0,1],[1,0,0,1]]",16,0.5659041459749518
level2_receiver_side_info,883,"[[0,0,1,1,1,1,0,0],[0,1,0,1],[1,0,0,1]]",32,0.627899347459281
level2_receiver_side_info,884,"[[0,0,1,1,1,1,0,0],[0,1,0,1],[1,0,0,0]]",0,0.0
level2_receiver_side_info,884,"[[0,0,1,1,1,1,0,0],[0,1,0,1],[1,0,0,0]]",1,0.029298145242776297
level2_receiver_side_info,884,"[[0,0,1,1,1,1,0,0],[0,1,0,1],[1,0,0,0]]",2,0.05196690317726638
level2_receiver_side_info,884,"[[0,0,1,1,1,1,0,0],[0,1,0,1],[1,0,0,0]]",4,0.08435950345211607
level2_receiver_side_info,884,"[[0,0,1,1,1,1,0,0],[0,1,0,1],[1,0,0,0]]",8,0.12198650516110165
level2_receiver_side_info,884,"[[0,0,1,1,1,1,0,0],[0,1,0,1],[1,0,0,0]]",16,0.1569947083971185
level2_receiver_side_info,884,"[[0,0,1,1,1,1,0,0],[0,1,0,1],[1,0,0,0]]",32,0.18326481029104658
level2_receiver_side_info,885,"[[0,0,1,1,1,1,0,0],[0,0,1,1],[1,1,1,0]]",0,0.0
level2_receiver_side_info,885,"[[0,0,1,1,1,1,0,0],[0,0,1,1],[1,1,1,0]]",1,0.029298145242776408
level2_receiver_side_info,885,"[[0,0,1,1,1,1,0,0],[0,0,1,1],[1,1,1,0]]",2,0.05196690317726638
level2_receiver_side_info,885,"[[0,0,1,1,1,1,0,0],[0,0,1,1],[1,1,1,0]]",4,0.08435950345211607
level2_receiver_side_info,885,"[[0,0,1,1,1,1,0,0],[0,0,1,1],[1,1,1,0]]",8,0.12198650516110154
level2_receiver_side_info,885,"[[0,0,1,1,1,1,0,0],[0,0,1,1],[1,1,1,0]]",16,0.1569947083971185
level2_receiver_side_info,885,"[[0,0,1,1,1,1,0,0],[0,0,1,1],[1,1,1,0]]",32,0.1832648102910467
level2_receiver_side_info,886,"[[0,0,1,1,1,1,0,0],[0,0,1,1],[1,1,0,1]]",0,0.0
level2_receiver_side_info,886,"[[0,0,1,1,1,1,0,0],[0,0,1,1],[1,1,0,1]]",1,0.029298145242776408
level2_receiver_side_info,886,"[[0,0,1,1,1,1,0,0],[0,0,1,1],[1,1,0,1]]",2,0.0519669031772666
level2_receiver_side_info,886,"[[0,0,1,1,1,1,0,0],[0,0,1,1],[1,1,0,1]]",4,0.08435950345211607
level2_receiver_side_info,886,"[[0,0,1,1,1,1,0,0],[0,0,1,1],[1,1,0,1]]",8,0.12198650516110165
level2_receiver_side_info,886,"[[0,0,1,1,1,1,0,0],[0,0,1,1],[1,1,0,1]]",16,0.15699470839711838
level2_receiver_side_info,886,"[[0,0,1,1,1,1,0,0],[0,0,1,1],[1,1,0,1]]",32,0.1832648102910467
level2_receiver_side_info,887,"[[0,0,1,1,1,1,0,0],[0,0,1,1],[1,0,1,1]]",0,0.0
level2_receiver_side_info,887,"[[0,0,1,1,1,1,0,0],[0,0,1,1],[1,0,1,1]]",1,0.029298145242776408
level2_receiver_side_info,887,"[[0,0,1,1,1,1,0,0],[0,0,1,1],[1,0,1,1]]",2,0.05196690317726649
level2_receiver_side_info,887,"[[0,0,1,1,1,1,0,0],[0,0,1,1],[1,0,1,1]]",4,0.08435950345211607
level2_receiver_side_info,887,"[[0,0,1,1,1,1,0,0],[0,0,1,1],[1,0,1,1]]",8,0.12198650516110165
level2_receiver_side_info,887,"[[0,0,1,1,1,1,0,0],[0,0,1,1],[1,0,1,1]]",16,0.15699470839711838
level2_receiver_side_info,887,"[[0,0,1,1,1,1,0,0],[0,0,1,1],[1,0,1,1]]",32,0.1832648102910467
level2_receiver_side_info,888,"[[0,0,1,1,1,1,0,0],[0,0,1,1],[1,0,0,1]]",0,0.0
level2_receiver_side_info,888,"[[0,0,1,1,1,1,0,0],[0,0,1,1],[1,0,0,1]]",1,0.11720776068110161
level2_receiver_side_info,888,"[[0,0,1,1,1,1,0,0],[0,0,1,1],[1,0,0,1]]",2,0.2072192699510964
level2_receiver_side_info,888,"[[0,0,1,1,1,1,0,0],[0,0,1,1],[1,0,0,1]]",4,0.3317269506967929
level2_receiver_side_info,888,"[[0,0,1,1,1,1,0,0],[0,0,1,1],[1,0,0,1]]",8,0.46354777908042843
level2_receiver_side_info,888,"[[0,0,1,1,1,1,0,0],[0,0,1,1],[1,0,0,1]]",16,0.5659041459749518
level2_receiver_side_info,888,"[[0,0,1,1,1,1,0,0],[0,0,1,1],[1,0,0,1]]",32,0.627899347459281
level2_receiver_side_info,889,"[[0,0,1,1,1,1,0,0],[0,0,1,1],[1,0,0,0]]",0,0.0
level2_receiver_side_info,889,"[[0,0,1,1,1,1,0,0],[0,0,1,1],[1,0,0,0]]",1,0.029298145242776297
level2_receiver_side_info,889,"[[0,0,1,1,1,1,0,0],[0,0,1,1],[1,0,0,0]]",2,0.05196690317726638
level2_receiver_side_info,889,"[[0,0,1,1,1,1,0,0],[0,0,1,1],[1,0,0,0]]",4,0.08435950345211607
level2_receiver_side_info,889,"[[0,0,1,1,1,1,0,0],[0,0,1,1],[1,0,0,0]]",8,0.12198650516110165
level2_receiver_side_info,889,"[[0,0,1,1,1,1,0,0],[0,0,1,1],[1,0,0,0]]",16,0.1569947083971185
level2_receiver_side_info,889,"[[0,0,1,1,1,1,0,0],[0,0,1,1],[1,0,0,0]]",32,0.18326481029104658
level2_receiver_side_info,890,"[[0,0,1,1,0,0,1,1],[0,0,1,1],[0,0,0,1]]",0,0.0
level2_receiver_side_info,890,"[[0,0,1,1,0,0,1,1],[0,0,1,1],[0,0,0,1]]",1,0.029298145242776408
level2_receiver_side_info,890,"[[0,0,1,1,0,0,1,1],[0,0,1,1],[0,0,0,1]]",2,0.05196690317726649
level2_receiver_side_info,890,"[[0,0,1,1,0,0,1,1],[0,0,1,1],[0,0,0,1]]",4,0.08435950345211596
level2_receiver_side_info,890,"[[0,0,1,1,0,0,1,1],[0,0,1,1],[0,0,0,1]]",8,0.12198650516110154
level2_receiver_side_info,890,"[[0,0,1,1,0,0,1,1],[0,0,1,1],[0,0,0,1]]",16,0.1569947083971185
level2_receiver_side_info,890,"[[0,0,1,1,0,0,1,1],[0,0,1,1],[0,0,0,1]]",32,0.1832648102910467
level2_receiver_side_info,891,"[[0,0,1,1,0,0,1,1],[0,0,1,1],[0,0,1,0]]",0,0.0
level2_receiver_side_info,891,"[[0,0,1,1,0,0,1,1],[0,0,1,1],[0,0,1,0]]",1,0.029298145242776408
level2_receiver_side_info,891,"[[0,0,1,1,0,0,1,1],[0,0,1,1],[0,0,1,0]]",2,0.05196690317726649
level2_receiver_side_info,891,"[[0,0,1,1,0,0,1,1],[0,0,1,1],[0,0,1,0]]",4,0.08435950345211607
level2_receiver_side_info,891,"[[0,0,1,1,0,0,1,1],[0,0,1,1],[0,0,1,0]]",8,0.12198650516110165
level2_receiver_side_info,891,"[[0,0,1,1,0,0,1,1],[0,0,1,1],[0,0,1,0]]",16,0.15699470839711838
level2_receiver_side_info,891,"[[0,0,1,1,0,0,1,1],[0,0,1,1],[0,0,1,0]]",32,0.1832648102910467
level2_receiver_side_info,892,"[[0,0,1,1,0,0,1,1],[0,0,1,1],[0,1,0,0]]",0,0.0
level2_receiver_side_info,892,"[[0,0,1,1,0,0,1,1],[0,0,1,1],[0,1,0,0]]",1,0.029298145242776297
level2_receiver_side_info,892,"[[0,0,1,1,0,0,1,1],[0,0,1,1],[0,1,0,0]]",2,0.05196690317726638
level2_receiver_side_info,892,"[[0,0,1,1,0,0,1,1],[0,0,1,1],[0,1,0,0]]",4,0.08435950345211607
level2_receiver_side_info,892,"[[0,0,1,1,0,0,1,1],[0,0,1,1],[0,1,0,0]]",8,0.12198650516110165
level2_receiver_side_info,892,"[[0,0,1,1,0,0,1,1],[0,0,1,1],[0,1,0,0]]",16,0.1569947083971185
level2_receiver_side_info,892,"[[0,0,1,1,0,0,1,1],[0,0,1,1],[0,1,0,0]]",32,0.18326481029104658
level2_receiver_side_info,893,"[[0,0,1,1,0,0,1,1],[0,0,1,1],[0,1,0,1]]",0,0.0
level2_receiver_side_info,893,"[[0,0,1,1,0,0,1,1],[0,0,1,1],[0,1,0,1]]",1,0.11720776068110161
level2_receiver_side_info,893,"[[0,0,1,1,0,0,1,1],[0,0,1,1],[0,1,0,1]]",2,0.2072192699510964
level2_receiver_side_info,893,"[[0,0,1,1,0,0,1,1],[0,0,1,1],[0,1,0,1]]",4,0.3317269506967929
level2_receiver_side_info,893,"[[0,0,1,1,0,0,1,1],[0,0,1,1],[0,1,0,1]]",8,0.46354777908042843
level2_receiver_side_info,893,"[[0,0,1,1,0,0,1,1],[0,0,1,1],[0,1,0,1]]",16,0.5659041459749518
level2_receiver_side_info,893,"[[0,0,1,1,0,0,1,1],[0,0,1,1],[0,1,0,1]]",32,0.627899347459281
level2_receiver_side_info,894,"[[0,0,1,1,0,0,1,1],[0,0,1,1],[0,1,1,1]]",0,0.0
level2_receiver_side_info,894,"[[0,0,1,1,0,0,1,1],[0,0,1,1],[0,1,1,1]]",1,0.029298145242776408
level2_receiver_side_info,894,"[[0,0,1,1,0,0,1,1],[0,0,1,1],[0,1,1,1]]",2,0.05196690317726649
level2_receiver_side_info,894,"[[0,0,1,1,0,0,1,1],[0,0,1,1],[0,1,1,1]]",4,0.08435950345211607
level2_receiver_side_info,894,"[[0,0,1,1,0,0,1,1],[0,0,1,1],[0,1,1,1]]",8,0.12198650516110165
level2_receiver_side_info,894,"[[0,0,1,1,0,0,1,1],[0,0,1,1],[0,1,1,1]]",16,0.1569947083971185
level2_receiver_side_info,894,"[[0,0,1,1,0,0,1,1],[0,0,1,1],[0,1,1,1]]",32,0.1832648102910467
level2_receiver_side_info,895,"[[0,0,1,1,0,0,1,1],[0,1,1,0],[0,0,0,1]]",0,0.0
level2_receiver_side_info,895,"[[0,0,1,1,0,0,1,1],[0,1,1,0],[0,0,0,1]]",1,0.029298145242776408
level2_receiver_side_info,895,"[[0,0,1,1,0,0,1,1],[0,1,1,0],[0,0,0,1]]",2,0.05196690317726649
level2_receiver_side_info,895,"[[0,0,1,1,0,0,1,1],[0,1,1,0],[0,0,0,1]]",4,0.08435950345211596
level2_receiver_side_info,895,"[[0,0,1,1,0,0,1,1],[0,1,1,0],[0,0,0,1]]",8,0.12198650516110154
level2_receiver_side_info,895,"[[0,0,1,1,0,0,1,1],[0,1,1,0],[0,0,0,1]]",16,0.1569947083971185
level2_receiver_side_info,895,"[[0,0,1,1,0,0,1,1],[0,1,1,0],[0,0,0,1]]",32,0.1832648102910467
level2_receiver_side_info,896,"[[0,0,1,1,0,0,1,1],[0,1,1,0],[0,0,1,0]]",0,0.0
level2_receiver_side_info,896,"[[0,0,1,1,0,0,1,1],[0,1,1,0],[0,0,1,0]]",1,0.029298145242776408
level2_receiver_side_info,896,"[[0,0,1,1,0,0,1,1],[0,1,1,0],[0,0,1,0]]",2,0.05196690317726649
level2_receiver_side_info,896,"[[0,0,1,1,0,0,1,1],[0,1,1,0],[0,0,1,0]]",4,0.08435950345211607
level2_receiver_side_info,896,"[[0,0,1,1,0,0,1,1],[0,1,1,0],[0,0,1,0]]",8,0.12198650516110165
level2_receiver_side_info,896,"[[0,0,1,1,0,0,1,1],[0,1,1,0],[0,0,1,0]]",16,0.15699470839711838
level2_receiver_side_info,896,"[[0,0,1,1,0,0,1,1],[0,1,1,0],[0,0,1,0]]",32,0.1832648102910467
level2_receiver_side_info,897,"[[0,0,1,1,0,0,1,1],[0,1,1,0],[0,1,0,0]]",0,0.0
level2_receiver_side_info,897,"[[0,0,1,1,0,0,1,1],[0,1,1,0],[0,1,0,0]]",1,0.029298145242776297
level2_receiver_side_info,897,"[[0,0,1,1,0,0,1,1],[0,1,1,0],[0,1,0,0]]",2,0.05196690317726638
level2_receiver_side_info,897,"[[0,0,1,1,0,0,1,1],[0,1,1,0],[0,1,0,0]]",4,0.08435950345211607
level2_receiver_side_info,897,"[[0,0,1,1,0,0,1,1],[0,1,1,0],[0,1,0,0]]",8,0.12198650516110165
level2_receiver_side_info,897,"[[0,0,1,1,0,0,1,1],[0,1,1,0],[0,1,0,0]]",16,0.1569947083971185
level2_receiver_side_info,897,"[[0,0,1,1,0,0,1,1],[0,1,1,0],[0,1,0,0]]",32,0.18326481029104658
level2_receiver_side_info,898,"[[0,0,1,1,0,0,1,1],[0,1,1,0],[0,1,0,1]]",0,0.0
level2_receiver_side_info,898,"[[0,0,1,1,0,0,1,1],[0,1,1,0],[0,1,0,1]]",1,0.11720776068110161
level2_receiver_side_info,898,"[[0,0,1,1,0,0,1,1],[0,1,1,0],[0,1,0,1]]",2,0.2072192699510964
level2_receiver_side_info,898,"[[0,0,1,1,0,0,1,1],[0,1,1,0],[0,1,0,1]]",4,0.3317269506967929
level2_receiver_side_info,898,"[[0,0,1,1,0,0,1,1],[0,1,1,0],[0,1,0,1]]",8,0.46354777908042843
level2_receiver_side_info,898,"[[0,0,1,1,0,0,1,1],[0,1,1,0],[0,1,0,1]]",16,0.5659041459749518
level2_receiver_side_info,898,"[[0,0,1,1,0,0,1,1],[0,1,1,0],[0,1,0,1]]",32,0.627899347459281
level2_receiver_side_info,899,"[[0,0,1,1,0,0,1,1],[0,1,1,0],[0,1,1,1]]",0,0.0
level2_receiver_side_info,899,"[[0,0,1,1,0,0,1,1],[0,1,1,0],[0,1,1,1]]",1,0.029298145242776408
level2_receiver_side_info,899,"[[0,0,1,1,0,0,1,1],[0,1,1,0],[0,1,1,1]]",2,0.05196690317726649
level2_receiver_side_info,899,"[[0,0,1,1,0,0,1,1],[0,1,1,0],[0,1,1,1]]",4,0.08435950345211607
level2_receiver_side_info,899,"[[0,0,1,1,0,0,1,1],[0,1,1,0],[0,1,1,1]]",8,0.12198650516110165
level2_receiver_side_info,899,"[[0,0,1,1,0,0,1,1],[0,1,1,0],[0,1,1,1]]",16,0.1569947083971185
level2_receiver_side_info,899,"[[0,0,1,1,0,0,1,1],[0,1,1,0],[0,1,1,1]]",32,0.1832648102910467
level2_receiver_side_info,900,"[[0,0,1,1,0,0,1,1],[0,1,1,0],[1,1,1,0]]",0,0.0
level2_receiver_side_info,900,"[[0,0,1,1,0,0,1,1],[0,1,1,0],[1,1,1,0]]",1,0.029298145242776408
level2_receiver_side_info,900,"[[0,0,1,1,0,0,1,1],[0,1,1,0],[1,1,1,0]]",2,0.05196690317726649
level2_receiver_side_info,900,"[[0,0,1,1,0,0,1,1],[0,1,1,0],[1,1,1,0]]",4,0.08435950345211596
level2_receiver_side_info,900,"[[0,0,1,1,0,0,1,1],[0,1,1,0],[1,1,1,0]]",8,0.12198650516110154
level2_receiver_side_info,900,"[[0,0,1,1,0,0,1,1],[0,1,1,0],[1,1,1,0]]",16,0.1569947083971185
level2_receiver_side_info,900,"[[0,0,1,1,0,0,1,1],[0,1,1,0],[1,1,1,0]]",32,0.1832648102910467
level2_receiver_side_info,901,"[[0,0,1,1,0,0,1,1],[0,1,1,0],[1,1,0,1]]",0,0.0
level2_receiver_side_info,901,"[[0,0,1,1,0,0,1,1],[0,1,1,0],[1,1,0,1]]",1,0.029298145242776408
level2_receiver_side_info,901,"[[0,0,1,1,0,0,1,1],[0,1,1,0],[1,1,0,1]]",2,0.05196690317726649
level2_receiver_side_info,901,"[[0,0,1,1,0,0,1,1],[0,1,1,0],[1,1,0,1]]",4,0.08435950345211607
level2_receiver_side_info,901,"[[0,0,1,1,0,0,1,1],[0,1,1,0],[1,1,0,1]]",8,0.12198650516110165
level2_receiver_side_info,901,"[[0,0,1,1,0,0,1,1],[0,1,1,0],[1,1,0,1]]",16,0.15699470839711838
level2_receiver_side_info,901,"[[0,0,1,1,0,0,1,1],[0,1,1,0],[1,1,0,1]]",32,0.1832648102910467
level2_receiver_side_info,902,"[[0,0,1,1,0,0,1,1],[0,1,1,0],[1,0,1,1]]",0,0.0
level2_receiver_side_info,902,"[[0,0,1,1,0,0,1,1],[0,1,1,0],[1,0,1,1]]",1,0.029298145242776297
level2_receiver_side_info,902,"[[0,0,1,1,0,0,1,1],[0,1,1,0],[1,0,1,1]]",2,0.05196690317726638
level2_receiver_side_info,902,"[[0,0,1,1,0,0,1,1],[0,1,1,0],[1,0,1,1]]",4,0.08435950345211607
level2_receiver_side_info,902,"[[0,0,1,1,0,0,1,1],[0,1,1,0],[1,0,1,1]]",8,0.12198650516110165
level2_receiver_side_info,902,"[[0,0,1,1,0,0,1,1],[0,1,1,0],[1,0,1,1]]",16,0.1569947083971185
level2_receiver_side_info,902,"[[0,0,1,1,0,0,1,1],[0,1,1,0],[1,0,1,1]]",32,0.18326481029104658
level2_receiver_side_info,903,"[[0,0,1,1,0,0,1,1],[0,1,1,0],[1,0,1,0]]",0,0.0
level2_receiver_side_info,903,"[[0,0,1,1,0,0,1,1],[0,1,1,0],[1,0,1,0]]",1,0.11720776068110161
level2_receiver_side_info,903,"[[0,0,1,1,0,0,1,1],[0,1,1,0],[1,0,1,0]]",2,0.2072192699510964
level2_receiver_side_info,903,"[[0,0,1,1,0,0,1,1],[0,1,1,0],[1,0,1,0]]",4,0.3317269506967929
level2_receiver_side_info,903,"[[0,0,1,1,0,0,1,1],[0,1,1,0],[1,0,1,0]]",8,0.46354777908042843
level2_receiver_side_info,903,"[[0,0,1,1,0,0,1,1],[0,1,1,0],[1,0,1,0]]",16,0.5659041459749518
level2_receiver_side_info,903,"[[0,0,1,1,0,0,1,1],[0,1,1,0],[1,0,1,0]]",32,0.627899347459281
level2_receiver_side_info,904,"[[0,0,1,1,0,0,1,1],[0,1,1,0],[1,0,0,0]]",0,0.0
level2_receiver_side_info,904,"[[0,0,1,1,0,0,1,1],[0,1,1,0],[1,0,0,0]]",1,0.029298145242776408
level2_receiver_side_info,904,"[[0,0,1,1,0,0,1,1],[0,1,1,0],[1,0,0,0]]",2,0.05196690317726649
level2_receiver_side_info,904,"[[0,0,1,1,0,0,1,1],[0,1,1,0],[1,0,0,0]]",4,0.08435950345211607
level2_receiver_side_info,904,"[[0,0,1,1,0,0,1,1],[0,1,1,0],[1,0,0,0]]",8,0.12198650516110165
level2_receiver_side_info,904,"[[0,0,1,1,0,0,1,1],[0,1,1,0],[1,0,0,0]]",16,0.1569947083971185
level2_receiver_side_info,904,"[[0,0,1,1,0,0,1,1],[0,1,1,0],[1,0,0,0]]",32,0.1832648102910467
level2_receiver_side_info,905,"[[0,0,1,1,0,0,1,1],[0,0,1,1],[1,1,1,0]]",0,0.0
level2_receiver_side_info,905,"[[0,0,1,1,0,0,1,1],[0,0,1,1],[1,1,1,0]]",1,0.029298145242776408
level2_receiver_side_info,905,"[[0,0,1,1,0,0,1,1],[0,0,1,1],[1,1,1,0]]",2,0.05196690317726649
level2_receiver_side_info,905,"[[0,0,1,1,0,0,1,1],[0,0,1,1],[1,1,1,0]]",4,0.08435950345211596
level2_receiver_side_info,905,"[[0,0,1,1,0,0,1,1],[0,0,1,1],[1,1,1,0]]",8,0.12198650516110154
level2_receiver_side_info,905,"[[0,0,1,1,0,0,1,1],[0,0,1,1],[1,1,1,0]]",16,0.1569947083971185
level2_receiver_side_info,905,"[[0,0,1,1,0,0,1,1],[0,0,1,1],[1,1,1,0]]",32,0.1832648102910467
level2_receiver_side_info,906,"[[0,0,1,1,0,0,1,1],[0,0,1,1],[1,1,0,1]]",0,0.0
level2_receiver_side_info,906,"[[0,0,1,1,0,0,1,1],[0,0,1,1],[1,1,0,1]]",1,0.029298145242776408
level2_receiver_side_info,906,"[[0,0,1,1,0,0,1,1],[0,0,1,1],[1,1,0,1]]",2,0.05196690317726649
level2_receiver_side_info,906,"[[0,0,1,1,0,0,1,1],[0,0,1,1],[1,1,0,1]]",4,0.08435950345211607
level2_receiver_side_info,906,"[[0,0,1,1,0,0,1,1],[0,0,1,1],[1,1,0,1]]",8,0.12198650516110165
level2_receiver_side_info,906,"[[0,0,1,1,0,0,1,1],[0,0,1,1],[1,1,0,1]]",16,0.15699470839711838
level2_receiver_side_info,906,"[[0,0,1,1,0,0,1,1],[0,0,1,1],[1,1,0,1]]",32,0.1832648102910467
level2_receiver_side_info,907,"[[0,0,1,1,0,0,1,1],[0,0,1,1],[1,0,1,1]]",0,0.0
level2_receiver_side_info,907,"[[0,0,1,1,0,0,1,1],[0,0,1,1],[1,0,1,1]]",1,0.029298145242776297
level2_receiver_side_info,907,"[[0,0,1,1,0,0,1,1],[0,0,1,1],[1,0,1,1]]",2,0.05196690317726638
level2_receiver_side_info,907,"[[0,0,1,1,0,0,1,1],[0,0,1,1],[1,0,1,1]]",4,0.08435950345211607
level2_receiver_side_info,907,"[[0,0,1,1,0,0,1,1],[0,0,1,1],[1,0,1,1]]",8,0.12198650516110165
level2_receiver_side_info,907,"[[0,0,1,1,0,0,1,1],[0,0,1,1],[1,0,1,1]]",16,0.1569947083971185
level2_receiver_side_info,907,"[[0,0,1,1,0,0,1,1],[0,0,1,1],[1,0,1,1]]",32,0.18326481029104658
level2_receiver_side_info,908,"[[0,0,1,1,0,0,1,1],[0,0,1,1],[1,0,1,0]]",0,0.0
level2_receiver_side_info,908,"[[0,0,1,1,0,0,1,1],[0,0,1,1],[1,0,1,0]]",1,0.11720776068110161
level2_receiver_side_info,908,"[[0,0,1,1,0,0,1,1],[0,0,1,1],[1,0,1,0]]",2,0.2072192699510964
level2_receiver_side_info,908,"[[0,0,1,1,0,0,1,1],[0,0,1,1],[1,0,1,0]]",4,0.3317269506967929
level2_receiver_side_info,908,"[[0,0,1,1,0,0,1,1],[0,0,1,1],[1,0,1,0]]",8,0.46354777908042843
level2_receiver_side_info,908,"[[0,0,1,1,0,0,1,1],[0,0,1,1],[1,0,1,0]]",16,0.5659041459749518
level2_receiver_side_info,908,"[[0,0,1,1,0,0,1,1],[0,0,1,1],[1,0,1,0]]",32,0.627899347459281
level2_receiver_side_info,909,"[[0,0,1,1,0,0,1,1],[0,0,1,1],[1,0,0,0]]",0,0.0
level2_receiver_side_info,909,"[[0,0,1,1,0,0,1,1],[0,0,1,1],[1,0,0,0]]",1,0.029298145242776408
level2_receiver_side_info,909,"[[0,0,1,1,0,0,1,1],[0,0,1,1],[1,0,0,0]]",2,0.05196690317726649
level2_receiver_side_info,909,"[[0,0,1,1,0,0,1,1],[0,0,1,1],[1,0,0,0]]",4,0.08435950345211607
level2_receiver_side_info,909,"[[0,0,1,1,0,0,1,1],[0,0,1,1],[1,0,0,0]]",8,0.12198650516110165
level2_receiver_side_info,909,"[[0,0,1,1,0,0,1,1],[0,0,1,1],[1,0,0,0]]",16,0.1569947083971185
level2_receiver_side_info,909,"[[0,0,1,1,0,0,1,1],[0,0,1,1],[1,0,0,0]]",32,0.1832648102910467
level2_receiver_side_info,910,"[[0,0,1,1,0,0,0,0],[0,0,0,1],[1,0,1,1]]",0,0.09116077839697717
level2_receiver_side_info,910,"[[0,0,1,1,0,0,0,0],[0,0,0,1],[1,0,1,1]]",1,0.14290658343056556
level2_receiver_side_info,910,"[[0,0,1,1,0,0,0,0],[0,0,0,1],[1,0,1,1]]",2,0.1844981032973394
level2_receiver_side_info,910,"[[0,0,1,1,0,0,0,0],[0,0,0,1],[1,0,1,1]]",4,0.246861694803569
level2_receiver_side_info,910,"[[0,0,1,1,0,0,0,0],[0,0,0,1],[1,0,1,1]]",8,0.3229802905687297
level2_receiver_side_info,910,"[[0,0,1,1,0,0,0,0],[0,0,0,1],[1,0,1,1]]",16,0.39196225193885564
level2_receiver_side_info,910,"[[0,0,1,1,0,0,0,0],[0,0,0,1],[1,0,1,1]]",32,0.43644344248314637
level2_receiver_side_info,911,"[[0,0,1,1,0,0,0,0],[0,0,1,0],[1,0,1,1]]",0,0.09116077839697717
level2_receiver_side_info,911,"[[0,0,1,1,0,0,0,0],[0,0,1,0],[1,0,1,1]]",1,0.14290658343056556
level2_receiver_side_info,911,"[[0,0,1,1,0,0,0,0],[0,0,1,0],[1,0,1,1]]",2,0.1844981032973394
level2_receiver_side_info,911,"[[0,0,1,1,0,0,0,0],[0,0,1,0],[1,0,1,1]]",4,0.246861694803569
level2_receiver_side_info,911,"[[0,0,1,1,0,0,0,0],[0,0,1,0],[1,0,1,1]]",8,0.32298029056872957
level2_receiver_side_info,911,"[[0,0,1,1,0,0,0,0],[0,0,1,0],[1,0,1,1]]",16,0.39196225193885564
level2_receiver_side_info,911,"[[0,0,1,1,0,0,0,0],[0,0,1,0],[1,0,1,1]]",32,0.43644344248314637
level2_receiver_side_info,912,"[[0,0,1,1,0,0,0,0],[0,1,1,1],[0,1,0,0]]",0,0.09116077839697717
level2_receiver_side_info,912,"[[0,0,1,1,0,0,0,0],[0,1,1,1],[0,1,0,0]]",1,0.14290658343056545
level2_receiver_side_info,912,"[[0,0,1,1,0,0,0,0],[0,1,1,1],[0,1,0,0]]",2,0.1844981032973394
level2_receiver_side_info,912,"[[0,0,1,1,0,0,0,0],[0,1,1,1],[0,1,0,0]]",4,0.2468616948035689
level2_receiver_side_info,912,"[[0,0,1,1,0,0,0,0],[0,1,1,1],[0,1,0,0]]",8,0.3229802905687297
level2_receiver_side_info,912,"[[0,0,1,1,0,0,0,0],[0,1,1,1],[0,1,0,0]]",16,0.39196225193885564
level2_receiver_side_info,912,"[[0,0,1,1,0,0,0,0],[0,1,1,1],[0,1,0,0]]",32,0.43644344248314637
level2_receiver_side_info,913,"[[0,0,1,1,0,0,0,0],[0,1,1,1],[0,1,0,0]]",0,0.09116077839697717
level2_receiver_side_info,913,"[[0,0,1,1,0,0,0,0],[0,1,1,1],[0,1,0,0]]",1,0.14290658343056545
level2_receiver_side_info,913,"[[0,0,1,1,0,0,0,0],[0,1,1,1],[0,1,0,0]]",2,0.1844981032973394
level2_receiver_side_info,913,"[[0,0,1,1,0,0,0,0],[0,1,1,1],[0,1,0,0]]",4,0.2468616948035689
level2_receiver_side_info,913,"[[0,0,1,1,0,0,0,0],[0,1,1,1],[0,1,0,0]]",8,0.3229802905687297
level2_receiver_side_info,913,"[[0,0,1,1,0,0,0,0],[0,1,1,1],[0,1,0,0]]",16,0.39196225193885564
level2_receiver_side_info,913,"[[0,0,1,1,0,0,0,0],[0,1,1,1],[0,1,0,0]]",32,0.43644344248314637
level2_receiver_side_info,914,"[[0,0,1,1,0,0,0,0],[0,0,1,0],[1,0,1,1]]",0,0.09116077839697717
level2_receiver_side_info,914,"[[0,0,1,1,0,0,0,0],[0,0,1,0],[1,0,1,1]]",1,0.14290658343056556
level2_receiver_side_info,914,"[[0,0,1,1,0,0,0,0],[0,0,1,0],[1,0,1,1]]",2,0.1844981032973394
level2_receiver_side_info,914,"[[0,0,1,1,0,0,0,0],[0,0,1,0],[1,0,1,1]]",4,0.246861694803569
level2_receiver_side_info,914,"[[0,0,1,1,0,0,0,0],[0,0,1,0],[1,0,1,1]]",8,0.32298029056872957
level2_receiver_side_info,914,"[[0,0,1,1,0,0,0,0],[0,0,1,0],[1,0,1,1]]",16,0.39196225193885564
level2_receiver_side_info,914,"[[0,0,1,1,0,0,0,0],[0,0,1,0],[1,0,1,1]]",32,0.43644344248314637
level2_receiver_side_info,915,"[[0,0,1,1,0,0,0,0],[0,0,0,1],[1,0,1,1]]",0,0.09116077839697717
level2_receiver_side_info,915,"[[0,0,1,1,0,0,0,0],[0,0,0,1],[1,0,1,1]]",1,0.14290658343056556
level2_receiver_side_info,915,"[[0,0,1,1,0,0,0,0],[0,0,0,1],[1,0,1,1]]",2,0.1844981032973394
level2_receiver_side_info,915,"[[0,0,1,1,0,0,0,0],[0,0,0,1],[1,0,1,1]]",4,0.246861694803569
level2_receiver_side_info,915,"[[0,0,1,1,0,0,0,0],[0,0,0,1],[1,0,1,1]]",8,0.3229802905687297
level2_receiver_side_info,915,"[[0,0,1,1,0,0,0,0],[0,0,0,1],[1,0,1,1]]",16,0.39196225193885564
level2_receiver_side_info,915,"[[0,0,1,1,0,0,0,0],[0,0,0,1],[1,0,1,1]]",32,0.43644344248314637
level2_receiver_side_info,916,"[[0,0,1,0,1,0,1,0],[0,0,0,1],[0,1,1,1]]",0,0.007042719241674045
level2_receiver_side_info,916,"[[0,0,1,0,1,0,1,0],[0,0,0,1],[0,1,1,1]]",1,0.043652143186217685
level2_receiver_side_info,916,"[[0,0,1,0,1,0,1,0],[0,0,0,1],[0,1,1,1]]",2,0.07195128098324621
level2_receiver_side_info,916,"[[0,0,1,0,1,0,1,0],[0,0,0,1],[0,1,1,1]]",4,0.11242296217865763
level2_receiver_side_info,916,"[[0,0,1,0,1,0,1,0],[0,0,0,1],[0,1,1,1]]",8,0.15854956604460907
level2_receiver_side_info,916,"[[0,0,1,0,1,0,1,0],[0,0,0,1],[0,1,1,1]]",16,0.19702626025256342
level2_receiver_side_info,916,"[[0,0,1,0,1,0,1,0],[0,0,0,1],[0,1,1,1]]",32,0.21969614553731964
level2_receiver_side_info,917,"[[0,0,1,0,1,0,1,0],[0,0,1,0],[0,1,1,1]]",0,0.007042719241674045
level2_receiver_side_info,917,"[[0,0,1,0,1,0,1,0],[0,0,1,0],[0,1,1,1]]",1,0.043652143186217685
level2_receiver_side_info,917,"[[0,0,1,0,1,0,1,0],[0,0,1,0],[0,1,1,1]]",2,0.07195128098324621
level2_receiver_side_info,917,"[[0,0,1,0,1,0,1,0],[0,0,1,0],[0,1,1,1]]",4,0.11242296217865763
level2_receiver_side_info,917,"[[0,0,1,0,1,0,1,0],[0,0,1,0],[0,1,1,1]]",8,0.15854956604460907
level2_receiver_side_info,917,"[[0,0,1,0,1,0,1,0],[0,0,1,0],[0,1,1,1]]",16,0.19702626025256348
level2_receiver_side_info,917,"[[0,0,1,0,1,0,1,0],[0,0,1,0],[0,1,1,1]]",32,0.21969614553731964
level2_receiver_side_info,918,"[[0,0,1,0,1,0,1,0],[0,0,1,1],[0,1,1,1]]",0,0.06385320297074876
level2_receiver_side_info,918,"[[0,0,1,0,1,0,1,0],[0,0,1,1],[0,1,1,1]]",1,0.07704682264253404
level2_receiver_side_info,918,"[[0,0,1,0,1,0,1,0],[0,0,1,1],[0,1,1,1]]",2,0.08780218399432074
level2_receiver_side_info,918,"[[0,0,1,0,1,0,1,0],[0,0,1,1],[0,1,1,1]]",4,0.1041522892464854
level2_receiver_side_info,918,"[[0,0,1,0,1,0,1,0],[0,0,1,1],[0,1,1,1]]",8,0.12453241233105772
level2_receiver_side_info,918,"[[0,0,1,0,1,0,1,0],[0,0,1,1],[0,1,1,1]]",16,0.14385004263287587
level2_receiver_side_info,918,"[[0,0,1,0,1,0,1,0],[0,0,1,1],[0,1,1,1]]",32,0.15747949742783532
level2_receiver_side_info,919,"[[0,0,1,0,1,0,1,0],[0,1,0,0],[0,1,1,1]]",0,0.007042719241673989
level2_receiver_side_info,919,"[[0,0,1,0,1,0,1,0],[0,1,0,0],[0,1,1,1]]",1,0.043652143186217685
level2_receiver_side_info,919,"[[0,0,1,0,1,0,1,0],[0,1,0,0],[0,1,1,1]]",2,0.07195128098324621
level2_receiver_side_info,919,"[[0,0,1,0,1,0,1,0],[0,1,0,0],[0,1,1,1]]",4,0.11242296217865758
level2_receiver_side_info,919,"[[0,0,1,0,1,0,1,0],[0,1,0,0],[0,1,1,1]]",8,0.15854956604460907
level2_receiver_side_info,919,"[[0,0,1,0,1,0,1,0],[0,1,0,0],[0,1,1,1]]",16,0.19702626025256348
level2_receiver_side_info,919,"[[0,0,1,0,1,0,1,0],[0,1,0,0],[0,1,1,1]]",32,0.21969614553731964
level2_receiver_side_info,920,"[[0,0,1,0,1,0,1,0],[0,1,0,1],[0,1,1,1]]",0,0.06385320297074876
level2_receiver_side_info,920,"[[0,0,1,0,1,0,1,0],[0,1,0,1],[0,1,1,1]]",1,0.07704682264253404
level2_receiver_side_info,920,"[[0,0,1,0,1,0,1,0],[0,1,0,1],[0,1,1,1]]",2,0.08780218399432074
level2_receiver_side_info,920,"[[0,0,1,0,1,0,1,0],[0,1,0,1],[0,1,1,1]]",4,0.10415228924648534
level2_receiver_side_info,920,"[[0,0,1,0,1,0,1,0],[0,1,0,1],[0,1,1,1]]",8,0.12453241233105772
level2_receiver_side_info,920,"[[0,0,1,0,1,0,1,0],[0,1,0,1],[0,1,1,1]]",16,0.14385004263287587
level2_receiver_side_info,920,"[[0,0,1,0,1,0,1,0],[0,1,0,1],[0,1,1,1]]",32,0.15747949742783532
level2_receiver_side_info,921,"[[0,0,1,0,1,0,1,0],[0,1,1,0],[0,1,1,1]]",0,0.06385320297074881
level2_receiver_side_info,921,"[[0,0,1,0,1,0,1,0],[0,1,1,0],[0,1,1,1]]",1,0.07704682264253404
level2_receiver_side_info,921,"[[0,0,1,0,1,0,1,0],[0,1,1,0],[0,1,1,1]]",2,0.08780218399432074
level2_receiver_side_info,921,"[[0,0,1,0,1,0,1,0],[0,1,1,0],[0,1,1,1]]",4,0.10415228924648534
level2_receiver_side_info,921,"[[0,0,1,0,1,0,1,0],[0,1,1,0],[0,1,1,1]]",8,0.12453241233105772
level2_receiver_side_info,921,"[[0,0,1,0,1,0,1,0],[0,1,1,0],[0,1,1,1]]",16,0.14385004263287587
level2_receiver_side_info,921,"[[0,0,1,0,1,0,1,0],[0,1,1,0],[0,1,1,1]]",32,0.15747949742783532
level2_receiver_side_info,922,"[[0,0,1,0,1,0,1,0],[0,1,1,0],[0,1,1,1]]",0,0.06385320297074881
level2_receiver_side_info,922,"[[0,0,1,0,1,0,1,0],[0,1,1,0],[0,1,1,1]]",1,0.07704682264253404
level2_receiver_side_info,922,"[[0,0,1,0,1,0,1,0],[0,1,1,0],[0,1,1,1]]",2,0.08780218399432074
level2_receiver_side_info,922,"[[0,0,1,0,1,0,1,0],[0,1,1,0],[0,1,1,1]]",4,0.10415228924648534
level2_receiver_side_info,922,"[[0,0,1,0,1,0,1,0],[0,1,1,0],[0,1,1,1]]",8,0.12453241233105772
level2_receiver_side_info,922,"[[0,0,1,0,1,0,1,0],[0,1,1,0],[0,1,1,1]]",16,0.14385004263287587
level2_receiver_side_info,922,"[[0,0,1,0,1,0,1,0],[0,1,1,0],[0,1,1,1]]",32,0.15747949742783532
level2_receiver_side_info,923,"[[0,0,1,0,1,0,1,0],[0,1,0,1],[0,1,1,1]]",0,0.06385320297074876
level2_receiver_side_info,923,"[[0,0,1,0,1,0,1,0],[0,1,0,1],[0,1,1,1]]",1,0.07704682264253404
level2_receiver_side_info,923,"[[0,0,1,0,1,0,1,0],[0,1,0,1],[0,1,1,1]]",2,0.08780218399432074
level2_receiver_side_info,923,"[[0,0,1,0,1,0,1,0],[0,1,0,1],[0,1,1,1]]",4,0.10415228924648534
level2_receiver_side_info,923,"[[0,0,1,0,1,0,1,0],[0,1,0,1],[0,1,1,1]]",8,0.12453241233105772
level2_receiver_side_info,923,"[[0,0,1,0,1,0,1,0],[0,1,0,1],[0,1,1,1]]",16,0.14385004263287587
level2_receiver_side_info,923,"[[0,0,1,0,1,0,1,0],[0,1,0,1],[0,1,1,1]]",32,0.15747949742783532
level2_receiver_side_info,924,"[[0,0,1,0,1,0,1,0],[0,1,0,0],[0,1,1,1]]",0,0.007042719241673989
level2_receiver_side_info,924,"[[0,0,1,0,1,0,1,0],[0,1,0,0],[0,1,1,1]]",1,0.043652143186217685
level2_receiver_side_info,924,"[[0,0,1,0,1,0,1,0],[0,1,0,0],[0,1,1,1]]",2,0.07195128098324621
level2_receiver_side_info,924,"[[0,0,1,0,1,0,1,0],[0,1,0,0],[0,1,1,1]]",4,0.11242296217865758
level2_receiver_side_info,924,"[[0,0,1,0,1,0,1,0],[0,1,0,0],[0,1,1,1]]",8,0.15854956604460907
level2_receiver_side_info,924,"[[0,0,1,0,1,0,1,0],[0,1,0,0],[0,1,1,1]]",16,0.19702626025256348
level2_receiver_side_info,924,"[[0,0,1,0,1,0,1,0],[0,1,0,0],[0,1,1,1]]",32,0.21969614553731964
level2_receiver_side_info,925,"[[0,0,1,0,1,0,1,0],[0,0,1,1],[0,1,1,1]]",0,0.06385320297074876
level2_receiver_side_info,925,"[[0,0,1,0,1,0,1,0],[0,0,1,1],[0,1,1,1]]",1,0.07704682264253404
level2_receiver_side_info,925,"[[0,0,1,0,1,0,1,0],[0,0,1,1],[0,1,1,1]]",2,0.08780218399432074
level2_receiver_side_info,925,"[[0,0,1,0,1,0,1,0],[0,0,1,1],[0,1,1,1]]",4,0.1041522892464854
level2_receiver_side_info,925,"[[0,0,1,0,1,0,1,0],[0,0,1,1],[0,1,1,1]]",8,0.12453241233105772
level2_receiver_side_info,925,"[[0,0,1,0,1,0,1,0],[0,0,1,1],[0,1,1,1]]",16,0.14385004263287587
level2_receiver_side_info,925,"[[0,0,1,0,1,0,1,0],[0,0,1,1],[0,1,1,1]]",32,0.15747949742783532
level2_receiver_side_info,926,"[[0,0,1,0,1,0,1,0],[0,0,1,0],[0,1,1,1]]",0,0.007042719241674045
level2_receiver_side_info,926,"[[0,0,1,0,1,0,1,0],[0,0,1,0],[0,1,1,1]]",1,0.043652143186217685
level2_receiver_side_info,926,"[[0,0,1,0,1,0,1,0],[0,0,1,0],[0,1,1,1]]",2,0.07195128098324621
level2_receiver_side_info,926,"[[0,0,1,0,1,0,1,0],[0,0,1,0],[0,1,1,1]]",4,0.11242296217865763
level2_receiver_side_info,926,"[[0,0,1,0,1,0,1,0],[0,0,1,0],[0,1,1,1]]",8,0.15854956604460907
level2_receiver_side_info,926,"[[0,0,1,0,1,0,1,0],[0,0,1,0],[0,1,1,1]]",16,0.19702626025256348
level2_receiver_side_info,926,"[[0,0,1,0,1,0,1,0],[0,0,1,0],[0,1,1,1]]",32,0.21969614553731964
level2_receiver_side_info,927,"[[0,0,1,0,1,0,1,0],[0,0,0,1],[0,1,1,1]]",0,0.007042719241674045
level2_receiver_side_info,927,"[[0,0,1,0,1,0,1,0],[0,0,0,1],[0,1,1,1]]",1,0.043652143186217685
level2_receiver_side_info,927,"[[0,0,1,0,1,0,1,0],[0,0,0,1],[0,1,1,1]]",2,0.07195128098324621
level2_receiver_side_info,927,"[[0,0,1,0,1,0,1,0],[0,0,0,1],[0,1,1,1]]",4,0.11242296217865763
level2_receiver_side_info,927,"[[0,0,1,0,1,0,1,0],[0,0,0,1],[0,1,1,1]]",8,0.15854956604460907
level2_receiver_side_info,927,"[[0,0,1,0,1,0,1,0],[0,0,0,1],[0,1,1,1]]",16,0.19702626025256342
level2_receiver_side_info,927,"[[0,0,1,0,1,0,1,0],[0,0,0,1],[0,1,1,1]]",32,0.21969614553731964
level2_receiver_side_info,928,"[[0,0,1,0,1,0,0,0],[0,0,1,1],[0,0,0,1]]",0,0.0
level2_receiver_side_info,928,"[[0,0,1,0,1,0,0,0],[0,0,1,1],[0,0,0,1]]",1,0.01621124580150446
level2_receiver_side_info,928,"[[0,0,1,0,1,0,0,0],[0,0,1,1],[0,0,0,1]]",2,0.028533198169706342
level2_receiver_side_info,928,"[[0,0,1,0,1,0,0,0],[0,0,1,1],[0,0,0,1]]",4,0.0456971587074495
level2_receiver_side_info,928,"[[0,0,1,0,1,0,0,0],[0,0,1,1],[0,0,0,1]]",8,0.0647237743260059
level2_receiver_side_info,928,"[[0,0,1,0,1,0,0,0],[0,0,1,1],[0,0,0,1]]",16,0.08128352549864837
level2_receiver_side_info,928,"[[0,0,1,0,1,0,0,0],[0,0,1,1],[0,0,0,1]]",32,0.09305028484361938
level2_receiver_side_info,929,"[[0,0,1,0,1,0,0,0],[0,0,1,1],[0,0,1,0]]",0,0.0
level2_receiver_side_info,929,"[[0,0,1,0,1,0,0,0],[0,0,1,1],[0,0,1,0]]",1,0.01621124580150446
level2_receiver_side_info,929,"[[0,0,1,0,1,0,0,0],[0,0,1,1],[0,0,1,0]]",2,0.028533198169706286
level2_receiver_side_info,929,"[[0,0,1,0,1,0,0,0],[0,0,1,1],[0,0,1,0]]",4,0.0456971587074495
level2_receiver_side_info,929,"[[0,0,1,0,1,0,0,0],[0,0,1,1],[0,0,1,0]]",8,0.0647237743260059
level2_receiver_side_info,929,"[[0,0,1,0,1,0,0,0],[0,0,1,1],[0,0,1,0]]",16,0.08128352549864842
level2_receiver_side_info,929,"[[0,0,1,0,1,0,0,0],[0,0,1,1],[0,0,1,0]]",32,0.09305028484361932
level2_receiver_side_info,930,"[[0,0,1,0,1,0,0,0],[0,0,1,1],[0,1,0,0]]",0,0.0
level2_receiver_side_info,930,"[[0,0,1,0,1,0,0,0],[0,0,1,1],[0,1,0,0]]",1,0.01621124580150446
level2_receiver_side_info,930,"[[0,0,1,0,1,0,0,0],[0,0,1,1],[0,1,0,0]]",2,0.028533198169706342
level2_receiver_side_info,930,"[[0,0,1,0,1,0,0,0],[0,0,1,1],[0,1,0,0]]",4,0.0456971587074495
level2_receiver_side_info,930,"[[0,0,1,0,1,0,0,0],[0,0,1,1],[0,1,0,0]]",8,0.0647237743260059
level2_receiver_side_info,930,"[[0,0,1,0,1,0,0,0],[0,0,1,1],[0,1,0,0]]",16,0.08128352549864842
level2_receiver_side_info,930,"[[0,0,1,0,1,0,0,0],[0,0,1,1],[0,1,0,0]]",32,0.09305028484361938
level2_receiver_side_info,931,"[[0,0,1,0,1,0,0,0],[0,0,1,1],[0,1,1,0]]",0,0.0
level2_receiver_side_info,931,"[[0,0,1,0,1,0,0,0],[0,0,1,1],[0,1,1,0]]",1,0.05860388034055081
level2_receiver_side_info,931,"[[0,0,1,0,1,0,0,0],[0,0,1,1],[0,1,1,0]]",2,0.10360963497554826
level2_receiver_side_info,931,"[[0,0,1,0,1,0,0,0],[0,0,1,1],[0,1,1,0]]",4,0.16586347534839643
level2_receiver_side_info,931,"[[0,0,1,0,1,0,0,0],[0,0,1,1],[0,1,1,0]]",8,0.23177388954021425
level2_receiver_side_info,931,"[[0,0,1,0,1,0,0,0],[0,0,1,1],[0,1,1,0]]",16,0.2829520729874759
level2_receiver_side_info,931,"[[0,0,1,0,1,0,0,0],[0,0,1,1],[0,1,1,0]]",32,0.3139496737296405
level2_receiver_side_info,932,"[[0,0,1,0,1,0,0,0],[0,0,1,1],[0,1,1,1]]",0,0.0
level2_receiver_side_info,932,"[[0,0,1,0,1,0,0,0],[0,0,1,1],[0,1,1,1]]",1,0.01621124580150446
level2_receiver_side_info,932,"[[0,0,1,0,1,0,0,0],[0,0,1,1],[0,1,1,1]]",2,0.028533198169706397
level2_receiver_side_info,932,"[[0,0,1,0,1,0,0,0],[0,0,1,1],[0,1,1,1]]",4,0.0456971587074495
level2_receiver_side_info,932,"[[0,0,1,0,1,0,0,0],[0,0,1,1],[0,1,1,1]]",8,0.0647237743260059
level2_receiver_side_info,932,"[[0,0,1,0,1,0,0,0],[0,0,1,1],[0,1,1,1]]",16,0.08128352549864842
level2_receiver_side_info,932,"[[0,0,1,0,1,0,0,0],[0,0,1,1],[0,1,1,1]]",32,0.09305028484361938
level2_receiver_side_info,933,"[[0,0,1,0,1,0,0,0],[0,1,0,1],[0,0,0,1]]",0,0.0
level2_receiver_side_info,933,"[[0,0,1,0,1,0,0,0],[0,1,0,1],[0,0,0,1]]",1,0.01621124580150446
level2_receiver_side_info,933,"[[0,0,1,0,1,0,0,0],[0,1,0,1],[0,0,0,1]]",2,0.028533198169706342
level2_receiver_side_info,933,"[[0,0,1,0,1,0,0,0],[0,1,0,1],[0,0,0,1]]",4,0.0456971587074495
level2_receiver_side_info,933,"[[0,0,1,0,1,0,0,0],[0,1,0,1],[0,0,0,1]]",8,0.0647237743260059
level2_receiver_side_info,933,"[[0,0,1,0,1,0,0,0],[0,1,0,1],[0,0,0,1]]",16,0.08128352549864837
level2_receiver_side_info,933,"[[0,0,1,0,1,0,0,0],[0,1,0,1],[0,0,0,1]]",32,0.09305028484361938
level2_receiver_side_info,934,"[[0,0,1,0,1,0,0,0],[0,1,0,1],[0,0,1,0]]",0,0.0
level2_receiver_side_info,934,"[[0,0,1,0,1,0,0,0],[0,1,0,1],[0,0,1,0]]",1,0.01621124580150446
level2_receiver_side_info,934,"[[0,0,1,0,1,0,0,0],[0,1,0,1],[0,0,1,0]]",2,0.028533198169706286
level2_receiver_side_info,934,"[[0,0,1,0,1,0,0,0],[0,1,0,1],[0,0,1,0]]",4,0.0456971587074495
level2_receiver_side_info,934,"[[0,0,1,0,1,0,0,0],[0,1,0,1],[0,0,1,0]]",8,0.0647237743260059
level2_receiver_side_info,934,"[[0,0,1,0,1,0,0,0],[0,1,0,1],[0,0,1,0]]",16,0.08128352549864842
level2_receiver_side_info,934,"[[0,0,1,0,1,0,0,0],[0,1,0,1],[0,0,1,0]]",32,0.09305028484361932
level2_receiver_side_info,935,"[[0,0,1,0,1,0,0,0],[0,1,0,1],[0,1,0,0]]",0,0.0
level2_receiver_side_info,935,"[[0,0,1,0,1,0,0,0],[0,1,0,1],[0,1,0,0]]",1,0.01621124580150446
level2_receiver_side_info,935,"[[0,0,1,0,1,0,0,0],[0,1,0,1],[0,1,0,0]]",2,0.028533198169706342
level2_receiver_side_info,935,"[[0,0,1,0,1,0,0,0],[0,1,0,1],[0,1,0,0]]",4,0.0456971587074495
level2_receiver_side_info,935,"[[0,0,1,0,1,0,0,0],[0,1,0,1],[0,1,0,0]]",8,0.0647237743260059
level2_receiver_side_info,935,"[[0,0,1,0,1,0,0,0],[0,1,0,1],[0,1,0,0]]",16,0.08128352549864842
level2_receiver_side_info,935,"[[0,0,1,0,1,0,0,0],[0,1,0,1],[0,1,0,0]]",32,0.09305028484361938
level2_receiver_side_info,936,"[[0,0,1,0,1,0,0,0],[0,1,0,1],[0,1,1,0]]",0,0.0
level2_receiver_side_info,936,"[[0,0,1,0,1,0,0,0],[0,1,0,1],[0,1,1,0]]",1,0.05860388034055081
level2_receiver_side_info,936,"[[0,0,1,0,1,0,0,0],[0,1,0,1],[0,1,1,0]]",2,0.10360963497554826
level2_receiver_side_info,936,"[[0,0,1,0,1,0,0,0],[0,1,0,1],[0,1,1,0]]",4,0.16586347534839643
level2_receiver_side_info,936,"[[0,0,1,0,1,0,0,0],[0,1,0,1],[0,1,1,0]]",8,0.23177388954021425
level2_receiver_side_info,936,"[[0,0,1,0,1,0,0,0],[0,1,0,1],[0,1,1,0]]",16,0.2829520729874759
level2_receiver_side_info,936,"[[0,0,1,0,1,0,0,0],[0,1,0,1],[0,1,1,0]]",32,0.3139496737296405
level2_receiver_side_info,937,"[[0,0,1,0,1,0,0,0],[0,1,0,1],[0,1,1,1]]",0,0.0
level2_receiver_side_info,937,"[[0,0,1,0,1,0,0,0],[0,1,0,1],[0,1,1,1]]",1,0.01621124580150446
level2_receiver_side_info,937,"[[0,0,1,0,1,0,0,0],[0,1,0,1],[0,1,1,1]]",2,0.028533198169706397
level2_receiver_side_info,937,"[[0,0,1,0,1,0,0,0],[0,1,0,1],[0,1,1,1]]",4,0.0456971587074495
level2_receiver_side_info,937,"[[0,0,1,0,1,0,0,0],[0,1,0,1],[0,1,1,1]]",8,0.0647237743260059
level2_receiver_side_info,937,"[[0,0,1,0,1,0,0,0],[0,1,0,1],[0,1,1,1]]",16,0.08128352549864842
level2_receiver_side_info,937,"[[0,0,1,0,1,0,0,0],[0,1,0,1],[0,1,1,1]]",32,0.09305028484361938
level2_receiver_side_info,938,"[[0,0,1,0,1,0,0,0],[0,1,0,1],[1,1,1,0]]",0,0.0
level2_receiver_side_info,938,"[[0,0,1,0,1,0,0,0],[0,1,0,1],[1,1,1,0]]",1,0.01621124580150446
level2_receiver_side_info,938,"[[0,0,1,0,1,0,0,0],[0,1,0,1],[1,1,1,0]]",2,0.028533198169706342
level2_receiver_side_info,938,"[[0,0,1,0,1,0,0,0],[0,1,0,1],[1,1,1,0]]",4,0.0456971587074495
level2_receiver_side_info,938,"[[0,0,1,0,1,0,0,0],[0,1,0,1],[1,1,1,0]]",8,0.0647237743260059
level2_receiver_side_info,938,"[[0,0,1,0,1,0,0,0],[0,1,0,1],[1,1,1,0]]",16,0.08128352549864837
level2_receiver_side_info,938,"[[0,0,1,0,1,0,0,0],[0,1,0,1],[1,1,1,0]]",32,0.09305028484361938
level2_receiver_side_info,939,"[[0,0,1,0,1,0,0,0],[0,1,0,1],[1,1,0,1]]",0,0.0
level2_receiver_side_info,939,"[[0,0,1,0,1,0,0,0],[0,1,0,1],[1,1,0,1]]",1,0.01621124580150446
level2_receiver_side_info,939,"[[0,0,1,0,1,0,0,0],[0,1,0,1],[1,1,0,1]]",2,0.028533198169706286
level2_receiver_side_info,939,"[[0,0,1,0,1,0,0,0],[0,1,0,1],[1,1,0,1]]",4,0.0456971587074495
level2_receiver_side_info,939,"[[0,0,1,0,1,0,0,0],[0,1,0,1],[1,1,0,1]]",8,0.0647237743260059
level2_receiver_side_info,939,"[[0,0,1,0,1,0,0,0],[0,1,0,1],[1,1,0,1]]",16,0.08128352549864842
level2_receiver_side_info,939,"[[0,0,1,0,1,0,0,0],[0,1,0,1],[1,1,0,1]]",32,0.09305028484361932
level2_receiver_side_info,940,"[[0,0,1,0,1,0,0,0],[0,1,0,1],[1,0,1,1]]",0,0.0
level2_receiver_side_info,940,"[[0,0,1,0,1,0,0,0],[0,1,0,1],[1,0,1,1]]",1,0.01621124580150446
level2_receiver_side_info,940,"[[0,0,1,0,1,0,0,0],[0,1,0,1],[1,0,1,1]]",2,0.028533198169706342
level2_receiver_side_info,940,"[[0,0,1,0,1,0,0,0],[0,1,0,1],[1,0,1,1]]",4,0.0456971587074495
level2_receiver_side_info,940,"[[0,0,1,0,1,0,0,0],[0,1,0,1],[1,0,1,1]]",8,0.0647237743260059
level2_receiver_side_info,940,"[[0,0,1,0,1,0,0,0],[0,1,0,1],[1,0,1,1]]",16,0.08128352549864842
level2_receiver_side_info,940,"[[0,0,1,0,1,0,0,0],[0,1,0,1],[1,0,1,1]]",32,0.09305028484361938
level2_receiver_side_info,941,"[[0,0,1,0,1,0,0,0],[0,1,0,1],[1,0,0,1]]",0,0.0
level2_receiver_side_info,941,"[[0,0,1,0,1,0,0,0],[0,1,0,1],[1,0,0,1]]",1,0.05860388034055081
level2_receiver_side_info,941,"[[0,0,1,0,1,0,0,0],[0,1,0,1],[1,0,0,1]]",2,0.10360963497554826
level2_receiver_side_info,941,"[[0,0,1,0,1,0,0,0],[0,1,0,1],[1,0,0,1]]",4,0.16586347534839643
level2_receiver_side_info,941,"[[0,0,1,0,1,0,0,0],[0,1,0,1],[1,0,0,1]]",8,0.23177388954021425
level2_receiver_side_info,941,"[[0,0,1,0,1,0,0,0],[0,1,0,1],[1,0,0,1]]",16,0.2829520729874759
level2_receiver_side_info,941,"[[0,0,1,0,1,0,0,0],[0,1,0,1],[1,0,0,1]]",32,0.3139496737296405
level2_receiver_side_info,942,"[[0,0,1,0,1,0,0,0],[0,1,0,1],[1,0,0,0]]",0,0.0
level2_receiver_side_info,942,"[[0,0,1,0,1,0,0,0],[0,1,0,1],[1,0,0,0]]",1,0.01621124580150446
level2_receiver_side_info,942,"[[0,0,1,0,1,0,0,0],[0,1,0,1],[1,0,0,0]]",2,0.028533198169706397
level2_receiver_side_info,942,"[[0,0,1,0,1,0,0,0],[0,1,0,1],[1,0,0,0]]",4,0.0456971587074495
level2_receiver_side_info,942,"[[0,0,1,0,1,0,0,0],[0,1,0,1],[1,0,0,0]]",8,0.0647237743260059
level2_receiver_side_info,942,"[[0,0,1,0,1,0,0,0],[0,1,0,1],[1,0,0,0]]",16,0.08128352549864842
level2_receiver_side_info,942,"[[0,0,1,0,1,0,0,0],[0,1,0,1],[1,0,0,0]]",32,0.09305028484361938
level2_receiver_side_info,943,"[[0,0,1,0,1,0,0,0],[0,0,1,1],[1,1,1,0]]",0,0.0
level2_receiver_side_info,943,"[[0,0,1,0,1,0,0,0],[0,0,1,1],[1,1,1,0]]",1,0.01621124580150446
level2_receiver_side_info,943,"[[0,0,1,0,1,0,0,0],[0,0,1,1],[1,1,1,0]]",2,0.028533198169706342
level2_receiver_side_info,943,"[[0,0,1,0,1,0,0,0],[0,0,1,1],[1,1,1,0]]",4,0.0456971587074495
level2_receiver_side_info,943,"[[0,0,1,0,1,0,0,0],[0,0,1,1],[1,1,1,0]]",8,0.0647237743260059
level2_receiver_side_info,943,"[[0,0,1,0,1,0,0,0],[0,0,1,1],[1,1,1,0]]",16,0.08128352549864837
level2_receiver_side_info,943,"[[0,0,1,0,1,0,0,0],[0,0,1,1],[1,1,1,0]]",32,0.09305028484361938
level2_receiver_side_info,944,"[[0,0,1,0,1,0,0,0],[0,0,1,1],[1,1,0,1]]",0,0.0
level2_receiver_side_info,944,"[[0,0,1,0,1,0,0,0],[0,0,1,1],[1,1,0,1]]",1,0.01621124580150446
level2_receiver_side_info,944,"[[0,0,1,0,1,0,0,0],[0,0,1,1],[1,1,0,1]]",2,0.028533198169706286
level2_receiver_side_info,944,"[[0,0,1,0,1,0,0,0],[0,0,1,1],[1,1,0,1]]",4,0.0456971587074495
level2_receiver_side_info,944,"[[0,0,1,0,1,0,0,0],[0,0,1,1],[1,1,0,1]]",8,0.0647237743260059
level2_receiver_side_info,944,"[[0,0,1,0,1,0,0,0],[0,0,1,1],[1,1,0,1]]",16,0.08128352549864842
level2_receiver_side_info,944,"[[0,0,1,0,1,0,0,0],[0,0,1,1],[1,1,0,1]]",32,0.09305028484361932
level2_receiver_side_info,945,"[[0,0,1,0,1,0,0,0],[0,0,1,1],[1,0,1,1]]",0,0.0
level2_receiver_side_info,945,"[[0,0,1,0,1,0,0,0],[0,0,1,1],[1,0,1,1]]",1,0.01621124580150446
level2_receiver_side_info,945,"[[0,0,1,0,1,0,0,0],[0,0,1,1],[1,0,1,1]]",2,0.028533198169706342
level2_receiver_side_info,945,"[[0,0,1,0,1,0,0,0],[0,0,1,1],[1,0,1,1]]",4,0.0456971587074495
level2_receiver_side_info,945,"[[0,0,1,0,1,0,0,0],[0,0,1,1],[1,0,1,1]]",8,0.0647237743260059
level2_receiver_side_info,945,"[[0,0,1,0,1,0,0,0],[0,0,1,1],[1,0,1,1]]",16,0.08128352549864842
level2_receiver_side_info,945,"[[0,0,1,0,1,0,0,0],[0,0,1,1],[1,0,1,1]]",32,0.09305028484361938
level2_receiver_side_info,946,"[[0,0,1,0,1,0,0,0],[0,0,1,1],[1,0,0,1]]",0,0.0
level2_receiver_side_info,946,"[[0,0,1,0,1,0,0,0],[0,0,1,1],[1,0,0,1]]",1,0.05860388034055081
level2_receiver_side_info,946,"[[0,0,1,0,1,0,0,0],[0,0,1,1],[1,0,0,1]]",2,0.10360963497554826
level2_receiver_side_info,946,"[[0,0,1,0,1,0,0,0],[0,0,1,1],[1,0,0,1]]",4,0.16586347534839643
level2_receiver_side_info,946,"[[0,0,1,0,1,0,0,0],[0,0,1,1],[1,0,0,1]]",8,0.23177388954021425
level2_receiver_side_info,946,"[[0,0,1,0,1,0,0,0],[0,0,1,1],[1,0,0,1]]",16,0.2829520729874759
level2_receiver_side_info,946,"[[0,0,1,0,1,0,0,0],[0,0,1,1],[1,0,0,1]]",32,0.3139496737296405
level2_receiver_side_info,947,"[[0,0,1,0,1,0,0,0],[0,0,1,1],[1,0,0,0]]",0,0.0
level2_receiver_side_info,947,"[[0,0,1,0,1,0,0,0],[0,0,1,1],[1,0,0,0]]",1,0.01621124580150446
level2_receiver_side_info,947,"[[0,0,1,0,1,0,0,0],[0,0,1,1],[1,0,0,0]]",2,0.028533198169706397
level2_receiver_side_info,947,"[[0,0,1,0,1,0,0,0],[0,0,1,1],[1,0,0,0]]",4,0.0456971587074495
level2_receiver_side_info,947,"[[0,0,1,0,1,0,0,0],[0,0,1,1],[1,0,0,0]]",8,0.0647237743260059
level2_receiver_side_info,947,"[[0,0,1,0,1,0,0,0],[0,0,1,1],[1,0,0,0]]",16,0.08128352549864842
level2_receiver_side_info,947,"[[0,0,1,0,1,0,0,0],[0,0,1,1],[1,0,0,0]]",32,0.09305028484361938
level2_receiver_side_info,948,"[[0,0,1,0,0,0,1,0],[0,0,1,1],[0,0,0,1]]",0,0.0
level2_receiver_side_info,948,"[[0,0,1,0,0,0,1,0],[0,0,1,1],[0,0,0,1]]",1,0.01621124580150446
level2_receiver_side_info,948,"[[0,0,1,0,0,0,1,0],[0,0,1,1],[0,0,0,1]]",2,0.028533198169706342
level2_receiver_side_info,948,"[[0,0,1,0,0,0,1,0],[0,0,1,1],[0,0,0,1]]",4,0.0456971587074495
level2_receiver_side_info,948,"[[0,0,1,0,0,0,1,0],[0,0,1,1],[0,0,0,1]]",8,0.0647237743260059
level2_receiver_side_info,948,"[[0,0,1,0,0,0,1,0],[0,0,1,1],[0,0,0,1]]",16,0.08128352549864837
level2_receiver_side_info,948,"[[0,0,1,0,0,0,1,0],[0,0,1,1],[0,0,0,1]]",32,0.09305028484361938
level2_receiver_side_info,949,"[[0,0,1,0,0,0,1,0],[0,0,1,1],[0,0,1,0]]",0,0.0
level2_receiver_side_info,949,"[[0,0,1,0,0,0,1,0],[0,0,1,1],[0,0,1,0]]",1,0.01621124580150446
level2_receiver_side_info,949,"[[0,0,1,0,0,0,1,0],[0,0,1,1],[0,0,1,0]]",2,0.028533198169706286
level2_receiver_side_info,949,"[[0,0,1,0,0,0,1,0],[0,0,1,1],[0,0,1,0]]",4,0.0456971587074495
level2_receiver_side_info,949,"[[0,0,1,0,0,0,1,0],[0,0,1,1],[0,0,1,0]]",8,0.0647237743260059
level2_receiver_side_info,949,"[[0,0,1,0,0,0,1,0],[0,0,1,1],[0,0,1,0]]",16,0.08128352549864842
level2_receiver_side_info,949,"[[0,0,1,0,0,0,1,0],[0,0,1,1],[0,0,1,0]]",32,0.09305028484361932
level2_receiver_side_info,950,"[[0,0,1,0,0,0,1,0],[0,0,1,1],[0,1,0,0]]",0,0.0
level2_receiver_side_info,950,"[[0,0,1,0,0,0,1,0],[0,0,1,1],[0,1,0,0]]",1,0.01621124580150446
level2_receiver_side_info,950,"[[0,0,1,0,0,0,1,0],[0,0,1,1],[0,1,0,0]]",2,0.028533198169706397
level2_receiver_side_info,950,"[[0,0,1,0,0,0,1,0],[0,0,1,1],[0,1,0,0]]",4,0.0456971587074495
level2_receiver_side_info,950,"[[0,0,1,0,0,0,1,0],[0,0,1,1],[0,1,0,0]]",8,0.0647237743260059
level2_receiver_side_info,950,"[[0,0,1,0,0,0,1,0],[0,0,1,1],[0,1,0,0]]",16,0.08128352549864842
level2_receiver_side_info,950,"[[0,0,1,0,0,0,1,0],[0,0,1,1],[0,1,0,0]]",32,0.09305028484361938
level2_receiver_side_info,951,"[[0,0,1,0,0,0,1,0],[0,0,1,1],[0,1,0,1]]",0,0.0
level2_receiver_side_info,951,"[[0,0,1,0,0,0,1,0],[0,0,1,1],[0,1,0,1]]",1,0.05860388034055081
level2_receiver_side_info,951,"[[0,0,1,0,0,0,1,0],[0,0,1,1],[0,1,0,1]]",2,0.10360963497554826
level2_receiver_side_info,951,"[[0,0,1,0,0,0,1,0],[0,0,1,1],[0,1,0,1]]",4,0.16586347534839643
level2_receiver_side_info,951,"[[0,0,1,0,0,0,1,0],[0,0,1,1],[0,1,0,1]]",8,0.23177388954021425
level2_receiver_side_info,951,"[[0,0,1,0,0,0,1,0],[0,0,1,1],[0,1,0,1]]",16,0.2829520729874759
level2_receiver_side_info,951,"[[0,0,1,0,0,0,1,0],[0,0,1,1],[0,1,0,1]]",32,0.3139496737296405
level2_receiver_side_info,952,"[[0,0,1,0,0,0,1,0],[0,0,1,1],[0,1,1,1]]",0,0.0
level2_receiver_side_info,952,"[[0,0,1,0,0,0,1,0],[0,0,1,1],[0,1,1,1]]",1,0.01621124580150446
level2_receiver_side_info,952,"[[0,0,1,0,0,0,1,0],[0,0,1,1],[0,1,1,1]]",2,0.028533198169706342
level2_receiver_side_info,952,"[[0,0,1,0,0,0,1,0],[0,0,1,1],[0,1,1,1]]",4,0.0456971587074495
level2_receiver_side_info,952,"[[0,0,1,0,0,0,1,0],[0,0,1,1],[0,1,1,1]]",8,0.0647237743260059
level2_receiver_side_info,952,"[[0,0,1,0,0,0,1,0],[0,0,1,1],[0,1,1,1]]",16,0.08128352549864842
level2_receiver_side_info,952,"[[0,0,1,0,0,0,1,0],[0,0,1,1],[0,1,1,1]]",32,0.09305028484361938
level2_receiver_side_info,953,"[[0,0,1,0,0,0,1,0],[0,1,1,0],[0,0,0,1]]",0,0.0
level2_receiver_side_info,953,"[[0,0,1,0,0,0,1,0],[0,1,1,0],[0,0,0,1]]",1,0.01621124580150446
level2_receiver_side_info,953,"[[0,0,1,0,0,0,1,0],[0,1,1,0],[0,0,0,1]]",2,0.028533198169706342
level2_receiver_side_info,953,"[[0,0,1,0,0,0,1,0],[0,1,1,0],[0,0,0,1]]",4,0.0456971587074495
level2_receiver_side_info,953,"[[0,0,1,0,0,0,1,0],[0,1,1,0],[0,0,0,1]]",8,0.0647237743260059
level2_receiver_side_info,953,"[[0,0,1,0,0,0,1,0],[0,1,1,0],[0,0,0,1]]",16,0.08128352549864837
level2_receiver_side_info,953,"[[0,0,1,0,0,0,1,0],[0,1,1,0],[0,0,0,1]]",32,0.09305028484361938
level2_receiver_side_info,954,"[[0,0,1,0,0,0,1,0],[0,1,1,0],[0,0,1,0]]",0,0.0
level2_receiver_side_info,954,"[[0,0,1,0,0,0,1,0],[0,1,1,0],[0,0,1,0]]",1,0.01621124580150446
level2_receiver_side_info,954,"[[0,0,1,0,0,0,1,0],[0,1,1,0],[0,0,1,0]]",2,0.028533198169706286
level2_receiver_side_info,954,"[[0,0,1,0,0,0,1,0],[0,1,1,0],[0,0,1,0]]",4,0.0456971587074495
level2_receiver_side_info,954,"[[0,0,1,0,0,0,1,0],[0,1,1,0],[0,0,1,0]]",8,0.0647237743260059
level2_receiver_side_info,954,"[[0,0,1,0,0,0,1,0],[0,1,1,0],[0,0,1,0]]",16,0.08128352549864842
level2_receiver_side_info,954,"[[0,0,1,0,0,0,1,0],[0,1,1,0],[0,0,1,0]]",32,0.09305028484361932
level2_receiver_side_info,955,"[[0,0,1,0,0,0,1,0],[0,1,1,0],[0,1,0,0]]",0,0.0
level2_receiver_side_info,955,"[[0,0,1,0,0,0,1,0],[0,1,1,0],[0,1,0,0]]",1,0.01621124580150446
level2_receiver_side_info,955,"[[0,0,1,0,0,0,1,0],[0,1,1,0],[0,1,0,0]]",2,0.028533198169706397
level2_receiver_side_info,955,"[[0,0,1,0,0,0,1,0],[0,1,1,0],[0,1,0,0]]",4,0.0456971587074495
level2_receiver_side_info,955,"[[0,0,1,0,0,0,1,0],[0,1,1,0],[0,1,0,0]]",8,0.0647237743260059
level2_receiver_side_info,955,"[[0,0,1,0,0,0,1,0],[0,1,1,0],[0,1,0,0]]",16,0.08128352549864842
level2_receiver_side_info,955,"[[0,0,1,0,0,0,1,0],[0,1,1,0],[0,1,0,0]]",32,0.09305028484361938
level2_receiver_side_info,956,"[[0,0,1,0,0,0,1,0],[0,1,1,0],[0,1,0,1]]",0,0.0
level2_receiver_side_info,956,"[[0,0,1,0,0,0,1,0],[0,1,1,0],[0,1,0,1]]",1,0.05860388034055081
level2_receiver_side_info,956,"[[0,0,1,0,0,0,1,0],[0,1,1,0],[0,1,0,1]]",2,0.10360963497554826
level2_receiver_side_info,956,"[[0,0,1,0,0,0,1,0],[0,1,1,0],[0,1,0,1]]",4,0.16586347534839643
level2_receiver_side_info,956,"[[0,0,1,0,0,0,1,0],[0,1,1,0],[0,1,0,1]]",8,0.23177388954021425
level2_receiver_side_info,956,"[[0,0,1,0,0,0,1,0],[0,1,1,0],[0,1,0,1]]",16,0.2829520729874759
level2_receiver_side_info,956,"[[0,0,1,0,0,0,1,0],[0,1,1,0],[0,1,0,1]]",32,0.3139496737296405
level2_receiver_side_info,957,"[[0,0,1,0,0,0,1,0],[0,1,1,0],[0,1,1,1]]",0,0.0
level2_receiver_side_info,957,"[[0,0,1,0,0,0,1,0],[0,1,1,0],[0,1,1,1]]",1,0.01621124580150446
level2_receiver_side_info,957,"[[0,0,1,0,0,0,1,0],[0,1,1,0],[0,1,1,1]]",2,0.028533198169706342
level2_receiver_side_info,957,"[[0,0,1,0,0,0,1,0],[0,1,1,0],[0,1,1,1]]",4,0.0456971587074495
level2_receiver_side_info,957,"[[0,0,1,0,0,0,1,0],[0,1,1,0],[0,1,1,1]]",8,0.0647237743260059
level2_receiver_side_info,957,"[[0,0,1,0,0,0,1,0],[0,1,1,0],[0,1,1,1]]",16,0.08128352549864842
level2_receiver_side_info,957,"[[0,0,1,0,0,0,1,0],[0,1,1,0],[0,1,1,1]]",32,0.09305028484361938
level2_receiver_side_info,958,"[[0,0,1,0,0,0,1,0],[0,1,1,0],[1,1,1,0]]",0,0.0
level2_receiver_side_info,958,"[[0,0,1,0,0,0,1,0],[0,1,1,0],[1,1,1,0]]",1,0.01621124580150446
level2_receiver_side_info,958,"[[0,0,1,0,0,0,1,0],[0,1,1,0],[1,1,1,0]]",2,0.028533198169706342
level2_receiver_side_info,958,"[[0,0,1,0,0,0,1,0],[0,1,1,0],[1,1,1,0]]",4,0.0456971587074495
level2_receiver_side_info,958,"[[0,0,1,0,0,0,1,0],[0,1,1,0],[1,1,1,0]]",8,0.0647237743260059
level2_receiver_side_info,958,"[[0,0,1,0,0,0,1,0],[0,1,1,0],[1,1,1,0]]",16,0.08128352549864837
level2_receiver_side_info,958,"[[0,0,1,0,0,0,1,0],[0,1,1,0],[1,1,1,0]]",32,0.09305028484361938
level2_receiver_side_info,959,"[[0,0,1,0,0,0,1,0],[0,1,1,0],[1,1,0,1]]",0,0.0
level2_receiver_side_info,959,"[[0,0,1,0,0,0,1,0],[0,1,1,0],[1,1,0,1]]",1,0.01621124580150446
level2_receiver_side_info,959,"[[0,0,1,0,0,0,1,0],[0,1,1,0],[1,1,0,1]]",2,0.028533198169706286
level2_receiver_side_info,959,"[[0,0,1,0,0,0,1,0],[0,1,1,0],[1,1,0,1]]",4,0.0456971587074495
level2_receiver_side_info,959,"[[0,0,1,0,0,0,1,0],[0,1,1,0],[1,1,0,1]]",8,0.0647237743260059
level2_receiver_side_info,959,"[[0,0,1,0,0,0,1,0],[0,1,1,0],[1,1,0,1]]",16,0.08128352549864842
level2_receiver_side_info,959,"[[0,0,1,0,0,0,1,0],[0,1,1,0],[1,1,0,1]]",32,0.09305028484361932
level2_receiver_side_info,960,"[[0,0,1,0,0,0,1,0],[0,1,1,0],[1,0,1,1]]",0,0.0
level2_receiver_side_info,960,"[[0,0,1,0,0,0,1,0],[0,1,1,0],[1,0,1,1]]",1,0.01621124580150446
level2_receiver_side_info,960,"[[0,0,1,0,0,0,1,0],[0,1,1,0],[1,0,1,1]]",2,0.028533198169706397
level2_receiver_side_info,960,"[[0,0,1,0,0,0,1,0],[0,1,1,0],[1,0,1,1]]",4,0.0456971587074495
level2_receiver_side_info,960,"[[0,0,1,0,0,0,1,0],[0,1,1,0],[1,0,1,1]]",8,0.0647237743260059
level2_receiver_side_info,960,"[[0,0,1,0,0,0,1,0],[0,1,1,0],[1,0,1,1]]",16,0.08128352549864842
level2_receiver_side_info,960,"[[0,0,1,0,0,0,1,0],[0,1,1,0],[1,0,1,1]]",32,0.09305028484361938
level2_receiver_side_info,961,"[[0,0,1,0,0,0,1,0],[0,1,1,0],[1,0,1,0]]",0,0.0
level2_receiver_side_info,961,"[[0,0,1,0,0,0,1,0],[0,1,1,0],[1,0,1,0]]",1,0.05860388034055081
level2_receiver_side_info,961,"[[0,0,1,0,0,0,1,0],[0,1,1,0],[1,0,1,0]]",2,0.10360963497554826
level2_receiver_side_info,961,"[[0,0,1,0,0,0,1,0],[0,1,1,0],[1,0,1,0]]",4,0.16586347534839643
level2_receiver_side_info,961,"[[0,0,1,0,0,0,1,0],[0,1,1,0],[1,0,1,0]]",8,0.23177388954021425
level2_receiver_side_info,961,"[[0,0,1,0,0,0,1,0],[0,1,1,0],[1,0,1,0]]",16,0.2829520729874759
level2_receiver_side_info,961,"[[0,0,1,0,0,0,1,0],[0,1,1,0],[1,0,1,0]]",32,0.3139496737296405
level2_receiver_side_info,962,"[[0,0,1,0,0,0,1,0],[0,1,1,0],[1,0,0,0]]",0,0.0
level2_receiver_side_info,962,"[[0,0,1,0,0,0,1,0],[0,1,1,0],[1,0,0,0]]",1,0.01621124580150446
level2_receiver_side_info,962,"[[0,0,1,0,0,0,1,0],[0,1,1,0],[1,0,0,0]]",2,0.028533198169706342
level2_receiver_side_info,962,"[[0,0,1,0,0,0,1,0],[0,1,1,0],[1,0,0,0]]",4,0.0456971587074495
level2_receiver_side_info,962,"[[0,0,1,0,0,0,1,0],[0,1,1,0],[1,0,0,0]]",8,0.0647237743260059
level2_receiver_side_info,962,"[[0,0,1,0,0,0,1,0],[0,1,1,0],[1,0,0,0]]",16,0.08128352549864842
level2_receiver_side_info,962,"[[0,0,1,0,0,0,1,0],[0,1,1,0],[1,0,0,0]]",32,0.09305028484361938
level2_receiver_side_info,963,"[[0,0,1,0,0,0,1,0],[0,0,1,1],[1,1,1,0]]",0,0.0
level2_receiver_side_info,963,"[[0,0,1,0,0,0,1,0],[0,0,1,1],[1,1,1,0]]",1,0.01621124580150446
level2_receiver_side_info,963,"[[0,0,1,0,0,0,1,0],[0,0,1,1],[1,1,1,0]]",2,0.028533198169706342
level2_receiver_side_info,963,"[[0,0,1,0,0,0,1,0],[0,0,1,1],[1,1,1,0]]",4,0.0456971587074495
level2_receiver_side_info,963,"[[0,0,1,0,0,0,1,0],[0,0,1,1],[1,1,1,0]]",8,0.0647237743260059
level2_receiver_side_info,963,"[[0,0,1,0,0,0,1,0],[0,0,1,1],[1,1,1,0]]",16,0.08128352549864837
level2_receiver_side_info,963,"[[0,0,1,0,0,0,1,0],[0,0,1,1],[1,1,1,0]]",32,0.09305028484361938
level2_receiver_side_info,964,"[[0,0,1,0,0,0,1,0],[0,0,1,1],[1,1,0,1]]",0,0.0
level2_receiver_side_info,964,"[[0,0,1,0,0,0,1,0],[0,0,1,1],[1,1,0,1]]",1,0.01621124580150446
level2_receiver_side_info,964,"[[0,0,1,0,0,0,1,0],[0,0,1,1],[1,1,0,1]]",2,0.028533198169706286
level2_receiver_side_info,964,"[[0,0,1,0,0,0,1,0],[0,0,1,1],[1,1,0,1]]",4,0.0456971587074495
level2_receiver_side_info,964,"[[0,0,1,0,0,0,1,0],[0,0,1,1],[1,1,0,1]]",8,0.0647237743260059
level2_receiver_side_info,964,"[[0,0,1,0,0,0,1,0],[0,0,1,1],[1,1,0,1]]",16,0.08128352549864842
level2_receiver_side_info,964,"[[0,0,1,0,0,0,1,0],[0,0,1,1],[1,1,0,1]]",32,0.09305028484361932
level2_receiver_side_info,965,"[[0,0,1,0,0,0,1,0],[0,0,1,1],[1,0,1,1]]",0,0.0
level2_receiver_side_info,965,"[[0,0,1,0,0,0,1,0],[0,0,1,1],[1,0,1,1]]",1,0.01621124580150446
level2_receiver_side_info,965,"[[0,0,1,0,0,0,1,0],[0,0,1,1],[1,0,1,1]]",2,0.028533198169706397
level2_receiver_side_info,965,"[[0,0,1,0,0,0,1,0],[0,0,1,1],[1,0,1,1]]",4,0.0456971587074495
level2_receiver_side_info,965,"[[0,0,1,0,0,0,1,0],[0,0,1,1],[1,0,1,1]]",8,0.0647237743260059
level2_receiver_side_info,965,"[[0,0,1,0,0,0,1,0],[0,0,1,1],[1,0,1,1]]",16,0.08128352549864842
level2_receiver_side_info,965,"[[0,0,1,0,0,0,1,0],[0,0,1,1],[1,0,1,1]]",32,0.09305028484361938
level2_receiver_side_info,966,"[[0,0,1,0,0,0,1,0],[0,0,1,1],[1,0,1,0]]",0,0.0
level2_receiver_side_info,966,"[[0,0,1,0,0,0,1,0],[0,0,1,1],[1,0,1,0]]",1,0.05860388034055081
level2_receiver_side_info,966,"[[0,0,1,0,0,0,1,0],[0,0,1,1],[1,0,1,0]]",2,0.10360963497554826
level2_receiver_side_info,966,"[[0,0,1,0,0,0,1,0],[0,0,1,1],[1,0,1,0]]",4,0.16586347534839643
level2_receiver_side_info,966,"[[0,0,1,0,0,0,1,0],[0,0,1,1],[1,0,1,0]]",8,0.23177388954021425
level2_receiver_side_info,966,"[[0,0,1,0,0,0,1,0],[0,0,1,1],[1,0,1,0]]",16,0.2829520729874759
level2_receiver_side_info,966,"[[0,0,1,0,0,0,1,0],[0,0,1,1],[1,0,1,0]]",32,0.3139496737296405
level2_receiver_side_info,967,"[[0,0,1,0,0,0,1,0],[0,0,1,1],[1,0,0,0]]",0,0.0
level2_receiver_side_info,967,"[[0,0,1,0,0,0,1,0],[0,0,1,1],[1,0,0,0]]",1,0.01621124580150446
level2_receiver_side_info,967,"[[0,0,1,0,0,0,1,0],[0,0,1,1],[1,0,0,0]]",2,0.028533198169706342
level2_receiver_side_info,967,"[[0,0,1,0,0,0,1,0],[0,0,1,1],[1,0,0,0]]",4,0.0456971587074495
level2_receiver_side_info,967,"[[0,0,1,0,0,0,1,0],[0,0,1,1],[1,0,0,0]]",8,0.0647237743260059
level2_receiver_side_info,967,"[[0,0,1,0,0,0,1,0],[0,0,1,1],[1,0,0,0]]",16,0.08128352549864842
level2_receiver_side_info,967,"[[0,0,1,0,0,0,1,0],[0,0,1,1],[1,0,0,0]]",32,0.09305028484361938
level2_receiver_side_info,968,"[[0,0,1,0,0,0,0,0],[0,0,0,1],[1,0,1,1]]",0,0.007042719241674045
level2_receiver_side_info,968,"[[0,0,1,0,0,0,0,0],[0,0,0,1],[1,0,1,1]]",1,0.043652143186217685
level2_receiver_side_info,968,"[[0,0,1,0,0,0,0,0],[0,0,0,1],[1,0,1,1]]",2,0.07195128098324621
level2_receiver_side_info,968,"[[0,0,1,0,0,0,0,0],[0,0,0,1],[1,0,1,1]]",4,0.11242296217865763
level2_receiver_side_info,968,"[[0,0,1,0,0,0,0,0],[0,0,0,1],[1,0,1,1]]",8,0.15854956604460907
level2_receiver_side_info,968,"[[0,0,1,0,0,0,0,0],[0,0,0,1],[1,0,1,1]]",16,0.19702626025256342
level2_receiver_side_info,968,"[[0,0,1,0,0,0,0,0],[0,0,0,1],[1,0,1,1]]",32,0.21969614553731964
level2_receiver_side_info,969,"[[0,0,1,0,0,0,0,0],[0,0,1,0],[1,0,1,1]]",0,0.007042719241674045
level2_receiver_side_info,969,"[[0,0,1,0,0,0,0,0],[0,0,1,0],[1,0,1,1]]",1,0.043652143186217685
level2_receiver_side_info,969,"[[0,0,1,0,0,0,0,0],[0,0,1,0],[1,0,1,1]]",2,0.07195128098324621
level2_receiver_side_info,969,"[[0,0,1,0,0,0,0,0],[0,0,1,0],[1,0,1,1]]",4,0.11242296217865763
level2_receiver_side_info,969,"[[0,0,1,0,0,0,0,0],[0,0,1,0],[1,0,1,1]]",8,0.15854956604460907
level2_receiver_side_info,969,"[[0,0,1,0,0,0,0,0],[0,0,1,0],[1,0,1,1]]",16,0.19702626025256348
level2_receiver_side_info,969,"[[0,0,1,0,0,0,0,0],[0,0,1,0],[1,0,1,1]]",32,0.21969614553731964
level2_receiver_side_info,970,"[[0,0,1,0,0,0,0,0],[0,1,1,1],[0,1,0,0]]",0,0.007042719241674045
level2_receiver_side_info,970,"[[0,0,1,0,0,0,0,0],[0,1,1,1],[0,1,0,0]]",1,0.043652143186217685
level2_receiver_side_info,970,"[[0,0,1,0,0,0,0,0],[0,1,1,1],[0,1,0,0]]",2,0.07195128098324621
level2_receiver_side_info,970,"[[0,0,1,0,0,0,0,0],[0,1,1,1],[0,1,0,0]]",4,0.11242296217865763
level2_receiver_side_info,970,"[[0,0,1,0,0,0,0,0],[0,1,1,1],[0,1,0,0]]",8,0.15854956604460907
level2_receiver_side_info,970,"[[0,0,1,0,0,0,0,0],[0,1,1,1],[0,1,0,0]]",16,0.19702626025256342
level2_receiver_side_info,970,"[[0,0,1,0,0,0,0,0],[0,1,1,1],[0,1,0,0]]",32,0.2196961455373196
level2_receiver_side_info,971,"[[0,0,1,0,0,0,0,0],[0,1,1,1],[0,1,0,0]]",0,0.007042719241674045
level2_receiver_side_info,971,"[[0,0,1,0,0,0,0,0],[0,1,1,1],[0,1,0,0]]",1,0.043652143186217685
level2_receiver_side_info,971,"[[0,0,1,0,0,0,0,0],[0,1,1,1],[0,1,0,0]]",2,0.07195128098324621
level2_receiver_side_info,971,"[[0,0,1,0,0,0,0,0],[0,1,1,1],[0,1,0,0]]",4,0.11242296217865763
level2_receiver_side_info,971,"[[0,0,1,0,0,0,0,0],[0,1,1,1],[0,1,0,0]]",8,0.15854956604460907
level2_receiver_side_info,971,"[[0,0,1,0,0,0,0,0],[0,1,1,1],[0,1,0,0]]",16,0.19702626025256342
level2_receiver_side_info,971,"[[0,0,1,0,0,0,0,0],[0,1,1,1],[0,1,0,0]]",32,0.2196961455373196
level2_receiver_side_info,972,"[[0,0,1,0,0,0,0,0],[0,0,1,0],[1,0,1,1]]",0,0.007042719241674045
level2_receiver_side_info,972,"[[0,0,1,0,0,0,0,0],[0,0,1,0],[1,0,1,1]]",1,0.043652143186217685
level2_receiver_side_info,972,"[[0,0,1,0,0,0,0,0],[0,0,1,0],[1,0,1,1]]",2,0.07195128098324621
level2_receiver_side_info,972,"[[0,0,1,0,0,0,0,0],[0,0,1,0],[1,0,1,1]]",4,0.11242296217865763
level2_receiver_side_info,972,"[[0,0,1,0,0,0,0,0],[0,0,1,0],[1,0,1,1]]",8,0.15854956604460907
level2_receiver_side_info,972,"[[0,0,1,0,0,0,0,0],[0,0,1,0],[1,0,1,1]]",16,0.19702626025256348
level2_receiver_side_info,972,"[[0,0,1,0,0,0,0,0],[0,0,1,0],[1,0,1,1]]",32,0.21969614553731964
level2_receiver_side_info,973,"[[0,0,1,0,0,0,0,0],[0,0,0,1],[1,0,1,1]]",0,0.007042719241674045
level2_receiver_side_info,973,"[[0,0,1,0,0,0,0,0],[0,0,0,1],[1,0,1,1]]",1,0.043652143186217685
level2_receiver_side_info,973,"[[0,0,1,0,0,0,0,0],[0,0,0,1],[1,0,1,1]]",2,0.07195128098324621
level2_receiver_side_info,973,"[[0,0,1,0,0,0,0,0],[0,0,0,1],[1,0,1,1]]",4,0.11242296217865763
level2_receiver_side_info,973,"[[0,0,1,0,0,0,0,0],[0,0,0,1],[1,0,1,1]]",8,0.15854956604460907
level2_receiver_side_info,973,"[[0,0,1,0,0,0,0,0],[0,0,0,1],[1,0,1,1]]",16,0.19702626025256342
level2_receiver_side_info,973,"[[0,0,1,0,0,0,0,0],[0,0,0,1],[1,0,1,1]]",32,0.21969614553731964
level2_receiver_side_info,974,"[[0,0,0,1,0,1,0,1],[0,0,0,1],[0,1,1,1]]",0,0.007042719241674045
level2_receiver_side_info,974,"[[0,0,0,1,0,1,0,1],[0,0,0,1],[0,1,1,1]]",1,0.043652143186217685
level2_receiver_side_info,974,"[[0,0,0,1,0,1,0,1],[0,0,0,1],[0,1,1,1]]",2,0.07195128098324621
level2_receiver_side_info,974,"[[0,0,0,1,0,1,0,1],[0,0,0,1],[0,1,1,1]]",4,0.11242296217865763
level2_receiver_side_info,974,"[[0,0,0,1,0,1,0,1],[0,0,0,1],[0,1,1,1]]",8,0.15854956604460907
level2_receiver_side_info,974,"[[0,0,0,1,0,1,0,1],[0,0,0,1],[0,1,1,1]]",16,0.19702626025256342
level2_receiver_side_info,974,"[[0,0,0,1,0,1,0,1],[0,0,0,1],[0,1,1,1]]",32,0.21969614553731964
level2_receiver_side_info,975,"[[0,0,0,1,0,1,0,1],[0,0,1,0],[0,1,1,1]]",0,0.007042719241674045
level2_receiver_side_info,975,"[[0,0,0,1,0,1,0,1],[0,0,1,0],[0,1,1,1]]",1,0.043652143186217685
level2_receiver_side_info,975,"[[0,0,0,1,0,1,0,1],[0,0,1,0],[0,1,1,1]]",2,0.07195128098324621
level2_receiver_side_info,975,"[[0,0,0,1,0,1,0,1],[0,0,1,0],[0,1,1,1]]",4,0.11242296217865763
level2_receiver_side_info,975,"[[0,0,0,1,0,1,0,1],[0,0,1,0],[0,1,1,1]]",8,0.15854956604460907
level2_receiver_side_info,975,"[[0,0,0,1,0,1,0,1],[0,0,1,0],[0,1,1,1]]",16,0.19702626025256348
level2_receiver_side_info,975,"[[0,0,0,1,0,1,0,1],[0,0,1,0],[0,1,1,1]]",32,0.21969614553731964
level2_receiver_side_info,976,"[[0,0,0,1,0,1,0,1],[0,0,1,1],[0,1,1,1]]",0,0.06385320297074876
level2_receiver_side_info,976,"[[0,0,0,1,0,1,0,1],[0,0,1,1],[0,1,1,1]]",1,0.07704682264253404
level2_receiver_side_info,976,"[[0,0,0,1,0,1,0,1],[0,0,1,1],[0,1,1,1]]",2,0.08780218399432074
level2_receiver_side_info,976,"[[0,0,0,1,0,1,0,1],[0,0,1,1],[0,1,1,1]]",4,0.10415228924648534
level2_receiver_side_info,976,"[[0,0,0,1,0,1,0,1],[0,0,1,1],[0,1,1,1]]",8,0.12453241233105772
level2_receiver_side_info,976,"[[0,0,0,1,0,1,0,1],[0,0,1,1],[0,1,1,1]]",16,0.14385004263287587
level2_receiver_side_info,976,"[[0,0,0,1,0,1,0,1],[0,0,1,1],[0,1,1,1]]",32,0.15747949742783532
level2_receiver_side_info,977,"[[0,0,0,1,0,1,0,1],[0,1,0,0],[0,1,1,1]]",0,0.007042719241673989
level2_receiver_side_info,977,"[[0,0,0,1,0,1,0,1],[0,1,0,0],[0,1,1,1]]",1,0.043652143186217685
level2_receiver_side_info,977,"[[0,0,0,1,0,1,0,1],[0,1,0,0],[0,1,1,1]]",2,0.07195128098324621
level2_receiver_side_info,977,"[[0,0,0,1,0,1,0,1],[0,1,0,0],[0,1,1,1]]",4,0.11242296217865758
level2_receiver_side_info,977,"[[0,0,0,1,0,1,0,1],[0,1,0,0],[0,1,1,1]]",8,0.15854956604460907
level2_receiver_side_info,977,"[[0,0,0,1,0,1,0,1],[0,1,0,0],[0,1,1,1]]",16,0.19702626025256348
level2_receiver_side_info,977,"[[0,0,0,1,0,1,0,1],[0,1,0,0],[0,1,1,1]]",32,0.21969614553731964
level2_receiver_side_info,978,"[[0,0,0,1,0,1,0,1],[0,1,0,1],[0,1,1,1]]",0,0.06385320297074876
level2_receiver_side_info,978,"[[0,0,0,1,0,1,0,1],[0,1,0,1],[0,1,1,1]]",1,0.07704682264253404
level2_receiver_side_info,978,"[[0,0,0,1,0,1,0,1],[0,1,0,1],[0,1,1,1]]",2,0.08780218399432074
level2_receiver_side_info,978,"[[0,0,0,1,0,1,0,1],[0,1,0,1],[0,1,1,1]]",4,0.10415228924648534
level2_receiver_side_info,978,"[[0,0,0,1,0,1,0,1],[0,1,0,1],[0,1,1,1]]",8,0.12453241233105772
level2_receiver_side_info,978,"[[0,0,0,1,0,1,0,1],[0,1,0,1],[0,1,1,1]]",16,0.14385004263287587
level2_receiver_side_info,978,"[[0,0,0,1,0,1,0,1],[0,1,0,1],[0,1,1,1]]",32,0.15747949742783532
level2_receiver_side_info,979,"[[0,0,0,1,0,1,0,1],[0,1,1,0],[0,1,1,1]]",0,0.06385320297074881
level2_receiver_side_info,979,"[[0,0,0,1,0,1,0,1],[0,1,1,0],[0,1,1,1]]",1,0.07704682264253404
level2_receiver_side_info,979,"[[0,0,0,1,0,1,0,1],[0,1,1,0],[0,1,1,1]]",2,0.08780218399432074
level2_receiver_side_info,979,"[[0,0,0,1,0,1,0,1],[0,1,1,0],[0,1,1,1]]",4,0.1041522892464854
level2_receiver_side_info,979,"[[0,0,0,1,0,1,0,1],[0,1,1,0],[0,1,1,1]]",8,0.12453241233105772
level2_receiver_side_info,979,"[[0,0,0,1,0,1,0,1],[0,1,1,0],[0,1,1,1]]",16,0.14385004263287587
level2_receiver_side_info,979,"[[0,0,0,1,0,1,0,1],[0,1,1,0],[0,1,1,1]]",32,0.15747949742783532
level2_receiver_side_info,980,"[[0,0,0,1,0,1,0,1],[0,1,1,0],[0,1,1,1]]",0,0.06385320297074881
level2_receiver_side_info,980,"[[0,0,0,1,0,1,0,1],[0,1,1,0],[0,1,1,1]]",1,0.07704682264253404
level2_receiver_side_info,980,"[[0,0,0,1,0,1,0,1],[0,1,1,0],[0,1,1,1]]",2,0.08780218399432074
level2_receiver_side_info,980,"[[0,0,0,1,0,1,0,1],[0,1,1,0],[0,1,1,1]]",4,0.1041522892464854
level2_receiver_side_info,980,"[[0,0,0,1,0,1,0,1],[0,1,1,0],[0,1,1,1]]",8,0.12453241233105772
level2_receiver_side_info,980,"[[0,0,0,1,0,1,0,1],[0,1,1,0],[0,1,1,1]]",16,0.14385004263287587
level2_receiver_side_info,980,"[[0,0,0,1,0,1,0,1],[0,1,1,0],[0,1,1,1]]",32,0.15747949742783532
level2_receiver_side_info,981,"[[0,0,0,1,0,1,0,1],[0,1,0,1],[0,1,1,1]]",0,0.06385320297074876
level2_receiver_side_info,981,"[[0,0,0,1,0,1,0,1],[0,1,0,1],[0,1,1,1]]",1,0.07704682264253404
level2_receiver_side_info,981,"[[0,0,0,1,0,1,0,1],[0,1,0,1],[0,1,1,1]]",2,0.08780218399432074
level2_receiver_side_info,981,"[[0,0,0,1,0,1,0,1],[0,1,0,1],[0,1,1,1]]",4,0.10415228924648534
level2_receiver_side_info,981,"[[0,0,0,1,0,1,0,1],[0,1,0,1],[0,1,1,1]]",8,0.12453241233105772
level2_receiver_side_info,981,"[[0,0,0,1,0,1,0,1],[0,1,0,1],[0,1,1,1]]",16,0.14385004263287587
level2_receiver_side_info,981,"[[0,0,0,1,0,1,0,1],[0,1,0,1],[0,1,1,1]]",32,0.15747949742783532
level2_receiver_side_info,982,"[[0,0,0,1,0,1,0,1],[0,1,0,0],[0,1,1,1]]",0,0.007042719241673989
level2_receiver_side_info,982,"[[0,0,0,1,0,1,0,1],[0,1,0,0],[0,1,1,1]]",1,0.043652143186217685
level2_receiver_side_info,982,"[[0,0,0,1,0,1,0,1],[0,1,0,0],[0,1,1,1]]",2,0.07195128098324621
level2_receiver_side_info,982,"[[0,0,0,1,0,1,0,1],[0,1,0,0],[0,1,1,1]]",4,0.11242296217865758
level2_receiver_side_info,982,"[[0,0,0,1,0,1,0,1],[0,1,0,0],[0,1,1,1]]",8,0.15854956604460907
level2_receiver_side_info,982,"[[0,0,0,1,0,1,0,1],[0,1,0,0],[0,1,1,1]]",16,0.19702626025256348
level2_receiver_side_info,982,"[[0,0,0,1,0,1,0,1],[0,1,0,0],[0,1,1,1]]",32,0.21969614553731964
level2_receiver_side_info,983,"[[0,0,0,1,0,1,0,1],[0,0,1,1],[0,1,1,1]]",0,0.06385320297074876
level2_receiver_side_info,983,"[[0,0,0,1,0,1,0,1],[0,0,1,1],[0,1,1,1]]",1,0.07704682264253404
level2_receiver_side_info,983,"[[0,0,0,1,0,1,0,1],[0,0,1,1],[0,1,1,1]]",2,0.08780218399432074
level2_receiver_side_info,983,"[[0,0,0,1,0,1,0,1],[0,0,1,1],[0,1,1,1]]",4,0.10415228924648534
level2_receiver_side_info,983,"[[0,0,0,1,0,1,0,1],[0,0,1,1],[0,1,1,1]]",8,0.12453241233105772
level2_receiver_side_info,983,"[[0,0,0,1,0,1,0,1],[0,0,1,1],[0,1,1,1]]",16,0.14385004263287587
level2_receiver_side_info,983,"[[0,0,0,1,0,1,0,1],[0,0,1,1],[0,1,1,1]]",32,0.15747949742783532
level2_receiver_side_info,984,"[[0,0,0,1,0,1,0,1],[0,0,1,0],[0,1,1,1]]",0,0.007042719241674045
level2_receiver_side_info,984,"[[0,0,0,1,0,1,0,1],[0,0,1,0],[0,1,1,1]]",1,0.043652143186217685
level2_receiver_side_info,984,"[[0,0,0,1,0,1,0,1],[0,0,1,0],[0,1,1,1]]",2,0.07195128098324621
level2_receiver_side_info,984,"[[0,0,0,1,0,1,0,1],[0,0,1,0],[0,1,1,1]]",4,0.11242296217865763
level2_receiver_side_info,984,"[[0,0,0,1,0,1,0,1],[0,0,1,0],[0,1,1,1]]",8,0.15854956604460907
level2_receiver_side_info,984,"[[0,0,0,1,0,1,0,1],[0,0,1,0],[0,1,1,1]]",16,0.19702626025256348
level2_receiver_side_info,984,"[[0,0,0,1,0,1,0,1],[0,0,1,0],[0,1,1,1]]",32,0.21969614553731964
level2_receiver_side_info,985,"[[0,0,0,1,0,1,0,1],[0,0,0,1],[0,1,1,1]]",0,0.007042719241674045
level2_receiver_side_info,985,"[[0,0,0,1,0,1,0,1],[0,0,0,1],[0,1,1,1]]",1,0.043652143186217685
level2_receiver_side_info,985,"[[0,0,0,1,0,1,0,1],[0,0,0,1],[0,1,1,1]]",2,0.07195128098324621
level2_receiver_side_info,985,"[[0,0,0,1,0,1,0,1],[0,0,0,1],[0,1,1,1]]",4,0.11242296217865763
level2_receiver_side_info,985,"[[0,0,0,1,0,1,0,1],[0,0,0,1],[0,1,1,1]]",8,0.15854956604460907
level2_receiver_side_info,985,"[[0,0,0,1,0,1,0,1],[0,0,0,1],[0,1,1,1]]",16,0.19702626025256342
level2_receiver_side_info,985,"[[0,0,0,1,0,1,0,1],[0,0,0,1],[0,1,1,1]]",32,0.21969614553731964
level2_receiver_side_info,986,"[[0,0,0,1,0,1,0,0],[0,0,1,1],[0,0,0,1]]",0,0.0
level2_receiver_side_info,986,"[[0,0,0,1,0,1,0,0],[0,0,1,1],[0,0,0,1]]",1,0.01621124580150446
level2_receiver_side_info,986,"[[0,0,0,1,0,1,0,0],[0,0,1,1],[0,0,0,1]]",2,0.028533198169706342
level2_receiver_side_info,986,"[[0,0,0,1,0,1,0,0],[0,0,1,1],[0,0,0,1]]",4,0.0456971587074495
level2_receiver_side_info,986,"[[0,0,0,1,0,1,0,0],[0,0,1,1],[0,0,0,1]]",8,0.0647237743260059
level2_receiver_side_info,986,"[[0,0,0,1,0,1,0,0],[0,0,1,1],[0,0,0,1]]",16,0.08128352549864837
level2_receiver_side_info,986,"[[0,0,0,1,0,1,0,0],[0,0,1,1],[0,0,0,1]]",32,0.09305028484361938
level2_receiver_side_info,987,"[[0,0,0,1,0,1,0,0],[0,0,1,1],[0,0,1,0]]",0,0.0
level2_receiver_side_info,987,"[[0,0,0,1,0,1,0,0],[0,0,1,1],[0,0,1,0]]",1,0.01621124580150446
level2_receiver_side_info,987,"[[0,0,0,1,0,1,0,0],[0,0,1,1],[0,0,1,0]]",2,0.028533198169706342
level2_receiver_side_info,987,"[[0,0,0,1,0,1,0,0],[0,0,1,1],[0,0,1,0]]",4,0.045697158707449614
level2_receiver_side_info,987,"[[0,0,0,1,0,1,0,0],[0,0,1,1],[0,0,1,0]]",8,0.0647237743260059
level2_receiver_side_info,987,"[[0,0,0,1,0,1,0,0],[0,0,1,1],[0,0,1,0]]",16,0.08128352549864842
level2_receiver_side_info,987,"[[0,0,0,1,0,1,0,0],[0,0,1,1],[0,0,1,0]]",32,0.09305028484361932
level2_receiver_side_info,988,"[[0,0,0,1,0,1,0,0],[0,0,1,1],[0,1,0,0]]",0,0.0
level2_receiver_side_info,988,"[[0,0,0,1,0,1,0,0],[0,0,1,1],[0,1,0,0]]",1,0.01621124580150446
level2_receiver_side_info,988,"[[0,0,0,1,0,1,0,0],[0,0,1,1],[0,1,0,0]]",2,0.028533198169706286
level2_receiver_side_info,988,"[[0,0,0,1,0,1,0,0],[0,0,1,1],[0,1,0,0]]",4,0.0456971587074495
level2_receiver_side_info,988,"[[0,0,0,1,0,1,0,0],[0,0,1,1],[0,1,0,0]]",8,0.0647237743260059
level2_receiver_side_info,988,"[[0,0,0,1,0,1,0,0],[0,0,1,1],[0,1,0,0]]",16,0.08128352549864842
level2_receiver_side_info,988,"[[0,0,0,1,0,1,0,0],[0,0,1,1],[0,1,0,0]]",32,0.09305028484361938
level2_receiver_side_info,989,"[[0,0,0,1,0,1,0,0],[0,0,1,1],[0,1,1,0]]",0,0.0
level2_receiver_side_info,989,"[[0,0,0,1,0,1,0,0],[0,0,1,1],[0,1,1,0]]",1,0.05860388034055081
level2_receiver_side_info,989,"[[0,0,0,1,0,1,0,0],[0,0,1,1],[0,1,1,0]]",2,0.10360963497554826
level2_receiver_side_info,989,"[[0,0,0,1,0,1,0,0],[0,0,1,1],[0,1,1,0]]",4,0.16586347534839643
level2_receiver_side_info,989,"[[0,0,0,1,0,1,0,0],[0,0,1,1],[0,1,1,0]]",8,0.23177388954021425
level2_receiver_side_info,989,"[[0,0,0,1,0,1,0,0],[0,0,1,1],[0,1,1,0]]",16,0.2829520729874759
level2_receiver_side_info,989,"[[0,0,0,1,0,1,0,0],[0,0,1,1],[0,1,1,0]]",32,0.3139496737296405
level2_receiver_side_info,990,"[[0,0,0,1,0,1,0,0],[0,0,1,1],[0,1,1,1]]",0,0.0
level2_receiver_side_info,990,"[[0,0,0,1,0,1,0,0],[0,0,1,1],[0,1,1,1]]",1,0.01621124580150446
level2_receiver_side_info,990,"[[0,0,0,1,0,1,0,0],[0,0,1,1],[0,1,1,1]]",2,0.028533198169706286
level2_receiver_side_info,990,"[[0,0,0,1,0,1,0,0],[0,0,1,1],[0,1,1,1]]",4,0.04569715870744956
level2_receiver_side_info,990,"[[0,0,0,1,0,1,0,0],[0,0,1,1],[0,1,1,1]]",8,0.0647237743260059
level2_receiver_side_info,990,"[[0,0,0,1,0,1,0,0],[0,0,1,1],[0,1,1,1]]",16,0.08128352549864842
level2_receiver_side_info,990,"[[0,0,0,1,0,1,0,0],[0,0,1,1],[0,1,1,1]]",32,0.09305028484361938
level2_receiver_side_info,991,"[[0,0,0,1,0,1,0,0],[0,1,0,1],[0,0,0,1]]",0,0.0
level2_receiver_side_info,991,"[[0,0,0,1,0,1,0,0],[0,1,0,1],[0,0,0,1]]",1,0.01621124580150446
level2_receiver_side_info,991,"[[0,0,0,1,0,1,0,0],[0,1,0,1],[0,0,0,1]]",2,0.028533198169706342
level2_receiver_side_info,991,"[[0,0,0,1,0,1,0,0],[0,1,0,1],[0,0,0,1]]",4,0.0456971587074495
level2_receiver_side_info,991,"[[0,0,0,1,0,1,0,0],[0,1,0,1],[0,0,0,1]]",8,0.0647237743260059
level2_receiver_side_info,991,"[[0,0,0,1,0,1,0,0],[0,1,0,1],[0,0,0,1]]",16,0.08128352549864837
level2_receiver_side_info,991,"[[0,0,0,1,0,1,0,0],[0,1,0,1],[0,0,0,1]]",32,0.09305028484361938
level2_receiver_side_info,992,"[[0,0,0,1,0,1,0,0],[0,1,0,1],[0,0,1,0]]",0,0.0
level2_receiver_side_info,992,"[[0,0,0,1,0,1,0,0],[0,1,0,1],[0,0,1,0]]",1,0.01621124580150446
level2_receiver_side_info,992,"[[0,0,0,1,0,1,0,0],[0,1,0,1],[0,0,1,0]]",2,0.028533198169706342
level2_receiver_side_info,992,"[[0,0,0,1,0,1,0,0],[0,1,0,1],[0,0,1,0]]",4,0.045697158707449614
level2_receiver_side_info,992,"[[0,0,0,1,0,1,0,0],[0,1,0,1],[0,0,1,0]]",8,0.0647237743260059
level2_receiver_side_info,992,"[[0,0,0,1,0,1,0,0],[0,1,0,1],[0,0,1,0]]",16,0.08128352549864842
level2_receiver_side_info,992,"[[0,0,0,1,0,1,0,0],[0,1,0,1],[0,0,1,0]]",32,0.09305028484361932
level2_receiver_side_info,993,"[[0,0,0,1,0,1,0,0],[0,1,0,1],[0,1,0,0]]",0,0.0
level2_receiver_side_info,993,"[[0,0,0,1,0,1,0,0],[0,1,0,1],[0,1,0,0]]",1,0.01621124580150446
level2_receiver_side_info,993,"[[0,0,0,1,0,1,0,0],[0,1,0,1],[0,1,0,0]]",2,0.028533198169706286
level2_receiver_side_info,993,"[[0,0,0,1,0,1,0,0],[0,1,0,1],[0,1,0,0]]",4,0.0456971587074495
level2_receiver_side_info,993,"[[0,0,0,1,0,1,0,0],[0,1,0,1],[0,1,0,0]]",8,0.0647237743260059
level2_receiver_side_info,993,"[[0,0,0,1,0,1,0,0],[0,1,0,1],[0,1,0,0]]",16,0.08128352549864842
level2_receiver_side_info,993,"[[0,0,0,1,0,1,0,0],[0,1,0,1],[0,1,0,0]]",32,0.09305028484361938
level2_receiver_side_info,994,"[[0,0,0,1,0,1,0,0],[0,1,0,1],[0,1,1,0]]",0,0.0
level2_receiver_side_info,994,"[[0,0,0,1,0,1,0,0],[0,1,0,1],[0,1,1,0]]",1,0.05860388034055081
level2_receiver_side_info,994,"[[0,0,0,1,0,1,0,0],[0,1,0,1],[0,1,1,0]]",2,0.10360963497554826
level2_receiver_side_info,994,"[[0,0,0,1,0,1,0,0],[0,1,0,1],[0,1,1,0]]",4,0.16586347534839643
level2_receiver_side_info,994,"[[0,0,0,1,0,1,0,0],[0,1,0,1],[0,1,1,0]]",8,0.23177388954021425
level2_receiver_side_info,994,"[[0,0,0,1,0,1,0,0],[0,1,0,1],[0,1,1,0]]",16,0.2829520729874759
level2_receiver_side_info,994,"[[0,0,0,1,0,1,0,0],[0,1,0,1],[0,1,1,0]]",32,0.3139496737296405
level2_receiver_side_info,995,"[[0,0,0,1,0,1,0,0],[0,1,0,1],[0,1,1,1]]",0,0.0
level2_receiver_side_info,995,"[[0,0,0,1,0,1,0,0],[0,1,0,1],[0,1,1,1]]",1,0.01621124580150446
level2_receiver_side_info,995,"[[0,0,0,1,0,1,0,0],[0,1,0,1],[0,1,1,1]]",2,0.028533198169706286
level2_receiver_side_info,995,"[[0,0,0,1,0,1,0,0],[0,1,0,1],[0,1,1,1]]",4,0.04569715870744956
level2_receiver_side_info,995,"[[0,0,0,1,0,1,0,0],[0,1,0,1],[0,1,1,1]]",8,0.0647237743260059
level2_receiver_side_info,995,"[[0,0,0,1,0,1,0,0],[0,1,0,1],[0,1,1,1]]",16,0.08128352549864842
level2_receiver_side_info,995,"[[0,0,0,1,0,1,0,0],[0,1,0,1],[0,1,1,1]]",32,0.09305028484361938
level2_receiver_side_info,996,"[[0,0,0,1,0,1,0,0],[0,1,0,1],[1,1,1,0]]",0,0.0
level2_receiver_side_info,996,"[[0,0,0,1,0,1,0,0],[0,1,0,1],[1,1,1,0]]",1,0.01621124580150446
level2_receiver_side_info,996,"[[0,0,0,1,0,1,0,0],[0,1,0,1],[1,1,1,0]]",2,0.028533198169706342
level2_receiver_side_info,996,"[[0,0,0,1,0,1,0,0],[0,1,0,1],[1,1,1,0]]",4,0.0456971587074495
level2_receiver_side_info,996,"[[0,0,0,1,0,1,0,0],[0,1,0,1],[1,1,1,0]]",8,0.0647237743260059
level2_receiver_side_info,996,"[[0,0,0,1,0,1,0,0],[0,1,0,1],[1,1,1,0]]",16,0.08128352549864837
level2_receiver_side_info,996,"[[0,0,0,1,0,1,0,0],[0,1,0,1],[1,1,1,0]]",32,0.09305028484361938
level2_receiver_side_info,997,"[[0,0,0,1,0,1,0,0],[0,1,0,1],[1,1,0,1]]",0,0.0
level2_receiver_side_info,997,"[[0,0,0,1,0,1,0,0],[0,1,0,1],[1,1,0,1]]",1,0.01621124580150446
level2_receiver_side_info,997,"[[0,0,0,1,0,1,0,0],[0,1,0,1],[1,1,0,1]]",2,0.028533198169706342
level2_receiver_side_info,997,"[[0,0,0,1,0,1,0,0],[0,1,0,1],[1,1,0,1]]",4,0.045697158707449614
level2_receiver_side_info,997,"[[0,0,0,1,0,1,0,0],[0,1,0,1],[1,1,0,1]]",8,0.0647237743260059
level2_receiver_side_info,997,"[[0,0,0,1,0,1,0,0],[0,1,0,1],[1,1,0,1]]",16,0.08128352549864842
level2_receiver_side_info,997,"[[0,0,0,1,0,1,0,0],[0,1,0,1],[1,1,0,1]]",32,0.09305028484361932
level2_receiver_side_info,998,"[[0,0,0,1,0,1,0,0],[0,1,0,1],[1,0,1,1]]",0,0.0
level2_receiver_side_info,998,"[[0,0,0,1,0,1,0,0],[0,1,0,1],[1,0,1,1]]",1,0.01621124580150446
level2_receiver_side_info,998,"[[0,0,0,1,0,1,0,0],[0,1,0,1],[1,0,1,1]]",2,0.028533198169706286
level2_receiver_side_info,998,"[[0,0,0,1,0,1,0,0],[0,1,0,1],[1,0,1,1]]",4,0.0456971587074495
level2_receiver_side_info,998,"[[0,0,0,1,0,1,0,0],[0,1,0,1],[1,0,1,1]]",8,0.0647237743260059
level2_receiver_side_info,998,"[[0,0,0,1,0,1,0,0],[0,1,0,1],[1,0,1,1]]",16,0.08128352549864842
level2_receiver_side_info,998,"[[0,0,0,1,0,1,0,0],[0,1,0,1],[1,0,1,1]]",32,0.09305028484361938
level2_receiver_side_info,999,"[[0,0,0,1,0,1,0,0],[0,1,0,1],[1,0,0,1]]",0,0.0
level2_receiver_side_info,999,"[[0,0,0,1,0,1,0,0],[0,1,0,1],[1,0,0,1]]",1,0.05860388034055081
level2_receiver_side_info,999,"[[0,0,0,1,0,1,0,0],[0,1,0,1],[1,0,0,1]]",2,0.10360963497554826
level2_receiver_side_info,999,"[[0,0,0,1,0,1,0,0],[0,1,0,1],[1,0,0,1]]",4,0.16586347534839643
level2_receiver_side_info,999,"[[0,0,0,1,0,1,0,0],[0,1,0,1],[1,0,0,1]]",8,0.23177388954021425
level2_receiver_side_info,999,"[[0,0,0,1,0,1,0,0],[0,1,0,1],[1,0,0,1]]",16,0.2829520729874759
level2_receiver_side_info,999,"[[0,0,0,1,0,1,0,0],[0,1,0,1],[1,0,0,1]]",32,0.3139496737296405
level2_receiver_side_info,1000,"[[0,0,0,1,0,1,0,0],[0,1,0,1],[1,0,0,0]]",0,0.0
level2_receiver_side_info,1000,"[[0,0,0,1,0,1,0,0],[0,1,0,1],[1,0,0,0]]",1,0.01621124580150446
level2_receiver_side_info,1000,"[[0,0,0,1,0,1,0,0],[0,1,0,1],[1,0,0,0]]",2,0.028533198169706286
level2_receiver_side_info,1000,"[[0,0,0,1,0,1,0,0],[0,1,0,1],[1,0,0,0]]",4,0.04569715870744956
level2_receiver_side_info,1000,"[[0,0,0,1,0,1,0,0],[0,1,0,1],[1,0,0,0]]",8,0.0647237743260059
level2_receiver_side_info,1000,"[[0,0,0,1,0,1,0,0],[0,1,0,1],[1,0,0,0]]",16,0.08128352549864842
level2_receiver_side_info,1000,"[[0,0,0,1,0,1,0,0],[0,1,0,1],[1,0,0,0]]",32,0.09305028484361938
level2_receiver_side_info,1001,"[[0,0,0,1,0,1,0,0],[0,0,1,1],[1,1,1,0]]",0,0.0
level2_receiver_side_info,1001,"[[0,0,0,1,0,1,0,0],[0,0,1,1],[1,1,1,0]]",1,0.01621124580150446
level2_receiver_side_info,1001,"[[0,0,0,1,0,1,0,0],[0,0,1,1],[1,1,1,0]]",2,0.028533198169706342
level2_receiver_side_info,1001,"[[0,0,0,1,0,1,0,0],[0,0,1,1],[1,1,1,0]]",4,0.0456971587074495
level2_receiver_side_info,1001,"[[0,0,0,1,0,1,0,0],[0,0,1,1],[1,1,1,0]]",8,0.0647237743260059
level2_receiver_side_info,1001,"[[0,0,0,1,0,1,0,0],[0,0,1,1],[1,1,1,0]]",16,0.08128352549864837
level2_receiver_side_info,1001,"[[0,0,0,1,0,1,0,0],[0,0,1,1],[1,1,1,0]]",32,0.09305028484361938
level2_receiver_side_info,1002,"[[0,0,0,1,0,1,0,0],[0,0,1,1],[1,1,0,1]]",0,0.0
level2_receiver_side_info,1002,"[[0,0,0,1,0,1,0,0],[0,0,1,1],[1,1,0,1]]",1,0.01621124580150446
level2_receiver_side_info,1002,"[[0,0,0,1,0,1,0,0],[0,0,1,1],[1,1,0,1]]",2,0.028533198169706342
level2_receiver_side_info,1002,"[[0,0,0,1,0,1,0,0],[0,0,1,1],[1,1,0,1]]",4,0.045697158707449614
level2_receiver_side_info,1002,"[[0,0,0,1,0,1,0,0],[0,0,1,1],[1,1,0,1]]",8,0.0647237743260059
level2_receiver_side_info,1002,"[[0,0,0,1,0,1,0,0],[0,0,1,1],[1,1,0,1]]",16,0.08128352549864842
level2_receiver_side_info,1002,"[[0,0,0,1,0,1,0,0],[0,0,1,1],[1,1,0,1]]",32,0.09305028484361932
level2_receiver_side_info,1003,"[[0,0,0,1,0,1,0,0],[0,0,1,1],[1,0,1,1]]",0,0.0
level2_receiver_side_info,1003,"[[0,0,0,1,0,1,0,0],[0,0,1,1],[1,0,1,1]]",1,0.01621124580150446
level2_receiver_side_info,1003,"[[0,0,0,1,0,1,0,0],[0,0,1,1],[1,0,1,1]]",2,0.028533198169706286
level2_receiver_side_info,1003,"[[0,0,0,1,0,1,0,0],[0,0,1,1],[1,0,1,1]]",4,0.0456971587074495
level2_receiver_side_info,1003,"[[0,0,0,1,0,1,0,0],[0,0,1,1],[1,0,1,1]]",8,0.0647237743260059
level2_receiver_side_info,1003,"[[0,0,0,1,0,1,0,0],[0,0,1,1],[1,0,1,1]]",16,0.08128352549864842
level2_receiver_side_info,1003,"[[0,0,0,1,0,1,0,0],[0,0,1,1],[1,0,1,1]]",32,0.09305028484361938
level2_receiver_side_info,1004,"[[0,0,0,1,0,1,0,0],[0,0,1,1],[1,0,0,1]]",0,0.0
level2_receiver_side_info,1004,"[[0,0,0,1,0,1,0,0],[0,0,1,1],[1,0,0,1]]",1,0.05860388034055081
level2_receiver_side_info,1004,"[[0,0,0,1,0,1,0,0],[0,0,1,1],[1,0,0,1]]",2,0.10360963497554826
level2_receiver_side_info,1004,"[[0,0,0,1,0,1,0,0],[0,0,1,1],[1,0,0,1]]",4,0.16586347534839643
level2_receiver_side_info,1004,"[[0,0,0,1,0,1,0,0],[0,0,1,1],[1,0,0,1]]",8,0.23177388954021425
level2_receiver_side_info,1004,"[[0,0,0,1,0,1,0,0],[0,0,1,1],[1,0,0,1]]",16,0.2829520729874759
level2_receiver_side_info,1004,"[[0,0,0,1,0,1,0,0],[0,0,1,1],[1,0,0,1]]",32,0.3139496737296405
level2_receiver_side_info,1005,"[[0,0,0,1,0,1,0,0],[0,0,1,1],[1,0,0,0]]",0,0.0
level2_receiver_side_info,1005,"[[0,0,0,1,0,1,0,0],[0,0,1,1],[1,0,0,0]]",1,0.01621124580150446
level2_receiver_side_info,1005,"[[0,0,0,1,0,1,0,0],[0,0,1,1],[1,0,0,0]]",2,0.028533198169706286
level2_receiver_side_info,1005,"[[0,0,0,1,0,1,0,0],[0,0,1,1],[1,0,0,0]]",4,0.04569715870744956
level2_receiver_side_info,1005,"[[0,0,0,1,0,1,0,0],[0,0,1,1],[1,0,0,0]]",8,0.0647237743260059
level2_receiver_side_info,1005,"[[0,0,0,1,0,1,0,0],[0,0,1,1],[1,0,0,0]]",16,0.08128352549864842
level2_receiver_side_info,1005,"[[0,0,0,1,0,1,0,0],[0,0,1,1],[1,0,0,0]]",32,0.09305028484361938
level2_receiver_side_info,1006,"[[0,0,0,1,0,0,0,1],[0,0,1,1],[0,0,0,1]]",0,0.0
level2_receiver_side_info,1006,"[[0,0,0,1,0,0,0,1],[0,0,1,1],[0,0,0,1]]",1,0.01621124580150446
level2_receiver_side_info,1006,"[[0,0,0,1,0,0,0,1],[0,0,1,1],[0,0,0,1]]",2,0.028533198169706342
level2_receiver_side_info,1006,"[[0,0,0,1,0,0,0,1],[0,0,1,1],[0,0,0,1]]",4,0.0456971587074495
level2_receiver_side_info,1006,"[[0,0,0,1,0,0,0,1],[0,0,1,1],[0,0,0,1]]",8,0.0647237743260059
level2_receiver_side_info,1006,"[[0,0,0,1,0,0,0,1],[0,0,1,1],[0,0,0,1]]",16,0.08128352549864837
level2_receiver_side_info,1006,"[[0,0,0,1,0,0,0,1],[0,0,1,1],[0,0,0,1]]",32,0.09305028484361938
level2_receiver_side_info,1007,"[[0,0,0,1,0,0,0,1],[0,0,1,1],[0,0,1,0]]",0,0.0
level2_receiver_side_info,1007,"[[0,0,0,1,0,0,0,1],[0,0,1,1],[0,0,1,0]]",1,0.01621124580150446
level2_receiver_side_info,1007,"[[0,0,0,1,0,0,0,1],[0,0,1,1],[0,0,1,0]]",2,0.028533198169706342
level2_receiver_side_info,1007,"[[0,0,0,1,0,0,0,1],[0,0,1,1],[0,0,1,0]]",4,0.045697158707449614
level2_receiver_side_info,1007,"[[0,0,0,1,0,0,0,1],[0,0,1,1],[0,0,1,0]]",8,0.0647237743260059
level2_receiver_side_info,1007,"[[0,0,0,1,0,0,0,1],[0,0,1,1],[0,0,1,0]]",16,0.08128352549864842
level2_receiver_side_info,1007,"[[0,0,0,1,0,0,0,1],[0,0,1,1],[0,0,1,0]]",32,0.09305028484361932
level2_receiver_side_info,1008,"[[0,0,0,1,0,0,0,1],[0,0,1,1],[0,1,0,0]]",0,0.0
level2_receiver_side_info,1008,"[[0,0,0,1,0,0,0,1],[0,0,1,1],[0,1,0,0]]",1,0.01621124580150446
level2_receiver_side_info,1008,"[[0,0,0,1,0,0,0,1],[0,0,1,1],[0,1,0,0]]",2,0.028533198169706286
level2_receiver_side_info,1008,"[[0,0,0,1,0,0,0,1],[0,0,1,1],[0,1,0,0]]",4,0.04569715870744956
level2_receiver_side_info,1008,"[[0,0,0,1,0,0,0,1],[0,0,1,1],[0,1,0,0]]",8,0.0647237743260059
level2_receiver_side_info,1008,"[[0,0,0,1,0,0,0,1],[0,0,1,1],[0,1,0,0]]",16,0.08128352549864842
level2_receiver_side_info,1008,"[[0,0,0,1,0,0,0,1],[0,0,1,1],[0,1,0,0]]",32,0.09305028484361938
level2_receiver_side_info,1009,"[[0,0,0,1,0,0,0,1],[0,0,1,1],[0,1,0,1]]",0,0.0
level2_receiver_side_info,1009,"[[0,0,0,1,0,0,0,1],[0,0,1,1],[0,1,0,1]]",1,0.05860388034055081
level2_receiver_side_info,1009,"[[0,0,0,1,0,0,0,1],[0,0,1,1],[0,1,0,1]]",2,0.10360963497554826
level2_receiver_side_info,1009,"[[0,0,0,1,0,0,0,1],[0,0,1,1],[0,1,0,1]]",4,0.16586347534839643
level2_receiver_side_info,1009,"[[0,0,0,1,0,0,0,1],[0,0,1,1],[0,1,0,1]]",8,0.23177388954021425
level2_receiver_side_info,1009,"[[0,0,0,1,0,0,0,1],[0,0,1,1],[0,1,0,1]]",16,0.2829520729874759
level2_receiver_side_info,1009,"[[0,0,0,1,0,0,0,1],[0,0,1,1],[0,1,0,1]]",32,0.3139496737296405
level2_receiver_side_info,1010,"[[0,0,0,1,0,0,0,1],[0,0,1,1],[0,1,1,1]]",0,0.0
level2_receiver_side_info,1010,"[[0,0,0,1,0,0,0,1],[0,0,1,1],[0,1,1,1]]",1,0.01621124580150446
level2_receiver_side_info,1010,"[[0,0,0,1,0,0,0,1],[0,0,1,1],[0,1,1,1]]",2,0.028533198169706286
level2_receiver_side_info,1010,"[[0,0,0,1,0,0,0,1],[0,0,1,1],[0,1,1,1]]",4,0.0456971587074495
level2_receiver_side_info,1010,"[[0,0,0,1,0,0,0,1],[0,0,1,1],[0,1,1,1]]",8,0.0647237743260059
level2_receiver_side_info,1010,"[[0,0,0,1,0,0,0,1],[0,0,1,1],[0,1,1,1]]",16,0.08128352549864842
level2_receiver_side_info,1010,"[[0,0,0,1,0,0,0,1],[0,0,1,1],[0,1,1,1]]",32,0.09305028484361938
level2_receiver_side_info,1011,"[[0,0,0,1,0,0,0,1],[0,1,1,0],[0,0,0,1]]",0,0.0
level2_receiver_side_info,1011,"[[0,0,0,1,0,0,0,1],[0,1,1,0],[0,0,0,1]]",1,0.01621124580150446
level2_receiver_side_info,1011,"[[0,0,0,1,0,0,0,1],[0,1,1,0],[0,0,0,1]]",2,0.028533198169706342
level2_receiver_side_info,1011,"[[0,0,0,1,0,0,0,1],[0,1,1,0],[0,0,0,1]]",4,0.0456971587074495
level2_receiver_side_info,1011,"[[0,0,0,1,0,0,0,1],[0,1,1,0],[0,0,0,1]]",8,0.0647237743260059
level2_receiver_side_info,1011,"[[0,0,0,1,0,0,0,1],[0,1,1,0],[0,0,0,1]]",16,0.08128352549864837
level2_receiver_side_info,1011,"[[0,0,0,1,0,0,0,1],[0,1,1,0],[0,0,0,1]]",32,0.09305028484361938
level2_receiver_side_info,1012,"[[0,0,0,1,0,0,0,1],[0,1,1,0],[0,0,1,0]]",0,0.0
level2_receiver_side_info,1012,"[[0,0,0,1,0,0,0,1],[0,1,1,0],[0,0,1,0]]",1,0.01621124580150446
level2_receiver_side_info,1012,"[[0,0,0,1,0,0,0,1],[0,1,1,0],[0,0,1,0]]",2,0.028533198169706342
level2_receiver_side_info,1012,"[[0,0,0,1,0,0,0,1],[0,1,1,0],[0,0,1,0]]",4,0.045697158707449614
level2_receiver_side_info,1012,"[[0,0,0,1,0,0,0,1],[0,1,1,0],[0,0,1,0]]",8,0.0647237743260059
level2_receiver_side_info,1012,"[[0,0,0,1,0,0,0,1],[0,1,1,0],[0,0,1,0]]",16,0.08128352549864842
level2_receiver_side_info,1012,"[[0,0,0,1,0,0,0,1],[0,1,1,0],[0,0,1,0]]",32,0.09305028484361932
level2_receiver_side_info,1013,"[[0,0,0,1,0,0,0,1],[0,1,1,0],[0,1,0,0]]",0,0.0
level2_receiver_side_info,1013,"[[0,0,0,1,0,0,0,1],[0,1,1,0],[0,1,0,0]]",1,0.01621124580150446
level2_receiver_side_info,1013,"[[0,0,0,1,0,0,0,1],[0,1,1,0],[0,1,0,0]]",2,0.028533198169706286
level2_receiver_side_info,1013,"[[0,0,0,1,0,0,0,1],[0,1,1,0],[0,1,0,0]]",4,0.04569715870744956
level2_receiver_side_info,1013,"[[0,0,0,1,0,0,0,1],[0,1,1,0],[0,1,0,0]]",8,0.0647237743260059
level2_receiver_side_info,1013,"[[0,0,0,1,0,0,0,1],[0,1,1,0],[0,1,0,0]]",16,0.08128352549864842
level2_receiver_side_info,1013,"[[0,0,0,1,0,0,0,1],[0,1,1,0],[0,1,0,0]]",32,0.09305028484361938
level2_receiver_side_info,1014,"[[0,0,0,1,0,0,0,1],[0,1,1,0],[0,1,0,1]]",0,0.0
level2_receiver_side_info,1014,"[[0,0,0,1,0,0,0,1],[0,1,1,0],[0,1,0,1]]",1,0.05860388034055081
level2_receiver_side_info,1014,"[[0,0,0,1,0,0,0,1],[0,1,1,0],[0,1,0,1]]",2,0.10360963497554826
level2_receiver_side_info,1014,"[[0,0,0,1,0,0,0,1],[0,1,1,0],[0,1,0,1]]",4,0.16586347534839643
level2_receiver_side_info,1014,"[[0,0,0,1,0,0,0,1],[0,1,1,0],[0,1,0,1]]",8,0.23177388954021425
level2_receiver_side_info,1014,"[[0,0,0,1,0,0,0,1],[0,1,1,0],[0,1,0,1]]",16,0.2829520729874759
level2_receiver_side_info,1014,"[[0,0,0,1,0,0,0,1],[0,1,1,0],[0,1,0,1]]",32,0.3139496737296405
level2_receiver_side_info,1015,"[[0,0,0,1,0,0,0,1],[0,1,1,0],[0,1,1,1]]",0,0.0
level2_receiver_side_info,1015,"[[0,0,0,1,0,0,0,1],[0,1,1,0],[0,1,1,1]]",1,0.01621124580150446
level2_receiver_side_info,1015,"[[0,0,0,1,0,0,0,1],[0,1,1,0],[0,1,1,1]]",2,0.028533198169706286
level2_receiver_side_info,1015,"[[0,0,0,1,0,0,0,1],[0,1,1,0],[0,1,1,1]]",4,0.0456971587074495
level2_receiver_side_info,1015,"[[0,0,0,1,0,0,0,1],[0,1,1,0],[0,1,1,1]]",8,0.0647237743260059
level2_receiver_side_info,1015,"[[0,0,0,1,0,0,0,1],[0,1,1,0],[0,1,1,1]]",16,0.08128352549864842
level2_receiver_side_info,1015,"[[0,0,0,1,0,0,0,1],[0,1,1,0],[0,1,1,1]]",32,0.09305028484361938
level2_receiver_side_info,1016,"[[0,0,0,1,0,0,0,1],[0,1,1,0],[1,1,1,0]]",0,0.0
level2_receiver_side_info,1016,"[[0,0,0,1,0,0,0,1],[0,1,1,0],[1,1,1,0]]",1,0.01621124580150446
level2_receiver_side_info,1016,"[[0,0,0,1,0,0,0,1],[0,1,1,0],[1,1,1,0]]",2,0.028533198169706342
level2_receiver_side_info,1016,"[[0,0,0,1,0,0,0,1],[0,1,1,0],[1,1,1,0]]",4,0.0456971587074495
level2_receiver_side_info,1016,"[[0,0,0,1,0,0,0,1],[0,1,1,0],[1,1,1,0]]",8,0.0647237743260059
level2_receiver_side_info,1016,"[[0,0,0,1,0,0,0,1],[0,1,1,0],[1,1,1,0]]",16,0.08128352549864837
level2_receiver_side_info,1016,"[[0,0,0,1,0,0,0,1],[0,1,1,0],[1,1,1,0]]",32,0.09305028484361938
level2_receiver_side_info,1017,"[[0,0,0,1,0,0,0,1],[0,1,1,0],[1,1,0,1]]",0,0.0
level2_receiver_side_info,1017,"[[0,0,0,1,0,0,0,1],[0,1,1,0],[1,1,0,1]]",1,0.01621124580150446
level2_receiver_side_info,1017,"[[0,0,0,1,0,0,0,1],[0,1,1,0],[1,1,0,1]]",2,0.028533198169706342
level2_receiver_side_info,1017,"[[0,0,0,1,0,0,0,1],[0,1,1,0],[1,1,0,1]]",4,0.045697158707449614
level2_receiver_side_info,1017,"[[0,0,0,1,0,0,0,1],[0,1,1,0],[1,1,0,1]]",8,0.0647237743260059
level2_receiver_side_info,1017,"[[0,0,0,1,0,0,0,1],[0,1,1,0],[1,1,0,1]]",16,0.08128352549864842
level2_receiver_side_info,1017,"[[0,0,0,1,0,0,0,1],[0,1,1,0],[1,1,0,1]]",32,0.09305028484361932
level2_receiver_side_info,1018,"[[0,0,0,1,0,0,0,1],[0,1,1,0],[1,0,1,1]]",0,0.0
level2_receiver_side_info,1018,"[[0,0,0,1,0,0,0,1],[0,1,1,0],[1,0,1,1]]",1,0.01621124580150446
level2_receiver_side_info,1018,"[[0,0,0,1,0,0,0,1],[0,1,1,0],[1,0,1,1]]",2,0.028533198169706286
level2_receiver_side_info,1018,"[[0,0,0,1,0,0,0,1],[0,1,1,0],[1,0,1,1]]",4,0.04569715870744956
level2_receiver_side_info,1018,"[[0,0,0,1,0,0,0,1],[0,1,1,0],[1,0,1,1]]",8,0.0647237743260059
level2_receiver_side_info,1018,"[[0,0,0,1,0,0,0,1],[0,1,1,0],[1,0,1,1]]",16,0.08128352549864842
level2_receiver_side_info,1018,"[[0,0,0,1,0,0,0,1],[0,1,1,0],[1,0,1,1]]",32,0.09305028484361938
level2_receiver_side_info,1019,"[[0,0,0,1,0,0,0,1],[0,1,1,0],[1,0,1,0]]",0,0.0
level2_receiver_side_info,1019,"[[0,0,0,1,0,0,0,1],[0,1,1,0],[1,0,1,0]]",1,0.05860388034055081
level2_receiver_side_info,1019,"[[0,0,0,1,0,0,0,1],[0,1,1,0],[1,0,1,0]]",2,0.10360963497554826
level2_receiver_side_info,1019,"[[0,0,0,1,0,0,0,1],[0,1,1,0],[1,0,1,0]]",4,0.16586347534839643
level2_receiver_side_info,1019,"[[0,0,0,1,0,0,0,1],[0,1,1,0],[1,0,1,0]]",8,0.23177388954021425
level2_receiver_side_info,1019,"[[0,0,0,1,0,0,0,1],[0,1,1,0],[1,0,1,0]]",16,0.2829520729874759
level2_receiver_side_info,1019,"[[0,0,0,1,0,0,0,1],[0,1,1,0],[1,0,1,0]]",32,0.3139496737296405
level2_receiver_side_info,1020,"[[0,0,0,1,0,0,0,1],[0,1,1,0],[1,0,0,0]]",0,0.0
level2_receiver_side_info,1020,"[[0,0,0,1,0,0,0,1],[0,1,1,0],[1,0,0,0]]",1,0.01621124580150446
level2_receiver_side_info,1020,"[[0,0,0,1,0,0,0,1],[0,1,1,0],[1,0,0,0]]",2,0.028533198169706286
level2_receiver_side_info,1020,"[[0,0,0,1,0,0,0,1],[0,1,1,0],[1,0,0,0]]",4,0.0456971587074495
level2_receiver_side_info,1020,"[[0,0,0,1,0,0,0,1],[0,1,1,0],[1,0,0,0]]",8,0.0647237743260059
level2_receiver_side_info,1020,"[[0,0,0,1,0,0,0,1],[0,1,1,0],[1,0,0,0]]",16,0.08128352549864842
level2_receiver_side_info,1020,"[[0,0,0,1,0,0,0,1],[0,1,1,0],[1,0,0,0]]",32,0.09305028484361938
level2_receiver_side_info,1021,"[[0,0,0,1,0,0,0,1],[0,0,1,1],[1,1,1,0]]",0,0.0
level2_receiver_side_info,1021,"[[0,0,0,1,0,0,0,1],[0,0,1,1],[1,1,1,0]]",1,0.01621124580150446
level2_receiver_side_info,1021,"[[0,0,0,1,0,0,0,1],[0,0,1,1],[1,1,1,0]]",2,0.028533198169706342
level2_receiver_side_info,1021,"[[0,0,0,1,0,0,0,1],[0,0,1,1],[1,1,1,0]]",4,0.0456971587074495
level2_receiver_side_info,1021,"[[0,0,0,1,0,0,0,1],[0,0,1,1],[1,1,1,0]]",8,0.0647237743260059
level2_receiver_side_info,1021,"[[0,0,0,1,0,0,0,1],[0,0,1,1],[1,1,1,0]]",16,0.08128352549864837
level2_receiver_side_info,1021,"[[0,0,0,1,0,0,0,1],[0,0,1,1],[1,1,1,0]]",32,0.09305028484361938
level2_receiver_side_info,1022,"[[0,0,0,1,0,0,0,1],[0,0,1,1],[1,1,0,1]]",0,0.0
level2_receiver_side_info,1022,"[[0,0,0,1,0,0,0,1],[0,0,1,1],[1,1,0,1]]",1,0.01621124580150446
level2_receiver_side_info,1022,"[[0,0,0,1,0,0,0,1],[0,0,1,1],[1,1,0,1]]",2,0.028533198169706342
level2_receiver_side_info,1022,"[[0,0,0,1,0,0,0,1],[0,0,1,1],[1,1,0,1]]",4,0.045697158707449614
level2_receiver_side_info,1022,"[[0,0,0,1,0,0,0,1],[0,0,1,1],[1,1,0,1]]",8,0.0647237743260059
level2_receiver_side_info,1022,"[[0,0,0,1,0,0,0,1],[0,0,1,1],[1,1,0,1]]",16,0.08128352549864842
level2_receiver_side_info,1022,"[[0,0,0,1,0,0,0,1],[0,0,1,1],[1,1,0,1]]",32,0.09305028484361932
level2_receiver_side_info,1023,"[[0,0,0,1,0,0,0,1],[0,0,1,1],[1,0,1,1]]",0,0.0
level2_receiver_side_info,1023,"[[0,0,0,1,0,0,0,1],[0,0,1,1],[1,0,1,1]]",1,0.01621124580150446
level2_receiver_side_info,1023,"[[0,0,0,1,0,0,0,1],[0,0,1,1],[1,0,1,1]]",2,0.028533198169706286
level2_receiver_side_info,1023,"[[0,0,0,1,0,0,0,1],[0,0,1,1],[1,0,1,1]]",4,0.04569715870744956
level2_receiver_side_info,1023,"[[0,0,0,1,0,0,0,1],[0,0,1,1],[1,0,1,1]]",8,0.0647237743260059
level2_receiver_side_info,1023,"[[0,0,0,1,0,0,0,1],[0,0,1,1],[1,0,1,1]]",16,0.08128352549864842
level2_receiver_side_info,1023,"[[0,0,0,1,0,0,0,1],[0,0,1,1],[1,0,1,1]]",32,0.09305028484361938
level2_receiver_side_info,1024,"[[0,0,0,1,0,0,0,1],[0,0,1,1],[1,0,1,0]]",0,0.0
level2_receiver_side_info,1024,"[[0,0,0,1,0,0,0,1],[0,0,1,1],[1,0,1,0]]",1,0.05860388034055081
level2_receiver_side_info,1024,"[[0,0,0,1,0,0,0,1],[0,0,1,1],[1,0,1,0]]",2,0.10360963497554826
level2_receiver_side_info,1024,"[[0,0,0,1,0,0,0,1],[0,0,1,1],[1,0,1,0]]",4,0.16586347534839643
level2_receiver_side_info,1024,"[[0,0,0,1,0,0,0,1],[0,0,1,1],[1,0,1,0]]",8,0.23177388954021425
level2_receiver_side_info,1024,"[[0,0,0,1,0,0,0,1],[0,0,1,1],[1,0,1,0]]",16,0.2829520729874759
level2_receiver_side_info,1024,"[[0,0,0,1,0,0,0,1],[0,0,1,1],[1,0,1,0]]",32,0.3139496737296405
level2_receiver_side_info,1025,"[[0,0,0,1,0,0,0,1],[0,0,1,1],[1,0,0,0]]",0,0.0
level2_receiver_side_info,1025,"[[0,0,0,1,0,0,0,1],[0,0,1,1],[1,0,0,0]]",1,0.01621124580150446
level2_receiver_side_info,1025,"[[0,0,0,1,0,0,0,1],[0,0,1,1],[1,0,0,0]]",2,0.028533198169706286
level2_receiver_side_info,1025,"[[0,0,0,1,0,0,0,1],[0,0,1,1],[1,0,0,0]]",4,0.0456971587074495
level2_receiver_side_info,1025,"[[0,0,0,1,0,0,0,1],[0,0,1,1],[1,0,0,0]]",8,0.0647237743260059
level2_receiver_side_info,1025,"[[0,0,0,1,0,0,0,1],[0,0,1,1],[1,0,0,0]]",16,0.08128352549864842
level2_receiver_side_info,1025,"[[0,0,0,1,0,0,0,1],[0,0,1,1],[1,0,0,0]]",32,0.09305028484361938
level2_receiver_side_info,1026,"[[0,0,0,1,0,0,0,0],[0,0,0,1],[1,0,1,1]]",0,0.007042719241674045
level2_receiver_side_info,1026,"[[0,0,0,1,0,0,0,0],[0,0,0,1],[1,0,1,1]]",1,0.043652143186217685
level2_receiver_side_info,1026,"[[0,0,0,1,0,0,0,0],[0,0,0,1],[1,0,1,1]]",2,0.07195128098324621
level2_receiver_side_info,1026,"[[0,0,0,1,0,0,0,0],[0,0,0,1],[1,0,1,1]]",4,0.11242296217865766
level2_receiver_side_info,1026,"[[0,0,0,1,0,0,0,0],[0,0,0,1],[1,0,1,1]]",8,0.15854956604460907
level2_receiver_side_info,1026,"[[0,0,0,1,0,0,0,0],[0,0,0,1],[1,0,1,1]]",16,0.19702626025256342
level2_receiver_side_info,1026,"[[0,0,0,1,0,0,0,0],[0,0,0,1],[1,0,1,1]]",32,0.2196961455373196
level2_receiver_side_info,1027,"[[0,0,0,1,0,0,0,0],[0,0,1,0],[1,0,1,1]]",0,0.007042719241674045
level2_receiver_side_info,1027,"[[0,0,0,1,0,0,0,0],[0,0,1,0],[1,0,1,1]]",1,0.043652143186217685
level2_receiver_side_info,1027,"[[0,0,0,1,0,0,0,0],[0,0,1,0],[1,0,1,1]]",2,0.07195128098324621
level2_receiver_side_info,1027,"[[0,0,0,1,0,0,0,0],[0,0,1,0],[1,0,1,1]]",4,0.11242296217865766
level2_receiver_side_info,1027,"[[0,0,0,1,0,0,0,0],[0,0,1,0],[1,0,1,1]]",8,0.15854956604460907
level2_receiver_side_info,1027,"[[0,0,0,1,0,0,0,0],[0,0,1,0],[1,0,1,1]]",16,0.19702626025256348
level2_receiver_side_info,1027,"[[0,0,0,1,0,0,0,0],[0,0,1,0],[1,0,1,1]]",32,0.2196961455373196
level2_receiver_side_info,1028,"[[0,0,0,1,0,0,0,0],[0,1,1,1],[0,1,0,0]]",0,0.007042719241674045
level2_receiver_side_info,1028,"[[0,0,0,1,0,0,0,0],[0,1,1,1],[0,1,0,0]]",1,0.043652143186217685
level2_receiver_side_info,1028,"[[0,0,0,1,0,0,0,0],[0,1,1,1],[0,1,0,0]]",2,0.07195128098324621
level2_receiver_side_info,1028,"[[0,0,0,1,0,0,0,0],[0,1,1,1],[0,1,0,0]]",4,0.11242296217865766
level2_receiver_side_info,1028,"[[0,0,0,1,0,0,0,0],[0,1,1,1],[0,1,0,0]]",8,0.15854956604460907
level2_receiver_side_info,1028,"[[0,0,0,1,0,0,0,0],[0,1,1,1],[0,1,0,0]]",16,0.19702626025256342
level2_receiver_side_info,1028,"[[0,0,0,1,0,0,0,0],[0,1,1,1],[0,1,0,0]]",32,0.2196961455373196
level2_receiver_side_info,1029,"[[0,0,0,1,0,0,0,0],[0,1,1,1],[0,1,0,0]]",0,0.007042719241674045
level2_receiver_side_info,1029,"[[0,0,0,1,0,0,0,0],[0,1,1,1],[0,1,0,0]]",1,0.043652143186217685
level2_receiver_side_info,1029,"[[0,0,0,1,0,0,0,0],[0,1,1,1],[0,1,0,0]]",2,0.07195128098324621
level2_receiver_side_info,1029,"[[0,0,0,1,0,0,0,0],[0,1,1,1],[0,1,0,0]]",4,0.11242296217865766
level2_receiver_side_info,1029,"[[0,0,0,1,0,0,0,0],[0,1,1,1],[0,1,0,0]]",8,0.15854956604460907
level2_receiver_side_info,1029,"[[0,0,0,1,0,0,0,0],[0,1,1,1],[0,1,0,0]]",16,0.19702626025256342
level2_receiver_side_info,1029,"[[0,0,0,1,0,0,0,0],[0,1,1,1],[0,1,0,0]]",32,0.2196961455373196
level2_receiver_side_info,1030,"[[0,0,0,1,0,0,0,0],[0,0,1,0],[1,0,1,1]]",0,0.007042719241674045
level2_receiver_side_info,1030,"[[0,0,0,1,0,0,0,0],[0,0,1,0],[1,0,1,1]]",1,0.043652143186217685
level2_receiver_side_info,1030,"[[0,0,0,1,0,0,0,0],[0,0,1,0],[1,0,1,1]]",2,0.07195128098324621
level2_receiver_side_info,1030,"[[0,0,0,1,0,0,0,0],[0,0,1,0],[1,0,1,1]]",4,0.11242296217865766
level2_receiver_side_info,1030,"[[0,0,0,1,0,0,0,0],[0,0,1,0],[1,0,1,1]]",8,0.15854956604460907
level2_receiver_side_info,1030,"[[0,0,0,1,0,0,0,0],[0,0,1,0],[1,0,1,1]]",16,0.19702626025256348
level2_receiver_side_info,1030,"[[0,0,0,1,0,0,0,0],[0,0,1,0],[1,0,1,1]]",32,0.2196961455373196
level2_receiver_side_info,1031,"[[0,0,0,1,0,0,0,0],[0,0,0,1],[1,0,1,1]]",0,0.007042719241674045
level2_receiver_side_info,1031,"[[0,0,0,1,0,0,0,0],[0,0,0,1],[1,0,1,1]]",1,0.043652143186217685
level2_receiver_side_info,1031,"[[0,0,0,1,0,0,0,0],[0,0,0,1],[1,0,1,1]]",2,0.07195128098324621
level2_receiver_side_info,1031,"[[0,0,0,1,0,0,0,0],[0,0,0,1],[1,0,1,1]]",4,0.11242296217865766
level2_receiver_side_info,1031,"[[0,0,0,1,0,0,0,0],[0,0,0,1],[1,0,1,1]]",8,0.15854956604460907
level2_receiver_side_info,1031,"[[0,0,0,1,0,0,0,0],[0,0,0,1],[1,0,1,1]]",16,0.19702626025256342
level2_receiver_side_info,1031,"[[0,0,0,1,0,0,0,0],[0,0,0,1],[1,0,1,1]]",32,0.2196961455373196
level2_receiver_side_info,1032,"[[0,0,0,0,1,1,1,1],[0,1,0,1],[0,0,0,1]]",0,0.0
level2_receiver_side_info,1032,"[[0,0,0,0,1,1,1,1],[0,1,0,1],[0,0,0,1]]",1,0.029298145242776408
level2_receiver_side_info,1032,"[[0,0,0,0,1,1,1,1],[0,1,0,1],[0,0,0,1]]",2,0.05196690317726649
level2_receiver_side_info,1032,"[[0,0,0,0,1,1,1,1],[0,1,0,1],[0,0,0,1]]",4,0.08435950345211596
level2_receiver_side_info,1032,"[[0,0,0,0,1,1,1,1],[0,1,0,1],[0,0,0,1]]",8,0.12198650516110154
level2_receiver_side_info,1032,"[[0,0,0,0,1,1,1,1],[0,1,0,1],[0,0,0,1]]",16,0.1569947083971185
level2_receiver_side_info,1032,"[[0,0,0,0,1,1,1,1],[0,1,0,1],[0,0,0,1]]",32,0.1832648102910467
level2_receiver_side_info,1033,"[[0,0,0,0,1,1,1,1],[0,1,0,1],[0,0,1,0]]",0,0.0
level2_receiver_side_info,1033,"[[0,0,0,0,1,1,1,1],[0,1,0,1],[0,0,1,0]]",1,0.029298145242776297
level2_receiver_side_info,1033,"[[0,0,0,0,1,1,1,1],[0,1,0,1],[0,0,1,0]]",2,0.05196690317726649
level2_receiver_side_info,1033,"[[0,0,0,0,1,1,1,1],[0,1,0,1],[0,0,1,0]]",4,0.08435950345211596
level2_receiver_side_info,1033,"[[0,0,0,0,1,1,1,1],[0,1,0,1],[0,0,1,0]]",8,0.12198650516110165
level2_receiver_side_info,1033,"[[0,0,0,0,1,1,1,1],[0,1,0,1],[0,0,1,0]]",16,0.1569947083971185
level2_receiver_side_info,1033,"[[0,0,0,0,1,1,1,1],[0,1,0,1],[0,0,1,0]]",32,0.18326481029104658
level2_receiver_side_info,1034,"[[0,0,0,0,1,1,1,1],[0,1,0,1],[0,0,1,1]]",0,0.0
level2_receiver_side_info,1034,"[[0,0,0,0,1,1,1,1],[0,1,0,1],[0,0,1,1]]",1,0.11720776068110161
level2_receiver_side_info,1034,"[[0,0,0,0,1,1,1,1],[0,1,0,1],[0,0,1,1]]",2,0.2072192699510964
level2_receiver_side_info,1034,"[[0,0,0,0,1,1,1,1],[0,1,0,1],[0,0,1,1]]",4,0.3317269506967929
level2_receiver_side_info,1034,"[[0,0,0,0,1,1,1,1],[0,1,0,1],[0,0,1,1]]",8,0.46354777908042843
level2_receiver_side_info,1034,"[[0,0,0,0,1,1,1,1],[0,1,0,1],[0,0,1,1]]",16,0.5659041459749518
level2_receiver_side_info,1034,"[[0,0,0,0,1,1,1,1],[0,1,0,1],[0,0,1,1]]",32,0.627899347459281
level2_receiver_side_info,1035,"[[0,0,0,0,1,1,1,1],[0,1,0,1],[0,1,0,0]]",0,0.0
level2_receiver_side_info,1035,"[[0,0,0,0,1,1,1,1],[0,1,0,1],[0,1,0,0]]",1,0.029298145242776408
level2_receiver_side_info,1035,"[[0,0,0,0,1,1,1,1],[0,1,0,1],[0,1,0,0]]",2,0.05196690317726649
level2_receiver_side_info,1035,"[[0,0,0,0,1,1,1,1],[0,1,0,1],[0,1,0,0]]",4,0.08435950345211607
level2_receiver_side_info,1035,"[[0,0,0,0,1,1,1,1],[0,1,0,1],[0,1,0,0]]",8,0.12198650516110165
level2_receiver_side_info,1035,"[[0,0,0,0,1,1,1,1],[0,1,0,1],[0,1,0,0]]",16,0.15699470839711838
level2_receiver_side_info,1035,"[[0,0,0,0,1,1,1,1],[0,1,0,1],[0,1,0,0]]",32,0.1832648102910467
level2_receiver_side_info,1036,"[[0,0,0,0,1,1,1,1],[0,1,0,1],[0,1,1,1]]",0,0.0
level2_receiver_side_info,1036,"[[0,0,0,0,1,1,1,1],[0,1,0,1],[0,1,1,1]]",1,0.029298145242776408
level2_receiver_side_info,1036,"[[0,0,0,0,1,1,1,1],[0,1,0,1],[0,1,1,1]]",2,0.05196690317726649
level2_receiver_side_info,1036,"[[0,0,0,0,1,1,1,1],[0,1,0,1],[0,1,1,1]]",4,0.08435950345211607
level2_receiver_side_info,1036,"[[0,0,0,0,1,1,1,1],[0,1,0,1],[0,1,1,1]]",8,0.12198650516110165
level2_receiver_side_info,1036,"[[0,0,0,0,1,1,1,1],[0,1,0,1],[0,1,1,1]]",16,0.15699470839711838
level2_receiver_side_info,1036,"[[0,0,0,0,1,1,1,1],[0,1,0,1],[0,1,1,1]]",32,0.1832648102910467
level2_receiver_side_info,1037,"[[0,0,0,0,1,1,1,1],[0,1,1,0],[0,0,0,1]]",0,0.0
level2_receiver_side_info,1037,"[[0,0,0,0,1,1,1,1],[0,1,1,0],[0,0,0,1]]",1,0.029298145242776408
level2_receiver_side_info,1037,"[[0,0,0,0,1,1,1,1],[0,1,1,0],[0,0,0,1]]",2,0.05196690317726649
level2_receiver_side_info,1037,"[[0,0,0,0,1,1,1,1],[0,1,1,0],[0,0,0,1]]",4,0.08435950345211596
level2_receiver_side_info,1037,"[[0,0,0,0,1,1,1,1],[0,1,1,0],[0,0,0,1]]",8,0.12198650516110154
level2_receiver_side_info,1037,"[[0,0,0,0,1,1,1,1],[0,1,1,0],[0,0,0,1]]",16,0.1569947083971185
level2_receiver_side_info,1037,"[[0,0,0,0,1,1,1,1],[0,1,1,0],[0,0,0,1]]",32,0.1832648102910467
level2_receiver_side_info,1038,"[[0,0,0,0,1,1,1,1],[0,1,1,0],[0,0,1,0]]",0,0.0
level2_receiver_side_info,1038,"[[0,0,0,0,1,1,1,1],[0,1,1,0],[0,0,1,0]]",1,0.029298145242776297
level2_receiver_side_info,1038,"[[0,0,0,0,1,1,1,1],[0,1,1,0],[0,0,1,0]]",2,0.05196690317726649
level2_receiver_side_info,1038,"[[0,0,0,0,1,1,1,1],[0,1,1,0],[0,0,1,0]]",4,0.08435950345211596
level2_receiver_side_info,1038,"[[0,0,0,0,1,1,1,1],[0,1,1,0],[0,0,1,0]]",8,0.12198650516110165
level2_receiver_side_info,1038,"[[0,0,0,0,1,1,1,1],[0,1,1,0],[0,0,1,0]]",16,0.1569947083971185
level2_receiver_side_info,1038,"[[0,0,0,0,1,1,1,1],[0,1,1,0],[0,0,1,0]]",32,0.18326481029104658
level2_receiver_side_info,1039,"[[0,0,0,0,1,1,1,1],[0,1,1,0],[0,0,1,1]]",0,0.0
level2_receiver_side_info,1039,"[[0,0,0,0,1,1,1,1],[0,1,1,0],[0,0,1,1]]",1,0.11720776068110161
level2_receiver_side_info,1039,"[[0,0,0,0,1,1,1,1],[0,1,1,0],[0,0,1,1]]",2,0.2072192699510964
level2_receiver_side_info,1039,"[[0,0,0,0,1,1,1,1],[0,1,1,0],[0,0,1,1]]",4,0.3317269506967929
level2_receiver_side_info,1039,"[[0,0,0,0,1,1,1,1],[0,1,1,0],[0,0,1,1]]",8,0.46354777908042843
level2_receiver_side_info,1039,"[[0,0,0,0,1,1,1,1],[0,1,1,0],[0,0,1,1]]",16,0.5659041459749518
level2_receiver_side_info,1039,"[[0,0,0,0,1,1,1,1],[0,1,1,0],[0,0,1,1]]",32,0.627899347459281
level2_receiver_side_info,1040,"[[0,0,0,0,1,1,1,1],[0,1,1,0],[0,1,0,0]]",0,0.0
level2_receiver_side_info,1040,"[[0,0,0,0,1,1,1,1],[0,1,1,0],[0,1,0,0]]",1,0.029298145242776408
level2_receiver_side_info,1040,"[[0,0,0,0,1,1,1,1],[0,1,1,0],[0,1,0,0]]",2,0.05196690317726649
level2_receiver_side_info,1040,"[[0,0,0,0,1,1,1,1],[0,1,1,0],[0,1,0,0]]",4,0.08435950345211607
level2_receiver_side_info,1040,"[[0,0,0,0,1,1,1,1],[0,1,1,0],[0,1,0,0]]",8,0.12198650516110165
level2_receiver_side_info,1040,"[[0,0,0,0,1,1,1,1],[0,1,1,0],[0,1,0,0]]",16,0.15699470839711838
level2_receiver_side_info,1040,"[[0,0,0,0,1,1,1,1],[0,1,1,0],[0,1,0,0]]",32,0.1832648102910467
level2_receiver_side_info,1041,"[[0,0,0,0,1,1,1,1],[0,1,1,0],[0,1,1,1]]",0,0.0
level2_receiver_side_info,1041,"[[0,0,0,0,1,1,1,1],[0,1,1,0],[0,1,1,1]]",1,0.029298145242776408
level2_receiver_side_info,1041,"[[0,0,0,0,1,1,1,1],[0,1,1,0],[0,1,1,1]]",2,0.05196690317726649
level2_receiver_side_info,1041,"[[0,0,0,0,1,1,1,1],[0,1,1,0],[0,1,1,1]]",4,0.08435950345211607
level2_receiver_side_info,1041,"[[0,0,0,0,1,1,1,1],[0,1,1,0],[0,1,1,1]]",8,0.12198650516110165
level2_receiver_side_info,1041,"[[0,0,0,0,1,1,1,1],[0,1,1,0],[0,1,1,1]]",16,0.15699470839711838
level2_receiver_side_info,1041,"[[0,0,0,0,1,1,1,1],[0,1,1,0],[0,1,1,1]]",32,0.1832648102910467
level2_receiver_side_info,1042,"[[0,0,0,0,1,1,1,1],[0,1,1,0],[1,1,1,0]]",0,0.0
level2_receiver_side_info,1042,"[[0,0,0,0,1,1,1,1],[0,1,1,0],[1,1,1,0]]",1,0.029298145242776408
level2_receiver_side_info,1042,"[[0,0,0,0,1,1,1,1],[0,1,1,0],[1,1,1,0]]",2,0.05196690317726649
level2_receiver_side_info,1042,"[[0,0,0,0,1,1,1,1],[0,1,1,0],[1,1,1,0]]",4,0.08435950345211596
level2_receiver_side_info,1042,"[[0,0,0,0,1,1,1,1],[0,1,1,0],[1,1,1,0]]",8,0.12198650516110154
level2_receiver_side_info,1042,"[[0,0,0,0,1,1,1,1],[0,1,1,0],[1,1,1,0]]",16,0.1569947083971185
level2_receiver_side_info,1042,"[[0,0,0,0,1,1,1,1],[0,1,1,0],[1,1,1,0]]",32,0.1832648102910467
level2_receiver_side_info,1043,"[[0,0,0,0,1,1,1,1],[0,1,1,0],[1,1,0,1]]",0,0.0
level2_receiver_side_info,1043,"[[0,0,0,0,1,1,1,1],[0,1,1,0],[1,1,0,1]]",1,0.029298145242776297
level2_receiver_side_info,1043,"[[0,0,0,0,1,1,1,1],[0,1,1,0],[1,1,0,1]]",2,0.05196690317726649
level2_receiver_side_info,1043,"[[0,0,0,0,1,1,1,1],[0,1,1,0],[1,1,0,1]]",4,0.08435950345211596
level2_receiver_side_info,1043,"[[0,0,0,0,1,1,1,1],[0,1,1,0],[1,1,0,1]]",8,0.12198650516110165
level2_receiver_side_info,1043,"[[0,0,0,0,1,1,1,1],[0,1,1,0],[1,1,0,1]]",16,0.1569947083971185
level2_receiver_side_info,1043,"[[0,0,0,0,1,1,1,1],[0,1,1,0],[1,1,0,1]]",32,0.18326481029104658
level2_receiver_side_info,1044,"[[0,0,0,0,1,1,1,1],[0,1,1,0],[1,1,0,0]]",0,0.0
level2_receiver_side_info,1044,"[[0,0,0,0,1,1,1,1],[0,1,1,0],[1,1,0,0]]",1,0.11720776068110161
level2_receiver_side_info,1044,"[[0,0,0,0,1,1,1,1],[0,1,1,0],[1,1,0,0]]",2,0.2072192699510964
level2_receiver_side_info,1044,"[[0,0,0,0,1,1,1,1],[0,1,1,0],[1,1,0,0]]",4,0.3317269506967929
level2_receiver_side_info,1044,"[[0,0,0,0,1,1,1,1],[0,1,1,0],[1,1,0,0]]",8,0.46354777908042843
level2_receiver_side_info,1044,"[[0,0,0,0,1,1,1,1],[0,1,1,0],[1,1,0,0]]",16,0.5659041459749518
level2_receiver_side_info,1044,"[[0,0,0,0,1,1,1,1],[0,1,1,0],[1,1,0,0]]",32,0.627899347459281
level2_receiver_side_info,1045,"[[0,0,0,0,1,1,1,1],[0,1,1,0],[1,0,1,1]]",0,0.0
level2_receiver_side_info,1045,"[[0,0,0,0,1,1,1,1],[0,1,1,0],[1,0,1,1]]",1,0.029298145242776408
level2_receiver_side_info,1045,"[[0,0,0,0,1,1,1,1],[0,1,1,0],[1,0,1,1]]",2,0.05196690317726649
level2_receiver_side_info,1045,"[[0,0,0,0,1,1,1,1],[0,1,1,0],[1,0,1,1]]",4,0.08435950345211607
level2_receiver_side_info,1045,"[[0,0,0,0,1,1,1,1],[0,1,1,0],[1,0,1,1]]",8,0.12198650516110165
level2_receiver_side_info,1045,"[[0,0,0,0,1,1,1,1],[0,1,1,0],[1,0,1,1]]",16,0.15699470839711838
level2_receiver_side_info,1045,"[[0,0,0,0,1,1,1,1],[0,1,1,0],[1,0,1,1]]",32,0.1832648102910467
level2_receiver_side_info,1046,"[[0,0,0,0,1,1,1,1],[0,1,1,0],[1,0,0,0]]",0,0.0
level2_receiver_side_info,1046,"[[0,0,0,0,1,1,1,1],[0,1,1,0],[1,0,0,0]]",1,0.029298145242776408
level2_receiver_side_info,1046,"[[0,0,0,0,1,1,1,1],[0,1,1,0],[1,0,0,0]]",2,0.05196690317726649
level2_receiver_side_info,1046,"[[0,0,0,0,1,1,1,1],[0,1,1,0],[1,0,0,0]]",4,0.08435950345211607
level2_receiver_side_info,1046,"[[0,0,0,0,1,1,1,1],[0,1,1,0],[1,0,0,0]]",8,0.12198650516110165
level2_receiver_side_info,1046,"[[0,0,0,0,1,1,1,1],[0,1,1,0],[1,0,0,0]]",16,0.15699470839711838
level2_receiver_side_info,1046,"[[0,0,0,0,1,1,1,1],[0,1,1,0],[1,0,0,0]]",32,0.1832648102910467
level2_receiver_side_info,1047,"[[0,0,0,0,1,1,1,1],[0,1,0,1],[1,1,1,0]]",0,0.0
level2_receiver_side_info,1047,"[[0,0,0,0,1,1,1,1],[0,1,0,1],[1,1,1,0]]",1,0.029298145242776408
level2_receiver_side_info,1047,"[[0,0,0,0,1,1,1,1],[0,1,0,1],[1,1,1,0]]",2,0.05196690317726649
level2_receiver_side_info,1047,"[[0,0,0,0,1,1,1,1],[0,1,0,1],[1,1,1,0]]",4,0.08435950345211596
level2_receiver_side_info,1047,"[[0,0,0,0,1,1,1,1],[0,1,0,1],[1,1,1,0]]",8,0.12198650516110154
level2_receiver_side_info,1047,"[[0,0,0,0,1,1,1,1],[0,1,0,1],[1,1,1,0]]",16,0.1569947083971185
level2_receiver_side_info,1047,"[[0,0,0,0,1,1,1,1],[0,1,0,1],[1,1,1,0]]",32,0.1832648102910467
level2_receiver_side_info,1048,"[[0,0,0,0,1,1,1,1],[0,1,0,1],[1,1,0,1]]",0,0.0
level2_receiver_side_info,1048,"[[0,0,0,0,1,1,1,1],[0,1,0,1],[1,1,0,1]]",1,0.029298145242776297
level2_receiver_side_info,1048,"[[0,0,0,0,1,1,1,1],[0,1,0,1],[1,1,0,1]]",2,0.05196690317726649
level2_receiver_side_info,1048,"[[0,0,0,0,1,1,1,1],[0,1,0,1],[1,1,0,1]]",4,0.08435950345211596
level2_receiver_side_info,1048,"[[0,0,0,0,1,1,1,1],[0,1,0,1],[1,1,0,1]]",8,0.12198650516110165
level2_receiver_side_info,1048,"[[0,0,0,0,1,1,1,1],[0,1,0,1],[1,1,0,1]]",16,0.1569947083971185
level2_receiver_side_info,1048,"[[0,0,0,0,1,1,1,1],[0,1,0,1],[1,1,0,1]]",32,0.18326481029104658
level2_receiver_side_info,1049,"[[0,0,0,0,1,1,1,1],[0,1,0,1],[1,1,0,0]]",0,0.0
level2_receiver_side_info,1049,"[[0,0,0,0,1,1,1,1],[0,1,0,1],[1,1,0,0]]",1,0.11720776068110161
level2_receiver_side_info,1049,"[[0,0,0,0,1,1,1,1],[0,1,0,1],[1,1,0,0]]",2,0.2072192699510964
level2_receiver_side_info,1049,"[[0,0,0,0,1,1,1,1],[0,1,0,1],[1,1,0,0]]",4,0.3317269506967929
level2_receiver_side_info,1049,"[[0,0,0,0,1,1,1,1],[0,1,0,1],[1,1,0,0]]",8,0.46354777908042843
level2_receiver_side_info,1049,"[[0,0,0,0,1,1,1,1],[0,1,0,1],[1,1,0,0]]",16,0.5659041459749518
level2_receiver_side_info,1049,"[[0,0,0,0,1,1,1,1],[0,1,0,1],[1,1,0,0]]",32,0.627899347459281
level2_receiver_side_info,1050,"[[0,0,0,0,1,1,1,1],[0,1,0,1],[1,0,1,1]]",0,0.0
level2_receiver_side_info,1050,"[[0,0,0,0,1,1,1,1],[0,1,0,1],[1,0,1,1]]",1,0.029298145242776408
level2_receiver_side_info,1050,"[[0,0,0,0,1,1,1,1],[0,1,0,1],[1,0,1,1]]",2,0.05196690317726649
level2_receiver_side_info,1050,"[[0,0,0,0,1,1,1,1],[0,1,0,1],[1,0,1,1]]",4,0.08435950345211607
level2_receiver_side_info,1050,"[[0,0,0,0,1,1,1,1],[0,1,0,1],[1,0,1,1]]",8,0.12198650516110165
level2_receiver_side_info,1050,"[[0,0,0,0,1,1,1,1],[0,1,0,1],[1,0,1,1]]",16,0.15699470839711838
level2_receiver_side_info,1050,"[[0,0,0,0,1,1,1,1],[0,1,0,1],[1,0,1,1]]",32,0.1832648102910467
level2_receiver_side_info,1051,"[[0,0,0,0,1,1,1,1],[0,1,0,1],[1,0,0,0]]",0,0.0
level2_receiver_side_info,1051,"[[0,0,0,0,1,1,1,1],[0,1,0,1],[1,0,0,0]]",1,0.029298145242776408
level2_receiver_side_info,1051,"[[0,0,0,0,1,1,1,1],[0,1,0,1],[1,0,0,0]]",2,0.05196690317726649
level2_receiver_side_info,1051,"[[0,0,0,0,1,1,1,1],[0,1,0,1],[1,0,0,0]]",4,0.08435950345211607
level2_receiver_side_info,1051,"[[0,0,0,0,1,1,1,1],[0,1,0,1],[1,0,0,0]]",8,0.12198650516110165
level2_receiver_side_info,1051,"[[0,0,0,0,1,1,1,1],[0,1,0,1],[1,0,0,0]]",16,0.15699470839711838
level2_receiver_side_info,1051,"[[0,0,0,0,1,1,1,1],[0,1,0,1],[1,0,0,0]]",32,0.1832648102910467
level2_receiver_side_info,1052,"[[0,0,0,0,1,1,0,0],[0,0,0,1],[1,1,0,1]]",0,0.09116077839697723
level2_receiver_side_info,1052,"[[0,0,0,0,1,1,0,0],[0,0,0,1],[1,1,0,1]]",1,0.1429065834305655
level2_receiver_side_info,1052,"[[0,0,0,0,1,1,0,0],[0,0,0,1],[1,1,0,1]]",2,0.18449810329733946
level2_receiver_side_info,1052,"[[0,0,0,0,1,1,0,0],[0,0,0,1],[1,1,0,1]]",4,0.246861694803569
level2_receiver_side_info,1052,"[[0,0,0,0,1,1,0,0],[0,0,0,1],[1,1,0,1]]",8,0.32298029056872957
level2_receiver_side_info,1052,"[[0,0,0,0,1,1,0,0],[0,0,0,1],[1,1,0,1]]",16,0.39196225193885564
level2_receiver_side_info,1052,"[[0,0,0,0,1,1,0,0],[0,0,0,1],[1,1,0,1]]",32,0.43644344248314626
level2_receiver_side_info,1053,"[[0,0,0,0,1,1,0,0],[0,1,0,0],[1,1,0,1]]",0,0.09116077839697723
level2_receiver_side_info,1053,"[[0,0,0,0,1,1,0,0],[0,1,0,0],[1,1,0,1]]",1,0.1429065834305654
level2_receiver_side_info,1053,"[[0,0,0,0,1,1,0,0],[0,1,0,0],[1,1,0,1]]",2,0.18449810329733946
level2_receiver_side_info,1053,"[[0,0,0,0,1,1,0,0],[0,1,0,0],[1,1,0,1]]",4,0.246861694803569
level2_receiver_side_info,1053,"[[0,0,0,0,1,1,0,0],[0,1,0,0],[1,1,0,1]]",8,0.32298029056872957
level2_receiver_side_info,1053,"[[0,0,0,0,1,1,0,0],[0,1,0,0],[1,1,0,1]]",16,0.39196225193885564
level2_receiver_side_info,1053,"[[0,0,0,0,1,1,0,0],[0,1,0,0],[1,1,0,1]]",32,0.43644344248314626
level2_receiver_side_info,1054,"[[0,0,0,0,1,1,0,0],[0,1,1,1],[0,0,1,0]]",0,0.09116077839697723
level2_receiver_side_info,1054,"[[0,0,0,0,1,1,0,0],[0,1,1,1],[0,0,1,0]]",1,0.1429065834305654
level2_receiver_side_info,1054,"[[0,0,0,0,1,1,0,0],[0,1,1,1],[0,0,1,0]]",2,0.18449810329733946
level2_receiver_side_info,1054,"[[0,0,0,0,1,1,0,0],[0,1,1,1],[0,0,1,0]]",4,0.246861694803569
level2_receiver_side_info,1054,"[[0,0,0,0,1,1,0,0],[0,1,1,1],[0,0,1,0]]",8,0.32298029056872957
level2_receiver_side_info,1054,"[[0,0,0,0,1,1,0,0],[0,1,1,1],[0,0,1,0]]",16,0.39196225193885564
level2_receiver_side_info,1054,"[[0,0,0,0,1,1,0,0],[0,1,1,1],[0,0,1,0]]",32,0.43644344248314626
level2_receiver_side_info,1055,"[[0,0,0,0,1,1,0,0],[0,1,1,1],[0,0,1,0]]",0,0.09116077839697723
level2_receiver_side_info,1055,"[[0,0,0,0,1,1,0,0],[0,1,1,1],[0,0,1,0]]",1,0.1429065834305654
level2_receiver_side_info,1055,"[[0,0,0,0,1,1,0,0],[0,1,1,1],[0,0,1,0]]",2,0.18449810329733946
level2_receiver_side_info,1055,"[[0,0,0,0,1,1,0,0],[0,1,1,1],[0,0,1,0]]",4,0.246861694803569
level2_receiver_side_info,1055,"[[0,0,0,0,1,1,0,0],[0,1,1,1],[0,0,1,0]]",8,0.32298029056872957
level2_receiver_side_info,1055,"[[0,0,0,0,1,1,0,0],[0,1,1,1],[0,0,1,0]]",16,0.39196225193885564
level2_receiver_side_info,1055,"[[0,0,0,0,1,1,0,0],[0,1,1,1],[0,0,1,0]]",32,0.43644344248314626
level2_receiver_side_info,1056,"[[0,0,0,0,1,1,0,0],[0,1,0,0],[1,1,0,1]]",0,0.09116077839697723
level2_receiver_side_info,1056,"[[0,0,0,0,1,1,0,0],[0,1,0,0],[1,1,0,1]]",1,0.1429065834305654
level2_receiver_side_info,1056,"[[0,0,0,0,1,1,0,0],[0,1,0,0],[1,1,0,1]]",2,0.18449810329733946
level2_receiver_side_info,1056,"[[0,0,0,0,1,1,0,0],[0,1,0,0],[1,1,0,1]]",4,0.246861694803569
level2_receiver_side_info,1056,"[[0,0,0,0,1,1,0,0],[0,1,0,0],[1,1,0,1]]",8,0.32298029056872957
level2_receiver_side_info,1056,"[[0,0,0,0,1,1,0,0],[0,1,0,0],[1,1,0,1]]",16,0.39196225193885564
level2_receiver_side_info,1056,"[[0,0,0,0,1,1,0,0],[0,1,0,0],[1,1,0,1]]",32,0.43644344248314626
level2_receiver_side_info,1057,"[[0,0,0,0,1,1,0,0],[0,0,0,1],[1,1,0,1]]",0,0.09116077839697723
level2_receiver_side_info,1057,"[[0,0,0,0,1,1,0,0],[0,0,0,1],[1,1,0,1]]",1,0.1429065834305655
level2_receiver_side_info,1057,"[[0,0,0,0,1,1,0,0],[0,0,0,1],[1,1,0,1]]",2,0.18449810329733946
level2_receiver_side_info,1057,"[[0,0,0,0,1,1,0,0],[0,0,0,1],[1,1,0,1]]",4,0.246861694803569
level2_receiver_side_info,1057,"[[0,0,0,0,1,1,0,0],[0,0,0,1],[1,1,0,1]]",8,0.32298029056872957
level2_receiver_side_info,1057,"[[0,0,0,0,1,1,0,0],[0,0,0,1],[1,1,0,1]]",16,0.39196225193885564
level2_receiver_side_info,1057,"[[0,0,0,0,1,1,0,0],[0,0,0,1],[1,1,0,1]]",32,0.43644344248314626
level2_receiver_side_info,1058,"[[0,0,0,0,1,0,1,0],[0,1,0,1],[0,0,0,1]]",0,0.0
level2_receiver_side_info,1058,"[[0,0,0,0,1,0,1,0],[0,1,0,1],[0,0,0,1]]",1,0.01621124580150446
level2_receiver_side_info,1058,"[[0,0,0,0,1,0,1,0],[0,1,0,1],[0,0,0,1]]",2,0.028533198169706342
level2_receiver_side_info,1058,"[[0,0,0,0,1,0,1,0],[0,1,0,1],[0,0,0,1]]",4,0.0456971587074495
level2_receiver_side_info,1058,"[[0,0,0,0,1,0,1,0],[0,1,0,1],[0,0,0,1]]",8,0.0647237743260059
level2_receiver_side_info,1058,"[[0,0,0,0,1,0,1,0],[0,1,0,1],[0,0,0,1]]",16,0.08128352549864837
level2_receiver_side_info,1058,"[[0,0,0,0,1,0,1,0],[0,1,0,1],[0,0,0,1]]",32,0.09305028484361938
level2_receiver_side_info,1059,"[[0,0,0,0,1,0,1,0],[0,1,0,1],[0,0,1,0]]",0,0.0
level2_receiver_side_info,1059,"[[0,0,0,0,1,0,1,0],[0,1,0,1],[0,0,1,0]]",1,0.01621124580150446
level2_receiver_side_info,1059,"[[0,0,0,0,1,0,1,0],[0,1,0,1],[0,0,1,0]]",2,0.028533198169706397
level2_receiver_side_info,1059,"[[0,0,0,0,1,0,1,0],[0,1,0,1],[0,0,1,0]]",4,0.04569715870744956
level2_receiver_side_info,1059,"[[0,0,0,0,1,0,1,0],[0,1,0,1],[0,0,1,0]]",8,0.0647237743260059
level2_receiver_side_info,1059,"[[0,0,0,0,1,0,1,0],[0,1,0,1],[0,0,1,0]]",16,0.08128352549864842
level2_receiver_side_info,1059,"[[0,0,0,0,1,0,1,0],[0,1,0,1],[0,0,1,0]]",32,0.09305028484361938
level2_receiver_side_info,1060,"[[0,0,0,0,1,0,1,0],[0,1,0,1],[0,0,1,1]]",0,0.0
level2_receiver_side_info,1060,"[[0,0,0,0,1,0,1,0],[0,1,0,1],[0,0,1,1]]",1,0.05860388034055081
level2_receiver_side_info,1060,"[[0,0,0,0,1,0,1,0],[0,1,0,1],[0,0,1,1]]",2,0.10360963497554826
level2_receiver_side_info,1060,"[[0,0,0,0,1,0,1,0],[0,1,0,1],[0,0,1,1]]",4,0.16586347534839643
level2_receiver_side_info,1060,"[[0,0,0,0,1,0,1,0],[0,1,0,1],[0,0,1,1]]",8,0.23177388954021425
level2_receiver_side_info,1060,"[[0,0,0,0,1,0,1,0],[0,1,0,1],[0,0,1,1]]",16,0.2829520729874759
level2_receiver_side_info,1060,"[[0,0,0,0,1,0,1,0],[0,1,0,1],[0,0,1,1]]",32,0.3139496737296405
level2_receiver_side_info,1061,"[[0,0,0,0,1,0,1,0],[0,1,0,1],[0,1,0,0]]",0,0.0
level2_receiver_side_info,1061,"[[0,0,0,0,1,0,1,0],[0,1,0,1],[0,1,0,0]]",1,0.01621124580150446
level2_receiver_side_info,1061,"[[0,0,0,0,1,0,1,0],[0,1,0,1],[0,1,0,0]]",2,0.028533198169706342
level2_receiver_side_info,1061,"[[0,0,0,0,1,0,1,0],[0,1,0,1],[0,1,0,0]]",4,0.045697158707449614
level2_receiver_side_info,1061,"[[0,0,0,0,1,0,1,0],[0,1,0,1],[0,1,0,0]]",8,0.0647237743260059
level2_receiver_side_info,1061,"[[0,0,0,0,1,0,1,0],[0,1,0,1],[0,1,0,0]]",16,0.08128352549864842
level2_receiver_side_info,1061,"[[0,0,0,0,1,0,1,0],[0,1,0,1],[0,1,0,0]]",32,0.09305028484361932
level2_receiver_side_info,1062,"[[0,0,0,0,1,0,1,0],[0,1,0,1],[0,1,1,1]]",0,0.0
level2_receiver_side_info,1062,"[[0,0,0,0,1,0,1,0],[0,1,0,1],[0,1,1,1]]",1,0.01621124580150446
level2_receiver_side_info,1062,"[[0,0,0,0,1,0,1,0],[0,1,0,1],[0,1,1,1]]",2,0.028533198169706342
level2_receiver_side_info,1062,"[[0,0,0,0,1,0,1,0],[0,1,0,1],[0,1,1,1]]",4,0.045697158707449614
level2_receiver_side_info,1062,"[[0,0,0,0,1,0,1,0],[0,1,0,1],[0,1,1,1]]",8,0.0647237743260059
level2_receiver_side_info,1062,"[[0,0,0,0,1,0,1,0],[0,1,0,1],[0,1,1,1]]",16,0.08128352549864842
level2_receiver_side_info,1062,"[[0,0,0,0,1,0,1,0],[0,1,0,1],[0,1,1,1]]",32,0.09305028484361938
level2_receiver_side_info,1063,"[[0,0,0,0,1,0,1,0],[0,1,1,0],[0,0,0,1]]",0,0.0
level2_receiver_side_info,1063,"[[0,0,0,0,1,0,1,0],[0,1,1,0],[0,0,0,1]]",1,0.01621124580150446
level2_receiver_side_info,1063,"[[0,0,0,0,1,0,1,0],[0,1,1,0],[0,0,0,1]]",2,0.028533198169706342
level2_receiver_side_info,1063,"[[0,0,0,0,1,0,1,0],[0,1,1,0],[0,0,0,1]]",4,0.0456971587074495
level2_receiver_side_info,1063,"[[0,0,0,0,1,0,1,0],[0,1,1,0],[0,0,0,1]]",8,0.0647237743260059
level2_receiver_side_info,1063,"[[0,0,0,0,1,0,1,0],[0,1,1,0],[0,0,0,1]]",16,0.08128352549864837
level2_receiver_side_info,1063,"[[0,0,0,0,1,0,1,0],[0,1,1,0],[0,0,0,1]]",32,0.09305028484361938
level2_receiver_side_info,1064,"[[0,0,0,0,1,0,1,0],[0,1,1,0],[0,0,1,0]]",0,0.0
level2_receiver_side_info,1064,"[[0,0,0,0,1,0,1,0],[0,1,1,0],[0,0,1,0]]",1,0.01621124580150446
level2_receiver_side_info,1064,"[[0,0,0,0,1,0,1,0],[0,1,1,0],[0,0,1,0]]",2,0.028533198169706397
level2_receiver_side_info,1064,"[[0,0,0,0,1,0,1,0],[0,1,1,0],[0,0,1,0]]",4,0.04569715870744956
level2_receiver_side_info,1064,"[[0,0,0,0,1,0,1,0],[0,1,1,0],[0,0,1,0]]",8,0.0647237743260059
level2_receiver_side_info,1064,"[[0,0,0,0,1,0,1,0],[0,1,1,0],[0,0,1,0]]",16,0.08128352549864842
level2_receiver_side_info,1064,"[[0,0,0,0,1,0,1,0],[0,1,1,0],[0,0,1,0]]",32,0.09305028484361938
level2_receiver_side_info,1065,"[[0,0,0,0,1,0,1,0],[0,1,1,0],[0,0,1,1]]",0,0.0
level2_receiver_side_info,1065,"[[0,0,0,0,1,0,1,0],[0,1,1,0],[0,0,1,1]]",1,0.05860388034055081
level2_receiver_side_info,1065,"[[0,0,0,0,1,0,1,0],[0,1,1,0],[0,0,1,1]]",2,0.10360963497554826
level2_receiver_side_info,1065,"[[0,0,0,0,1,0,1,0],[0,1,1,0],[0,0,1,1]]",4,0.16586347534839643
level2_receiver_side_info,1065,"[[0,0,0,0,1,0,1,0],[0,1,1,0],[0,0,1,1]]",8,0.23177388954021425
level2_receiver_side_info,1065,"[[0,0,0,0,1,0,1,0],[0,1,1,0],[0,0,1,1]]",16,0.2829520729874759
level2_receiver_side_info,1065,"[[0,0,0,0,1,0,1,0],[0,1,1,0],[0,0,1,1]]",32,0.3139496737296405
level2_receiver_side_info,1066,"[[0,0,0,0,1,0,1,0],[0,1,1,0],[0,1,0,0]]",0,0.0
level2_receiver_side_info,1066,"[[0,0,0,0,1,0,1,0],[0,1,1,0],[0,1,0,0]]",1,0.01621124580150446
level2_receiver_side_info,1066,"[[0,0,0,0,1,0,1,0],[0,1,1,0],[0,1,0,0]]",2,0.028533198169706342
level2_receiver_side_info,1066,"[[0,0,0,0,1,0,1,0],[0,1,1,0],[0,1,0,0]]",4,0.045697158707449614
level2_receiver_side_info,1066,"[[0,0,0,0,1,0,1,0],[0,1,1,0],[0,1,0,0]]",8,0.0647237743260059
level2_receiver_side_info,1066,"[[0,0,0,0,1,0,1,0],[0,1,1,0],[0,1,0,0]]",16,0.08128352549864842
level2_receiver_side_info,1066,"[[0,0,0,0,1,0,1,0],[0,1,1,0],[0,1,0,0]]",32,0.09305028484361932
level2_receiver_side_info,1067,"[[0,0,0,0,1,0,1,0],[0,1,1,0],[0,1,1,1]]",0,0.0
level2_receiver_side_info,1067,"[[0,0,0,0,1,0,1,0],[0,1,1,0],[0,1,1,1]]",1,0.01621124580150446
level2_receiver_side_info,1067,"[[0,0,0,0,1,0,1,0],[0,1,1,0],[0,1,1,1]]",2,0.028533198169706342
level2_receiver_side_info,1067,"[[0,0,0,0,1,0,1,0],[0,1,1,0],[0,1,1,1]]",4,0.045697158707449614
level2_receiver_side_info,1067,"[[0,0,0,0,1,0,1,0],[0,1,1,0],[0,1,1,1]]",8,0.0647237743260059
level2_receiver_side_info,1067,"[[0,0,0,0,1,0,1,0],[0,1,1,0],[0,1,1,1]]",16,0.08128352549864842
level2_receiver_side_info,1067,"[[0,0,0,0,1,0,1,0],[0,1,1,0],[0,1,1,1]]",32,0.09305028484361938
level2_receiver_side_info,1068,"[[0,0,0,0,1,0,1,0],[0,1,1,0],[1,1,1,0]]",0,0.0
level2_receiver_side_info,1068,"[[0,0,0,0,1,0,1,0],[0,1,1,0],[1,1,1,0]]",1,0.01621124580150446
level2_receiver_side_info,1068,"[[0,0,0,0,1,0,1,0],[0,1,1,0],[1,1,1,0]]",2,0.028533198169706342
level2_receiver_side_info,1068,"[[0,0,0,0,1,0,1,0],[0,1,1,0],[1,1,1,0]]",4,0.0456971587074495
level2_receiver_side_info,1068,"[[0,0,0,0,1,0,1,0],[0,1,1,0],[1,1,1,0]]",8,0.0647237743260059
level2_receiver_side_info,1068,"[[0,0,0,0,1,0,1,0],[0,1,1,0],[1,1,1,0]]",16,0.08128352549864837
level2_receiver_side_info,1068,"[[0,0,0,0,1,0,1,0],[0,1,1,0],[1,1,1,0]]",32,0.09305028484361938
level2_receiver_side_info,1069,"[[0,0,0,0,1,0,1,0],[0,1,1,0],[1,1,0,1]]",0,0.0
level2_receiver_side_info,1069,"[[0,0,0,0,1,0,1,0],[0,1,1,0],[1,1,0,1]]",1,0.01621124580150446
level2_receiver_side_info,1069,"[[0,0,0,0,1,0,1,0],[0,1,1,0],[1,1,0,1]]",2,0.028533198169706397
level2_receiver_side_info,1069,"[[0,0,0,0,1,0,1,0],[0,1,1,0],[1,1,0,1]]",4,0.04569715870744956
level2_receiver_side_info,1069,"[[0,0,0,0,1,0,1,0],[0,1,1,0],[1,1,0,1]]",8,0.0647237743260059
level2_receiver_side_info,1069,"[[0,0,0,0,1,0,1,0],[0,1,1,0],[1,1,0,1]]",16,0.08128352549864842
level2_receiver_side_info,1069,"[[0,0,0,0,1,0,1,0],[0,1,1,0],[1,1,0,1]]",32,0.09305028484361938
level2_receiver_side_info,1070,"[[0,0,0,0,1,0,1,0],[0,1,1,0],[1,1,0,0]]",0,0.0
level2_receiver_side_info,1070,"[[0,0,0,0,1,0,1,0],[0,1,1,0],[1,1,0,0]]",1,0.05860388034055081
level2_receiver_side_info,1070,"[[0,0,0,0,1,0,1,0],[0,1,1,0],[1,1,0,0]]",2,0.10360963497554826
level2_receiver_side_info,1070,"[[0,0,0,0,1,0,1,0],[0,1,1,0],[1,1,0,0]]",4,0.16586347534839643
level2_receiver_side_info,1070,"[[0,0,0,0,1,0,1,0],[0,1,1,0],[1,1,0,0]]",8,0.23177388954021425
level2_receiver_side_info,1070,"[[0,0,0,0,1,0,1,0],[0,1,1,0],[1,1,0,0]]",16,0.2829520729874759
level2_receiver_side_info,1070,"[[0,0,0,0,1,0,1,0],[0,1,1,0],[1,1,0,0]]",32,0.3139496737296405
level2_receiver_side_info,1071,"[[0,0,0,0,1,0,1,0],[0,1,1,0],[1,0,1,1]]",0,0.0
level2_receiver_side_info,1071,"[[0,0,0,0,1,0,1,0],[0,1,1,0],[1,0,1,1]]",1,0.01621124580150446
level2_receiver_side_info,1071,"[[0,0,0,0,1,0,1,0],[0,1,1,0],[1,0,1,1]]",2,0.028533198169706342
level2_receiver_side_info,1071,"[[0,0,0,0,1,0,1,0],[0,1,1,0],[1,0,1,1]]",4,0.045697158707449614
level2_receiver_side_info,1071,"[[0,0,0,0,1,0,1,0],[0,1,1,0],[1,0,1,1]]",8,0.0647237743260059
level2_receiver_side_info,1071,"[[0,0,0,0,1,0,1,0],[0,1,1,0],[1,0,1,1]]",16,0.08128352549864842
level2_receiver_side_info,1071,"[[0,0,0,0,1,0,1,0],[0,1,1,0],[1,0,1,1]]",32,0.09305028484361932
level2_receiver_side_info,1072,"[[0,0,0,0,1,0,1,0],[0,1,1,0],[1,0,0,0]]",0,0.0
level2_receiver_side_info,1072,"[[0,0,0,0,1,0,1,0],[0,1,1,0],[1,0,0,0]]",1,0.01621124580150446
level2_receiver_side_info,1072,"[[0,0,0,0,1,0,1,0],[0,1,1,0],[1,0,0,0]]",2,0.028533198169706342
level2_receiver_side_info,1072,"[[0,0,0,0,1,0,1,0],[0,1,1,0],[1,0,0,0]]",4,0.045697158707449614
level2_receiver_side_info,1072,"[[0,0,0,0,1,0,1,0],[0,1,1,0],[1,0,0,0]]",8,0.0647237743260059
level2_receiver_side_info,1072,"[[0,0,0,0,1,0,1,0],[0,1,1,0],[1,0,0,0]]",16,0.08128352549864842
level2_receiver_side_info,1072,"[[0,0,0,0,1,0,1,0],[0,1,1,0],[1,0,0,0]]",32,0.09305028484361938
level2_receiver_side_info,1073,"[[0,0,0,0,1,0,1,0],[0,1,0,1],[1,1,1,0]]",0,0.0
level2_receiver_side_info,1073,"[[0,0,0,0,1,0,1,0],[0,1,0,1],[1,1,1,0]]",1,0.01621124580150446
level2_receiver_side_info,1073,"[[0,0,0,0,1,0,1,0],[0,1,0,1],[1,1,1,0]]",2,0.028533198169706342
level2_receiver_side_info,1073,"[[0,0,0,0,1,0,1,0],[0,1,0,1],[1,1,1,0]]",4,0.0456971587074495
level2_receiver_side_info,1073,"[[0,0,0,0,1,0,1,0],[0,1,0,1],[1,1,1,0]]",8,0.0647237743260059
level2_receiver_side_info,1073,"[[0,0,0,0,1,0,1,0],[0,1,0,1],[1,1,1,0]]",16,0.08128352549864837
level2_receiver_side_info,1073,"[[0,0,0,0,1,0,1,0],[0,1,0,1],[1,1,1,0]]",32,0.09305028484361938
level2_receiver_side_info,1074,"[[0,0,0,0,1,0,1,0],[0,1,0,1],[1,1,0,1]]",0,0.0
level2_receiver_side_info,1074,"[[0,0,0,0,1,0,1,0],[0,1,0,1],[1,1,0,1]]",1,0.01621124580150446
level2_receiver_side_info,1074,"[[0,0,0,0,1,0,1,0],[0,1,0,1],[1,1,0,1]]",2,0.028533198169706397
level2_receiver_side_info,1074,"[[0,0,0,0,1,0,1,0],[0,1,0,1],[1,1,0,1]]",4,0.04569715870744956
level2_receiver_side_info,1074,"[[0,0,0,0,1,0,1,0],[0,1,0,1],[1,1,0,1]]",8,0.0647237743260059
level2_receiver_side_info,1074,"[[0,0,0,0,1,0,1,0],[0,1,0,1],[1,1,0,1]]",16,0.08128352549864842
level2_receiver_side_info,1074,"[[0,0,0,0,1,0,1,0],[0,1,0,1],[1,1,0,1]]",32,0.09305028484361938
level2_receiver_side_info,1075,"[[0,0,0,0,1,0,1,0],[0,1,0,1],[1,1,0,0]]",0,0.0
level2_receiver_side_info,1075,"[[0,0,0,0,1,0,1,0],[0,1,0,1],[1,1,0,0]]",1,0.05860388034055081
level2_receiver_side_info,1075,"[[0,0,0,0,1,0,1,0],[0,1,0,1],[1,1,0,0]]",2,0.10360963497554826
level2_receiver_side_info,1075,"[[0,0,0,0,1,0,1,0],[0,1,0,1],[1,1,0,0]]",4,0.16586347534839643
level2_receiver_side_info,1075,"[[0,0,0,0,1,0,1,0],[0,1,0,1],[1,1,0,0]]",8,0.23177388954021425
level2_receiver_side_info,1075,"[[0,0,0,0,1,0,1,0],[0,1,0,1],[1,1,0,0]]",16,0.2829520729874759
level2_receiver_side_info,1075,"[[0,0,0,0,1,0,1,0],[0,1,0,1],[1,1,0,0]]",32,0.3139496737296405
level2_receiver_side_info,1076,"[[0,0,0,0,1,0,1,0],[0,1,0,1],[1,0,1,1]]",0,0.0
level2_receiver_side_info,1076,"[[0,0,0,0,1,0,1,0],[0,1,0,1],[1,0,1,1]]",1,0.01621124580150446
level2_receiver_side_info,1076,"[[0,0,0,0,1,0,1,0],[0,1,0,1],[1,0,1,1]]",2,0.028533198169706342
level2_receiver_side_info,1076,"[[0,0,0,0,1,0,1,0],[0,1,0,1],[1,0,1,1]]",4,0.045697158707449614
level2_receiver_side_info,1076,"[[0,0,0,0,1,0,1,0],[0,1,0,1],[1,0,1,1]]",8,0.0647237743260059
level2_receiver_side_info,1076,"[[0,0,0,0,1,0,1,0],[0,1,0,1],[1,0,1,1]]",16,0.08128352549864842
level2_receiver_side_info,1076,"[[0,0,0,0,1,0,1,0],[0,1,0,1],[1,0,1,1]]",32,0.09305028484361932
level2_receiver_side_info,1077,"[[0,0,0,0,1,0,1,0],[0,1,0,1],[1,0,0,0]]",0,0.0
level2_receiver_side_info,1077,"[[0,0,0,0,1,0,1,0],[0,1,0,1],[1,0,0,0]]",1,0.01621124580150446
level2_receiver_side_info,1077,"[[0,0,0,0,1,0,1,0],[0,1,0,1],[1,0,0,0]]",2,0.028533198169706342
level2_receiver_side_info,1077,"[[0,0,0,0,1,0,1,0],[0,1,0,1],[1,0,0,0]]",4,0.045697158707449614
level2_receiver_side_info,1077,"[[0,0,0,0,1,0,1,0],[0,1,0,1],[1,0,0,0]]",8,0.0647237743260059
level2_receiver_side_info,1077,"[[0,0,0,0,1,0,1,0],[0,1,0,1],[1,0,0,0]]",16,0.08128352549864842
level2_receiver_side_info,1077,"[[0,0,0,0,1,0,1,0],[0,1,0,1],[1,0,0,0]]",32,0.09305028484361938
level2_receiver_side_info,1078,"[[0,0,0,0,1,0,0,0],[0,0,0,1],[1,1,0,1]]",0,0.007042719241674045
level2_receiver_side_info,1078,"[[0,0,0,0,1,0,0,0],[0,0,0,1],[1,1,0,1]]",1,0.043652143186217685
level2_receiver_side_info,1078,"[[0,0,0,0,1,0,0,0],[0,0,0,1],[1,1,0,1]]",2,0.07195128098324627
level2_receiver_side_info,1078,"[[0,0,0,0,1,0,0,0],[0,0,0,1],[1,1,0,1]]",4,0.11242296217865763
level2_receiver_side_info,1078,"[[0,0,0,0,1,0,0,0],[0,0,0,1],[1,1,0,1]]",8,0.1585495660446091
level2_receiver_side_info,1078,"[[0,0,0,0,1,0,0,0],[0,0,0,1],[1,1,0,1]]",16,0.19702626025256345
level2_receiver_side_info,1078,"[[0,0,0,0,1,0,0,0],[0,0,0,1],[1,1,0,1]]",32,0.2196961455373196
level2_receiver_side_info,1079,"[[0,0,0,0,1,0,0,0],[0,1,0,0],[1,1,0,1]]",0,0.007042719241673989
level2_receiver_side_info,1079,"[[0,0,0,0,1,0,0,0],[0,1,0,0],[1,1,0,1]]",1,0.04365214318621763
level2_receiver_side_info,1079,"[[0,0,0,0,1,0,0,0],[0,1,0,0],[1,1,0,1]]",2,0.07195128098324627
level2_receiver_side_info,1079,"[[0,0,0,0,1,0,0,0],[0,1,0,0],[1,1,0,1]]",4,0.11242296217865763
level2_receiver_side_info,1079,"[[0,0,0,0,1,0,0,0],[0,1,0,0],[1,1,0,1]]",8,0.1585495660446091
level2_receiver_side_info,1079,"[[0,0,0,0,1,0,0,0],[0,1,0,0],[1,1,0,1]]",16,0.1970262602525635
level2_receiver_side_info,1079,"[[0,0,0,0,1,0,0,0],[0,1,0,0],[1,1,0,1]]",32,0.2196961455373196
level2_receiver_side_info,1080,"[[0,0,0,0,1,0,0,0],[0,1,1,1],[0,0,1,0]]",0,0.007042719241674045
level2_receiver_side_info,1080,"[[0,0,0,0,1,0,0,0],[0,1,1,1],[0,0,1,0]]",1,0.04365214318621763
level2_receiver_side_info,1080,"[[0,0,0,0,1,0,0,0],[0,1,1,1],[0,0,1,0]]",2,0.07195128098324627
level2_receiver_side_info,1080,"[[0,0,0,0,1,0,0,0],[0,1,1,1],[0,0,1,0]]",4,0.11242296217865763
level2_receiver_side_info,1080,"[[0,0,0,0,1,0,0,0],[0,1,1,1],[0,0,1,0]]",8,0.1585495660446091
level2_receiver_side_info,1080,"[[0,0,0,0,1,0,0,0],[0,1,1,1],[0,0,1,0]]",16,0.19702626025256345
level2_receiver_side_info,1080,"[[0,0,0,0,1,0,0,0],[0,1,1,1],[0,0,1,0]]",32,0.2196961455373196
level2_receiver_side_info,1081,"[[0,0,0,0,1,0,0,0],[0,1,1,1],[0,0,1,0]]",0,0.007042719241674045
level2_receiver_side_info,1081,"[[0,0,0,0,1,0,0,0],[0,1,1,1],[0,0,1,0]]",1,0.04365214318621763
level2_receiver_side_info,1081,"[[0,0,0,0,1,0,0,0],[0,1,1,1],[0,0,1,0]]",2,0.07195128098324627
level2_receiver_side_info,1081,"[[0,0,0,0,1,0,0,0],[0,1,1,1],[0,0,1,0]]",4,0.11242296217865763
level2_receiver_side_info,1081,"[[0,0,0,0,1,0,0,0],[0,1,1,1],[0,0,1,0]]",8,0.1585495660446091
level2_receiver_side_info,1081,"[[0,0,0,0,1,0,0,0],[0,1,1,1],[0,0,1,0]]",16,0.19702626025256345
level2_receiver_side_info,1081,"[[0,0,0,0,1,0,0,0],[0,1,1,1],[0,0,1,0]]",32,0.2196961455373196
level2_receiver_side_info,1082,"[[0,0,0,0,1,0,0,0],[0,1,0,0],[1,1,0,1]]",0,0.007042719241673989
level2_receiver_side_info,1082,"[[0,0,0,0,1,0,0,0],[0,1,0,0],[1,1,0,1]]",1,0.04365214318621763
level2_receiver_side_info,1082,"[[0,0,0,0,1,0,0,0],[0,1,0,0],[1,1,0,1]]",2,0.07195128098324627
level2_receiver_side_info,1082,"[[0,0,0,0,1,0,0,0],[0,1,0,0],[1,1,0,1]]",4,0.11242296217865763
level2_receiver_side_info,1082,"[[0,0,0,0,1,0,0,0],[0,1,0,0],[1,1,0,1]]",8,0.1585495660446091
level2_receiver_side_info,1082,"[[0,0,0,0,1,0,0,0],[0,1,0,0],[1,1,0,1]]",16,0.1970262602525635
level2_receiver_side_info,1082,"[[0,0,0,0,1,0,0,0],[0,1,0,0],[1,1,0,1]]",32,0.2196961455373196
level2_receiver_side_info,1083,"[[0,0,0,0,1,0,0,0],[0,0,0,1],[1,1,0,1]]",0,0.007042719241674045
level2_receiver_side_info,1083,"[[0,0,0,0,1,0,0,0],[0,0,0,1],[1,1,0,1]]",1,0.043652143186217685
level2_receiver_side_info,1083,"[[0,0,0,0,1,0,0,0],[0,0,0,1],[1,1,0,1]]",2,0.07195128098324627
level2_receiver_side_info,1083,"[[0,0,0,0,1,0,0,0],[0,0,0,1],[1,1,0,1]]",4,0.11242296217865763
level2_receiver_side_info,1083,"[[0,0,0,0,1,0,0,0],[0,0,0,1],[1,1,0,1]]",8,0.1585495660446091
level2_receiver_side_info,1083,"[[0,0,0,0,1,0,0,0],[0,0,0,1],[1,1,0,1]]",16,0.19702626025256345
level2_receiver_side_info,1083,"[[0,0,0,0,1,0,0,0],[0,0,0,1],[1,1,0,1]]",32,0.2196961455373196
level2_receiver_side_info,1084,"[[0,0,0,0,0,1,0,1],[0,1,0,1],[0,0,0,1]]",0,0.0
level2_receiver_side_info,1084,"[[0,0,0,0,0,1,0,1],[0,1,0,1],[0,0,0,1]]",1,0.01621124580150446
level2_receiver_side_info,1084,"[[0,0,0,0,0,1,0,1],[0,1,0,1],[0,0,0,1]]",2,0.028533198169706342
level2_receiver_side_info,1084,"[[0,0,0,0,0,1,0,1],[0,1,0,1],[0,0,0,1]]",4,0.0456971587074495
level2_receiver_side_info,1084,"[[0,0,0,0,0,1,0,1],[0,1,0,1],[0,0,0,1]]",8,0.0647237743260059
level2_receiver_side_info,1084,"[[0,0,0,0,0,1,0,1],[0,1,0,1],[0,0,0,1]]",16,0.08128352549864837
level2_receiver_side_info,1084,"[[0,0,0,0,0,1,0,1],[0,1,0,1],[0,0,0,1]]",32,0.09305028484361938
level2_receiver_side_info,1085,"[[0,0,0,0,0,1,0,1],[0,1,0,1],[0,0,1,0]]",0,0.0
level2_receiver_side_info,1085,"[[0,0,0,0,0,1,0,1],[0,1,0,1],[0,0,1,0]]",1,0.01621124580150446
level2_receiver_side_info,1085,"[[0,0,0,0,0,1,0,1],[0,1,0,1],[0,0,1,0]]",2,0.028533198169706286
level2_receiver_side_info,1085,"[[0,0,0,0,0,1,0,1],[0,1,0,1],[0,0,1,0]]",4,0.04569715870744956
level2_receiver_side_info,1085,"[[0,0,0,0,0,1,0,1],[0,1,0,1],[0,0,1,0]]",8,0.0647237743260059
level2_receiver_side_info,1085,"[[0,0,0,0,0,1,0,1],[0,1,0,1],[0,0,1,0]]",16,0.08128352549864842
level2_receiver_side_info,1085,"[[0,0,0,0,0,1,0,1],[0,1,0,1],[0,0,1,0]]",32,0.09305028484361938
level2_receiver_side_info,1086,"[[0,0,0,0,0,1,0,1],[0,1,0,1],[0,0,1,1]]",0,0.0
level2_receiver_side_info,1086,"[[0,0,0,0,0,1,0,1],[0,1,0,1],[0,0,1,1]]",1,0.05860388034055081
level2_receiver_side_info,1086,"[[0,0,0,0,0,1,0,1],[0,1,0,1],[0,0,1,1]]",2,0.10360963497554826
level2_receiver_side_info,1086,"[[0,0,0,0,0,1,0,1],[0,1,0,1],[0,0,1,1]]",4,0.16586347534839643
level2_receiver_side_info,1086,"[[0,0,0,0,0,1,0,1],[0,1,0,1],[0,0,1,1]]",8,0.23177388954021425
level2_receiver_side_info,1086,"[[0,0,0,0,0,1,0,1],[0,1,0,1],[0,0,1,1]]",16,0.2829520729874759
level2_receiver_side_info,1086,"[[0,0,0,0,0,1,0,1],[0,1,0,1],[0,0,1,1]]",32,0.3139496737296405
level2_receiver_side_info,1087,"[[0,0,0,0,0,1,0,1],[0,1,0,1],[0,1,0,0]]",0,0.0
level2_receiver_side_info,1087,"[[0,0,0,0,0,1,0,1],[0,1,0,1],[0,1,0,0]]",1,0.01621124580150446
level2_receiver_side_info,1087,"[[0,0,0,0,0,1,0,1],[0,1,0,1],[0,1,0,0]]",2,0.028533198169706286
level2_receiver_side_info,1087,"[[0,0,0,0,0,1,0,1],[0,1,0,1],[0,1,0,0]]",4,0.0456971587074495
level2_receiver_side_info,1087,"[[0,0,0,0,0,1,0,1],[0,1,0,1],[0,1,0,0]]",8,0.0647237743260059
level2_receiver_side_info,1087,"[[0,0,0,0,0,1,0,1],[0,1,0,1],[0,1,0,0]]",16,0.08128352549864842
level2_receiver_side_info,1087,"[[0,0,0,0,0,1,0,1],[0,1,0,1],[0,1,0,0]]",32,0.09305028484361932
level2_receiver_side_info,1088,"[[0,0,0,0,0,1,0,1],[0,1,0,1],[0,1,1,1]]",0,0.0
level2_receiver_side_info,1088,"[[0,0,0,0,0,1,0,1],[0,1,0,1],[0,1,1,1]]",1,0.01621124580150446
level2_receiver_side_info,1088,"[[0,0,0,0,0,1,0,1],[0,1,0,1],[0,1,1,1]]",2,0.028533198169706286
level2_receiver_side_info,1088,"[[0,0,0,0,0,1,0,1],[0,1,0,1],[0,1,1,1]]",4,0.045697158707449614
level2_receiver_side_info,1088,"[[0,0,0,0,0,1,0,1],[0,1,0,1],[0,1,1,1]]",8,0.0647237743260059
level2_receiver_side_info,1088,"[[0,0,0,0,0,1,0,1],[0,1,0,1],[0,1,1,1]]",16,0.08128352549864842
level2_receiver_side_info,1088,"[[0,0,0,0,0,1,0,1],[0,1,0,1],[0,1,1,1]]",32,0.09305028484361938
level2_receiver_side_info,1089,"[[0,0,0,0,0,1,0,1],[0,1,1,0],[0,0,0,1]]",0,0.0
level2_receiver_side_info,1089,"[[0,0,0,0,0,1,0,1],[0,1,1,0],[0,0,0,1]]",1,0.01621124580150446
level2_receiver_side_info,1089,"[[0,0,0,0,0,1,0,1],[0,1,1,0],[0,0,0,1]]",2,0.028533198169706342
level2_receiver_side_info,1089,"[[0,0,0,0,0,1,0,1],[0,1,1,0],[0,0,0,1]]",4,0.0456971587074495
level2_receiver_side_info,1089,"[[0,0,0,0,0,1,0,1],[0,1,1,0],[0,0,0,1]]",8,0.0647237743260059
level2_receiver_side_info,1089,"[[0,0,0,0,0,1,0,1],[0,1,1,0],[0,0,0,1]]",16,0.08128352549864837
level2_receiver_side_info,1089,"[[0,0,0,0,0,1,0,1],[0,1,1,0],[0,0,0,1]]",32,0.09305028484361938
level2_receiver_side_info,1090,"[[0,0,0,0,0,1,0,1],[0,1,1,0],[0,0,1,0]]",0,0.0
level2_receiver_side_info,1090,"[[0,0,0,0,0,1,0,1],[0,1,1,0],[0,0,1,0]]",1,0.01621124580150446
level2_receiver_side_info,1090,"[[0,0,0,0,0,1,0,1],[0,1,1,0],[0,0,1,0]]",2,0.028533198169706286
level2_receiver_side_info,1090,"[[0,0,0,0,0,1,0,1],[0,1,1,0],[0,0,1,0]]",4,0.04569715870744956
level2_receiver_side_info,1090,"[[0,0,0,0,0,1,0,1],[0,1,1,0],[0,0,1,0]]",8,0.0647237743260059
level2_receiver_side_info,1090,"[[0,0,0,0,0,1,0,1],[0,1,1,0],[0,0,1,0]]",16,0.08128352549864842
level2_receiver_side_info,1090,"[[0,0,0,0,0,1,0,1],[0,1,1,0],[0,0,1,0]]",32,0.09305028484361938
level2_receiver_side_info,1091,"[[0,0,0,0,0,1,0,1],[0,1,1,0],[0,0,1,1]]",0,0.0
level2_receiver_side_info,1091,"[[0,0,0,0,0,1,0,1],[0,1,1,0],[0,0,1,1]]",1,0.05860388034055081
level2_receiver_side_info,1091,"[[0,0,0,0,0,1,0,1],[0,1,1,0],[0,0,1,1]]",2,0.10360963497554826
level2_receiver_side_info,1091,"[[0,0,0,0,0,1,0,1],[0,1,1,0],[0,0,1,1]]",4,0.16586347534839643
level2_receiver_side_info,1091,"[[0,0,0,0,0,1,0,1],[0,1,1,0],[0,0,1,1]]",8,0.23177388954021425
level2_receiver_side_info,1091,"[[0,0,0,0,0,1,0,1],[0,1,1,0],[0,0,1,1]]",16,0.2829520729874759
level2_receiver_side_info,1091,"[[0,0,0,0,0,1,0,1],[0,1,1,0],[0,0,1,1]]",32,0.3139496737296405
level2_receiver_side_info,1092,"[[0,0,0,0,0,1,0,1],[0,1,1,0],[0,1,0,0]]",0,0.0
level2_receiver_side_info,1092,"[[0,0,0,0,0,1,0,1],[0,1,1,0],[0,1,0,0]]",1,0.01621124580150446
level2_receiver_side_info,1092,"[[0,0,0,0,0,1,0,1],[0,1,1,0],[0,1,0,0]]",2,0.028533198169706286
level2_receiver_side_info,1092,"[[0,0,0,0,0,1,0,1],[0,1,1,0],[0,1,0,0]]",4,0.0456971587074495
level2_receiver_side_info,1092,"[[0,0,0,0,0,1,0,1],[0,1,1,0],[0,1,0,0]]",8,0.0647237743260059
level2_receiver_side_info,1092,"[[0,0,0,0,0,1,0,1],[0,1,1,0],[0,1,0,0]]",16,0.08128352549864842
level2_receiver_side_info,1092,"[[0,0,0,0,0,1,0,1],[0,1,1,0],[0,1,0,0]]",32,0.09305028484361932
level2_receiver_side_info,1093,"[[0,0,0,0,0,1,0,1],[0,1,1,0],[0,1,1,1]]",0,0.0
level2_receiver_side_info,1093,"[[0,0,0,0,0,1,0,1],[0,1,1,0],[0,1,1,1]]",1,0.01621124580150446
level2_receiver_side_info,1093,"[[0,0,0,0,0,1,0,1],[0,1,1,0],[0,1,1,1]]",2,0.028533198169706286
level2_receiver_side_info,1093,"[[0,0,0,0,0,1,0,1],[0,1,1,0],[0,1,1,1]]",4,0.045697158707449614
level2_receiver_side_info,1093,"[[0,0,0,0,0,1,0,1],[0,1,1,0],[0,1,1,1]]",8,0.0647237743260059
level2_receiver_side_info,1093,"[[0,0,0,0,0,1,0,1],[0,1,1,0],[0,1,1,1]]",16,0.08128352549864842
level2_receiver_side_info,1093,"[[0,0,0,0,0,1,0,1],[0,1,1,0],[0,1,1,1]]",32,0.09305028484361938
level2_receiver_side_info,1094,"[[0,0,0,0,0,1,0,1],[0,1,1,0],[1,1,1,0]]",0,0.0
level2_receiver_side_info,1094,"[[0,0,0,0,0,1,0,1],[0,1,1,0],[1,1,1,0]]",1,0.01621124580150446
level2_receiver_side_info,1094,"[[0,0,0,0,0,1,0,1],[0,1,1,0],[1,1,1,0]]",2,0.028533198169706342
level2_receiver_side_info,1094,"[[0,0,0,0,0,1,0,1],[0,1,1,0],[1,1,1,0]]",4,0.0456971587074495
level2_receiver_side_info,1094,"[[0,0,0,0,0,1,0,1],[0,1,1,0],[1,1,1,0]]",8,0.0647237743260059
level2_receiver_side_info,1094,"[[0,0,0,0,0,1,0,1],[0,1,1,0],[1,1,1,0]]",16,0.08128352549864837
level2_receiver_side_info,1094,"[[0,0,0,0,0,1,0,1],[0,1,1,0],[1,1,1,0]]",32,0.09305028484361938
level2_receiver_side_info,1095,"[[0,0,0,0,0,1,0,1],[0,1,1,0],[1,1,0,1]]",0,0.0
level2_receiver_side_info,1095,"[[0,0,0,0,0,1,0,1],[0,1,1,0],[1,1,0,1]]",1,0.01621124580150446
level2_receiver_side_info,1095,"[[0,0,0,0,0,1,0,1],[0,1,1,0],[1,1,0,1]]",2,0.028533198169706286
level2_receiver_side_info,1095,"[[0,0,0,0,0,1,0,1],[0,1,1,0],[1,1,0,1]]",4,0.04569715870744956
level2_receiver_side_info,1095,"[[0,0,0,0,0,1,0,1],[0,1,1,0],[1,1,0,1]]",8,0.0647237743260059
level2_receiver_side_info,1095,"[[0,0,0,0,0,1,0,1],[0,1,1,0],[1,1,0,1]]",16,0.08128352549864842
level2_receiver_side_info,1095,"[[0,0,0,0,0,1,0,1],[0,1,1,0],[1,1,0,1]]",32,0.09305028484361938
level2_receiver_side_info,1096,"[[0,0,0,0,0,1,0,1],[0,1,1,0],[1,1,0,0]]",0,0.0
level2_receiver_side_info,1096,"[[0,0,0,0,0,1,0,1],[0,1,1,0],[1,1,0,0]]",1,0.05860388034055081
level2_receiver_side_info,1096,"[[0,0,0,0,0,1,0,1],[0,1,1,0],[1,1,0,0]]",2,0.10360963497554826
level2_receiver_side_info,1096,"[[0,0,0,0,0,1,0,1],[0,1,1,0],[1,1,0,0]]",4,0.16586347534839643
level2_receiver_side_info,1096,"[[0,0,0,0,0,1,0,1],[0,1,1,0],[1,1,0,0]]",8,0.23177388954021425
level2_receiver_side_info,1096,"[[0,0,0,0,0,1,0,1],[0,1,1,0],[1,1,0,0]]",16,0.2829520729874759
level2_receiver_side_info,1096,"[[0,0,0,0,0,1,0,1],[0,1,1,0],[1,1,0,0]]",32,0.3139496737296405
level2_receiver_side_info,1097,"[[0,0,0,0,0,1,0,1],[0,1,1,0],[1,0,1,1]]",0,0.0
level2_receiver_side_info,1097,"[[0,0,0,0,0,1,0,1],[0,1,1,0],[1,0,1,1]]",1,0.01621124580150446
level2_receiver_side_info,1097,"[[0,0,0,0,0,1,0,1],[0,1,1,0],[1,0,1,1]]",2,0.028533198169706286
level2_receiver_side_info,1097,"[[0,0,0,0,0,1,0,1],[0,1,1,0],[1,0,1,1]]",4,0.0456971587074495
level2_receiver_side_info,1097,"[[0,0,0,0,0,1,0,1],[0,1,1,0],[1,0,1,1]]",8,0.0647237743260059
level2_receiver_side_info,1097,"[[0,0,0,0,0,1,0,1],[0,1,1,0],[1,0,1,1]]",16,0.08128352549864842
level2_receiver_side_info,1097,"[[0,0,0,0,0,1,0,1],[0,1,1,0],[1,0,1,1]]",32,0.09305028484361932
level2_receiver_side_info,1098,"[[0,0,0,0,0,1,0,1],[0,1,1,0],[1,0,0,0]]",0,0.0
level2_receiver_side_info,1098,"[[0,0,0,0,0,1,0,1],[0,1,1,0],[1,0,0,0]]",1,0.01621124580150446
level2_receiver_side_info,1098,"[[0,0,0,0,0,1,0,1],[0,1,1,0],[1,0,0,0]]",2,0.028533198169706286
level2_receiver_side_info,1098,"[[0,0,0,0,0,1,0,1],[0,1,1,0],[1,0,0,0]]",4,0.045697158707449614
level2_receiver_side_info,1098,"[[0,0,0,0,0,1,0,1],[0,1,1,0],[1,0,0,0]]",8,0.0647237743260059
level2_receiver_side_info,1098,"[[0,0,0,0,0,1,0,1],[0,1,1,0],[1,0,0,0]]",16,0.08128352549864842
level2_receiver_side_info,1098,"[[0,0,0,0,0,1,0,1],[0,1,1,0],[1,0,0,0]]",32,0.09305028484361938
level2_receiver_side_info,1099,"[[0,0,0,0,0,1,0,1],[0,1,0,1],[1,1,1,0]]",0,0.0
level2_receiver_side_info,1099,"[[0,0,0,0,0,1,0,1],[0,1,0,1],[1,1,1,0]]",1,0.01621124580150446
level2_receiver_side_info,1099,"[[0,0,0,0,0,1,0,1],[0,1,0,1],[1,1,1,0]]",2,0.028533198169706342
level2_receiver_side_info,1099,"[[0,0,0,0,0,1,0,1],[0,1,0,1],[1,1,1,0]]",4,0.0456971587074495
level2_receiver_side_info,1099,"[[0,0,0,0,0,1,0,1],[0,1,0,1],[1,1,1,0]]",8,0.0647237743260059
level2_receiver_side_info,1099,"[[0,0,0,0,0,1,0,1],[0,1,0,1],[1,1,1,0]]",16,0.08128352549864837
level2_receiver_side_info,1099,"[[0,0,0,0,0,1,0,1],[0,1,0,1],[1,1,1,0]]",32,0.09305028484361938
level2_receiver_side_info,1100,"[[0,0,0,0,0,1,0,1],[0,1,0,1],[1,1,0,1]]",0,0.0
level2_receiver_side_info,1100,"[[0,0,0,0,0,1,0,1],[0,1,0,1],[1,1,0,1]]",1,0.01621124580150446
level2_receiver_side_info,1100,"[[0,0,0,0,0,1,0,1],[0,1,0,1],[1,1,0,1]]",2,0.028533198169706286
level2_receiver_side_info,1100,"[[0,0,0,0,0,1,0,1],[0,1,0,1],[1,1,0,1]]",4,0.04569715870744956
level2_receiver_side_info,1100,"[[0,0,0,0,0,1,0,1],[0,1,0,1],[1,1,0,1]]",8,0.0647237743260059
level2_receiver_side_info,1100,"[[0,0,0,0,0,1,0,1],[0,1,0,1],[1,1,0,1]]",16,0.08128352549864842
level2_receiver_side_info,1100,"[[0,0,0,0,0,1,0,1],[0,1,0,1],[1,1,0,1]]",32,0.09305028484361938
level2_receiver_side_info,1101,"[[0,0,0,0,0,1,0,1],[0,1,0,1],[1,1,0,0]]",0,0.0
level2_receiver_side_info,1101,"[[0,0,0,0,0,1,0,1],[0,1,0,1],[1,1,0,0]]",1,0.05860388034055081
level2_receiver_side_info,1101,"[[0,0,0,0,0,1,0,1],[0,1,0,1],[1,1,0,0]]",2,0.10360963497554826
level2_receiver_side_info,1101,"[[0,0,0,0,0,1,0,1],[0,1,0,1],[1,1,0,0]]",4,0.16586347534839643
level2_receiver_side_info,1101,"[[0,0,0,0,0,1,0,1],[0,1,0,1],[1,1,0,0]]",8,0.23177388954021425
level2_receiver_side_info,1101,"[[0,0,0,0,0,1,0,1],[0,1,0,1],[1,1,0,0]]",16,0.2829520729874759
level2_receiver_side_info,1101,"[[0,0,0,0,0,1,0,1],[0,1,0,1],[1,1,0,0]]",32,0.3139496737296405
level2_receiver_side_info,1102,"[[0,0,0,0,0,1,0,1],[0,1,0,1],[1,0,1,1]]",0,0.0
level2_receiver_side_info,1102,"[[0,0,0,0,0,1,0,1],[0,1,0,1],[1,0,1,1]]",1,0.01621124580150446
level2_receiver_side_info,1102,"[[0,0,0,0,0,1,0,1],[0,1,0,1],[1,0,1,1]]",2,0.028533198169706286
level2_receiver_side_info,1102,"[[0,0,0,0,0,1,0,1],[0,1,0,1],[1,0,1,1]]",4,0.0456971587074495
level2_receiver_side_info,1102,"[[0,0,0,0,0,1,0,1],[0,1,0,1],[1,0,1,1]]",8,0.0647237743260059
level2_receiver_side_info,1102,"[[0,0,0,0,0,1,0,1],[0,1,0,1],[1,0,1,1]]",16,0.08128352549864842
level2_receiver_side_info,1102,"[[0,0,0,0,0,1,0,1],[0,1,0,1],[1,0,1,1]]",32,0.09305028484361932
level2_receiver_side_info,1103,"[[0,0,0,0,0,1,0,1],[0,1,0,1],[1,0,0,0]]",0,0.0
level2_receiver_side_info,1103,"[[0,0,0,0,0,1,0,1],[0,1,0,1],[1,0,0,0]]",1,0.01621124580150446
level2_receiver_side_info,1103,"[[0,0,0,0,0,1,0,1],[0,1,0,1],[1,0,0,0]]",2,0.028533198169706286
level2_receiver_side_info,1103,"[[0,0,0,0,0,1,0,1],[0,1,0,1],[1,0,0,0]]",4,0.045697158707449614
level2_receiver_side_info,1103,"[[0,0,0,0,0,1,0,1],[0,1,0,1],[1,0,0,0]]",8,0.0647237743260059
level2_receiver_side_info,1103,"[[0,0,0,0,0,1,0,1],[0,1,0,1],[1,0,0,0]]",16,0.08128352549864842
level2_receiver_side_info,1103,"[[0,0,0,0,0,1,0,1],[0,1,0,1],[1,0,0,0]]",32,0.09305028484361938
level2_receiver_side_info,1104,"[[0,0,0,0,0,1,0,0],[0,0,0,1],[1,1,0,1]]",0,0.007042719241674045
level2_receiver_side_info,1104,"[[0,0,0,0,0,1,0,0],[0,0,0,1],[1,1,0,1]]",1,0.043652143186217685
level2_receiver_side_info,1104,"[[0,0,0,0,0,1,0,0],[0,0,0,1],[1,1,0,1]]",2,0.07195128098324621
level2_receiver_side_info,1104,"[[0,0,0,0,0,1,0,0],[0,0,0,1],[1,1,0,1]]",4,0.11242296217865763
level2_receiver_side_info,1104,"[[0,0,0,0,0,1,0,0],[0,0,0,1],[1,1,0,1]]",8,0.1585495660446091
level2_receiver_side_info,1104,"[[0,0,0,0,0,1,0,0],[0,0,0,1],[1,1,0,1]]",16,0.1970262602525634
level2_receiver_side_info,1104,"[[0,0,0,0,0,1,0,0],[0,0,0,1],[1,1,0,1]]",32,0.2196961455373196
level2_receiver_side_info,1105,"[[0,0,0,0,0,1,0,0],[0,1,0,0],[1,1,0,1]]",0,0.007042719241673989
level2_receiver_side_info,1105,"[[0,0,0,0,0,1,0,0],[0,1,0,0],[1,1,0,1]]",1,0.043652143186217685
level2_receiver_side_info,1105,"[[0,0,0,0,0,1,0,0],[0,1,0,0],[1,1,0,1]]",2,0.07195128098324621
level2_receiver_side_info,1105,"[[0,0,0,0,0,1,0,0],[0,1,0,0],[1,1,0,1]]",4,0.11242296217865763
level2_receiver_side_info,1105,"[[0,0,0,0,0,1,0,0],[0,1,0,0],[1,1,0,1]]",8,0.1585495660446091
level2_receiver_side_info,1105,"[[0,0,0,0,0,1,0,0],[0,1,0,0],[1,1,0,1]]",16,0.19702626025256345
level2_receiver_side_info,1105,"[[0,0,0,0,0,1,0,0],[0,1,0,0],[1,1,0,1]]",32,0.2196961455373196
level2_receiver_side_info,1106,"[[0,0,0,0,0,1,0,0],[0,1,1,1],[0,0,1,0]]",0,0.007042719241674045
level2_receiver_side_info,1106,"[[0,0,0,0,0,1,0,0],[0,1,1,1],[0,0,1,0]]",1,0.043652143186217685
level2_receiver_side_info,1106,"[[0,0,0,0,0,1,0,0],[0,1,1,1],[0,0,1,0]]",2,0.07195128098324621
level2_receiver_side_info,1106,"[[0,0,0,0,0,1,0,0],[0,1,1,1],[0,0,1,0]]",4,0.11242296217865763
level2_receiver_side_info,1106,"[[0,0,0,0,0,1,0,0],[0,1,1,1],[0,0,1,0]]",8,0.1585495660446091
level2_receiver_side_info,1106,"[[0,0,0,0,0,1,0,0],[0,1,1,1],[0,0,1,0]]",16,0.19702626025256345
level2_receiver_side_info,1106,"[[0,0,0,0,0,1,0,0],[0,1,1,1],[0,0,1,0]]",32,0.2196961455373196
level2_receiver_side_info,1107,"[[0,0,0,0,0,1,0,0],[0,1,1,1],[0,0,1,0]]",0,0.007042719241674045
level2_receiver_side_info,1107,"[[0,0,0,0,0,1,0,0],[0,1,1,1],[0,0,1,0]]",1,0.043652143186217685
level2_receiver_side_info,1107,"[[0,0,0,0,0,1,0,0],[0,1,1,1],[0,0,1,0]]",2,0.07195128098324621
level2_receiver_side_info,1107,"[[0,0,0,0,0,1,0,0],[0,1,1,1],[0,0,1,0]]",4,0.11242296217865763
level2_receiver_side_info,1107,"[[0,0,0,0,0,1,0,0],[0,1,1,1],[0,0,1,0]]",8,0.1585495660446091
level2_receiver_side_info,1107,"[[0,0,0,0,0,1,0,0],[0,1,1,1],[0,0,1,0]]",16,0.19702626025256345
level2_receiver_side_info,1107,"[[0,0,0,0,0,1,0,0],[0,1,1,1],[0,0,1,0]]",32,0.2196961455373196
level2_receiver_side_info,1108,"[[0,0,0,0,0,1,0,0],[0,1,0,0],[1,1,0,1]]",0,0.007042719241673989
level2_receiver_side_info,1108,"[[0,0,0,0,0,1,0,0],[0,1,0,0],[1,1,0,1]]",1,0.043652143186217685
level2_receiver_side_info,1108,"[[0,0,0,0,0,1,0,0],[0,1,0,0],[1,1,0,1]]",2,0.07195128098324621
level2_receiver_side_info,1108,"[[0,0,0,0,0,1,0,0],[0,1,0,0],[1,1,0,1]]",4,0.11242296217865763
level2_receiver_side_info,1108,"[[0,0,0,0,0,1,0,0],[0,1,0,0],[1,1,0,1]]",8,0.1585495660446091
level2_receiver_side_info,1108,"[[0,0,0,0,0,1,0,0],[0,1,0,0],[1,1,0,1]]",16,0.19702626025256345
level2_receiver_side_info,1108,"[[0,0,0,0,0,1,0,0],[0,1,0,0],[1,1,0,1]]",32,0.2196961455373196
level2_receiver_side_info,1109,"[[0,0,0,0,0,1,0,0],[0,0,0,1],[1,1,0,1]]",0,0.007042719241674045
level2_receiver_side_info,1109,"[[0,0,0,0,0,1,0,0],[0,0,0,1],[1,1,0,1]]",1,0.043652143186217685
level2_receiver_side_info,1109,"[[0,0,0,0,0,1,0,0],[0,0,0,1],[1,1,0,1]]",2,0.07195128098324621
level2_receiver_side_info,1109,"[[0,0,0,0,0,1,0,0],[0,0,0,1],[1,1,0,1]]",4,0.11242296217865763
level2_receiver_side_info,1109,"[[0,0,0,0,0,1,0,0],[0,0,0,1],[1,1,0,1]]",8,0.1585495660446091
level2_receiver_side_info,1109,"[[0,0,0,0,0,1,0,0],[0,0,0,1],[1,1,0,1]]",16,0.1970262602525634
level2_receiver_side_info,1109,"[[0,0,0,0,0,1,0,0],[0,0,0,1],[1,1,0,1]]",32,0.2196961455373196
level2_receiver_side_info,1110,"[[0,0,0,0,0,0,1,1],[0,0,1,0],[1,1,1,0]]",0,0.09116077839697728
level2_receiver_side_info,1110,"[[0,0,0,0,0,0,1,1],[0,0,1,0],[1,1,1,0]]",1,0.14290658343056545
level2_receiver_side_info,1110,"[[0,0,0,0,0,0,1,1],[0,0,1,0],[1,1,1,0]]",2,0.18449810329733946
level2_receiver_side_info,1110,"[[0,0,0,0,0,0,1,1],[0,0,1,0],[1,1,1,0]]",4,0.246861694803569
level2_receiver_side_info,1110,"[[0,0,0,0,0,0,1,1],[0,0,1,0],[1,1,1,0]]",8,0.32298029056872946
level2_receiver_side_info,1110,"[[0,0,0,0,0,0,1,1],[0,0,1,0],[1,1,1,0]]",16,0.39196225193885575
level2_receiver_side_info,1110,"[[0,0,0,0,0,0,1,1],[0,0,1,0],[1,1,1,0]]",32,0.43644344248314637
level2_receiver_side_info,1111,"[[0,0,0,0,0,0,1,1],[0,1,0,0],[1,1,1,0]]",0,0.09116077839697728
level2_receiver_side_info,1111,"[[0,0,0,0,0,0,1,1],[0,1,0,0],[1,1,1,0]]",1,0.14290658343056545
level2_receiver_side_info,1111,"[[0,0,0,0,0,0,1,1],[0,1,0,0],[1,1,1,0]]",2,0.18449810329733946
level2_receiver_side_info,1111,"[[0,0,0,0,0,0,1,1],[0,1,0,0],[1,1,1,0]]",4,0.246861694803569
level2_receiver_side_info,1111,"[[0,0,0,0,0,0,1,1],[0,1,0,0],[1,1,1,0]]",8,0.32298029056872946
level2_receiver_side_info,1111,"[[0,0,0,0,0,0,1,1],[0,1,0,0],[1,1,1,0]]",16,0.39196225193885575
level2_receiver_side_info,1111,"[[0,0,0,0,0,0,1,1],[0,1,0,0],[1,1,1,0]]",32,0.43644344248314637
level2_receiver_side_info,1112,"[[0,0,0,0,0,0,1,1],[0,1,1,1],[0,0,0,1]]",0,0.09116077839697728
level2_receiver_side_info,1112,"[[0,0,0,0,0,0,1,1],[0,1,1,1],[0,0,0,1]]",1,0.14290658343056534
level2_receiver_side_info,1112,"[[0,0,0,0,0,0,1,1],[0,1,1,1],[0,0,0,1]]",2,0.18449810329733946
level2_receiver_side_info,1112,"[[0,0,0,0,0,0,1,1],[0,1,1,1],[0,0,0,1]]",4,0.246861694803569
level2_receiver_side_info,1112,"[[0,0,0,0,0,0,1,1],[0,1,1,1],[0,0,0,1]]",8,0.32298029056872946
level2_receiver_side_info,1112,"[[0,0,0,0,0,0,1,1],[0,1,1,1],[0,0,0,1]]",16,0.39196225193885564
level2_receiver_side_info,1112,"[[0,0,0,0,0,0,1,1],[0,1,1,1],[0,0,0,1]]",32,0.43644344248314637
level2_receiver_side_info,1113,"[[0,0,0,0,0,0,1,1],[0,1,1,1],[0,0,0,1]]",0,0.09116077839697728
level2_receiver_side_info,1113,"[[0,0,0,0,0,0,1,1],[0,1,1,1],[0,0,0,1]]",1,0.14290658343056534
level2_receiver_side_info,1113,"[[0,0,0,0,0,0,1,1],[0,1,1,1],[0,0,0,1]]",2,0.18449810329733946
level2_receiver_side_info,1113,"[[0,0,0,0,0,0,1,1],[0,1,1,1],[0,0,0,1]]",4,0.246861694803569
level2_receiver_side_info,1113,"[[0,0,0,0,0,0,1,1],[0,1,1,1],[0,0,0,1]]",8,0.32298029056872946
level2_receiver_side_info,1113,"[[0,0,0,0,0,0,1,1],[0,1,1,1],[0,0,0,1]]",16,0.39196225193885564
level2_receiver_side_info,1113,"[[0,0,0,0,0,0,1,1],[0,1,1,1],[0,0,0,1]]",32,0.43644344248314637
level2_receiver_side_info,1114,"[[0,0,0,0,0,0,1,1],[0,1,0,0],[1,1,1,0]]",0,0.09116077839697728
level2_receiver_side_info,1114,"[[0,0,0,0,0,0,1,1],[0,1,0,0],[1,1,1,0]]",1,0.14290658343056545
level2_receiver_side_info,1114,"[[0,0,0,0,0,0,1,1],[0,1,0,0],[1,1,1,0]]",2,0.18449810329733946
level2_receiver_side_info,1114,"[[0,0,0,0,0,0,1,1],[0,1,0,0],[1,1,1,0]]",4,0.246861694803569
level2_receiver_side_info,1114,"[[0,0,0,0,0,0,1,1],[0,1,0,0],[1,1,1,0]]",8,0.32298029056872946
level2_receiver_side_info,1114,"[[0,0,0,0,0,0,1,1],[0,1,0,0],[1,1,1,0]]",16,0.39196225193885575
level2_receiver_side_info,1114,"[[0,0,0,0,0,0,1,1],[0,1,0,0],[1,1,1,0]]",32,0.43644344248314637
level2_receiver_side_info,1115,"[[0,0,0,0,0,0,1,1],[0,0,1,0],[1,1,1,0]]",0,0.09116077839697728
level2_receiver_side_info,1115,"[[0,0,0,0,0,0,1,1],[0,0,1,0],[1,1,1,0]]",1,0.14290658343056545
level2_receiver_side_info,1115,"[[0,0,0,0,0,0,1,1],[0,0,1,0],[1,1,1,0]]",2,0.18449810329733946
level2_receiver_side_info,1115,"[[0,0,0,0,0,0,1,1],[0,0,1,0],[1,1,1,0]]",4,0.246861694803569
level2_receiver_side_info,1115,"[[0,0,0,0,0,0,1,1],[0,0,1,0],[1,1,1,0]]",8,0.32298029056872946
level2_receiver_side_info,1115,"[[0,0,0,0,0,0,1,1],[0,0,1,0],[1,1,1,0]]",16,0.39196225193885575
level2_receiver_side_info,1115,"[[0,0,0,0,0,0,1,1],[0,0,1,0],[1,1,1,0]]",32,0.43644344248314637
level2_receiver_side_info,1116,"[[0,0,0,0,0,0,1,0],[0,0,1,0],[1,1,1,0]]",0,0.007042719241674045
level2_receiver_side_info,1116,"[[0,0,0,0,0,0,1,0],[0,0,1,0],[1,1,1,0]]",1,0.04365214318621763
level2_receiver_side_info,1116,"[[0,0,0,0,0,0,1,0],[0,0,1,0],[1,1,1,0]]",2,0.07195128098324627
level2_receiver_side_info,1116,"[[0,0,0,0,0,0,1,0],[0,0,1,0],[1,1,1,0]]",4,0.11242296217865763
level2_receiver_side_info,1116,"[[0,0,0,0,0,0,1,0],[0,0,1,0],[1,1,1,0]]",8,0.1585495660446091
level2_receiver_side_info,1116,"[[0,0,0,0,0,0,1,0],[0,0,1,0],[1,1,1,0]]",16,0.19702626025256345
level2_receiver_side_info,1116,"[[0,0,0,0,0,0,1,0],[0,0,1,0],[1,1,1,0]]",32,0.2196961455373196
level2_receiver_side_info,1117,"[[0,0,0,0,0,0,1,0],[0,1,0,0],[1,1,1,0]]",0,0.007042719241674045
level2_receiver_side_info,1117,"[[0,0,0,0,0,0,1,0],[0,1,0,0],[1,1,1,0]]",1,0.043652143186217574
level2_receiver_side_info,1117,"[[0,0,0,0,0,0,1,0],[0,1,0,0],[1,1,1,0]]",2,0.07195128098324627
level2_receiver_side_info,1117,"[[0,0,0,0,0,0,1,0],[0,1,0,0],[1,1,1,0]]",4,0.11242296217865763
level2_receiver_side_info,1117,"[[0,0,0,0,0,0,1,0],[0,1,0,0],[1,1,1,0]]",8,0.1585495660446091
level2_receiver_side_info,1117,"[[0,0,0,0,0,0,1,0],[0,1,0,0],[1,1,1,0]]",16,0.19702626025256345
level2_receiver_side_info,1117,"[[0,0,0,0,0,0,1,0],[0,1,0,0],[1,1,1,0]]",32,0.2196961455373196
level2_receiver_side_info,1118,"[[0,0,0,0,0,0,1,0],[0,1,1,1],[0,0,0,1]]",0,0.0070427192416741
level2_receiver_side_info,1118,"[[0,0,0,0,0,0,1,0],[0,1,1,1],[0,0,0,1]]",1,0.043652143186217574
level2_receiver_side_info,1118,"[[0,0,0,0,0,0,1,0],[0,1,1,1],[0,0,0,1]]",2,0.07195128098324627
level2_receiver_side_info,1118,"[[0,0,0,0,0,0,1,0],[0,1,1,1],[0,0,0,1]]",4,0.11242296217865763
level2_receiver_side_info,1118,"[[0,0,0,0,0,0,1,0],[0,1,1,1],[0,0,0,1]]",8,0.1585495660446091
level2_receiver_side_info,1118,"[[0,0,0,0,0,0,1,0],[0,1,1,1],[0,0,0,1]]",16,0.19702626025256345
level2_receiver_side_info,1118,"[[0,0,0,0,0,0,1,0],[0,1,1,1],[0,0,0,1]]",32,0.2196961455373196
level2_receiver_side_info,1119,"[[0,0,0,0,0,0,1,0],[0,1,1,1],[0,0,0,1]]",0,0.0070427192416741
level2_receiver_side_info,1119,"[[0,0,0,0,0,0,1,0],[0,1,1,1],[0,0,0,1]]",1,0.043652143186217574
level2_receiver_side_info,1119,"[[0,0,0,0,0,0,1,0],[0,1,1,1],[0,0,0,1]]",2,0.07195128098324627
level2_receiver_side_info,1119,"[[0,0,0,0,0,0,1,0],[0,1,1,1],[0,0,0,1]]",4,0.11242296217865763
level2_receiver_side_info,1119,"[[0,0,0,0,0,0,1,0],[0,1,1,1],[0,0,0,1]]",8,0.1585495660446091
level2_receiver_side_info,1119,"[[0,0,0,0,0,0,1,0],[0,1,1,1],[0,0,0,1]]",16,0.19702626025256345
level2_receiver_side_info,1119,"[[0,0,0,0,0,0,1,0],[0,1,1,1],[0,0,0,1]]",32,0.2196961455373196
level2_receiver_side_info,1120,"[[0,0,0,0,0,0,1,0],[0,1,0,0],[1,1,1,0]]",0,0.007042719241674045
level2_receiver_side_info,1120,"[[0,0,0,0,0,0,1,0],[0,1,0,0],[1,1,1,0]]",1,0.043652143186217574
level2_receiver_side_info,1120,"[[0,0,0,0,0,0,1,0],[0,1,0,0],[1,1,1,0]]",2,0.07195128098324627
level2_receiver_side_info,1120,"[[0,0,0,0,0,0,1,0],[0,1,0,0],[1,1,1,0]]",4,0.11242296217865763
level2_receiver_side_info,1120,"[[0,0,0,0,0,0,1,0],[0,1,0,0],[1,1,1,0]]",8,0.1585495660446091
level2_receiver_side_info,1120,"[[0,0,0,0,0,0,1,0],[0,1,0,0],[1,1,1,0]]",16,0.19702626025256345
level2_receiver_side_info,1120,"[[0,0,0,0,0,0,1,0],[0,1,0,0],[1,1,1,0]]",32,0.2196961455373196
level2_receiver_side_info,1121,"[[0,0,0,0,0,0,1,0],[0,0,1,0],[1,1,1,0]]",0,0.007042719241674045
level2_receiver_side_info,1121,"[[0,0,0,0,0,0,1,0],[0,0,1,0],[1,1,1,0]]",1,0.04365214318621763
level2_receiver_side_info,1121,"[[0,0,0,0,0,0,1,0],[0,0,1,0],[1,1,1,0]]",2,0.07195128098324627
level2_receiver_side_info,1121,"[[0,0,0,0,0,0,1,0],[0,0,1,0],[1,1,1,0]]",4,0.11242296217865763
level2_receiver_side_info,1121,"[[0,0,0,0,0,0,1,0],[0,0,1,0],[1,1,1,0]]",8,0.1585495660446091
level2_receiver_side_info,1121,"[[0,0,0,0,0,0,1,0],[0,0,1,0],[1,1,1,0]]",16,0.19702626025256345
level2_receiver_side_info,1121,"[[0,0,0,0,0,0,1,0],[0,0,1,0],[1,1,1,0]]",32,0.2196961455373196
level2_receiver_side_info,1122,"[[0,0,0,0,0,0,0,1],[0,0,1,0],[1,1,1,0]]",0,0.007042719241674045
level2_receiver_side_info,1122,"[[0,0,0,0,0,0,0,1],[0,0,1,0],[1,1,1,0]]",1,0.04365214318621763
level2_receiver_side_info,1122,"[[0,0,0,0,0,0,0,1],[0,0,1,0],[1,1,1,0]]",2,0.07195128098324627
level2_receiver_side_info,1122,"[[0,0,0,0,0,0,0,1],[0,0,1,0],[1,1,1,0]]",4,0.11242296217865766
level2_receiver_side_info,1122,"[[0,0,0,0,0,0,0,1],[0,0,1,0],[1,1,1,0]]",8,0.1585495660446091
level2_receiver_side_info,1122,"[[0,0,0,0,0,0,0,1],[0,0,1,0],[1,1,1,0]]",16,0.1970262602525635
level2_receiver_side_info,1122,"[[0,0,0,0,0,0,0,1],[0,0,1,0],[1,1,1,0]]",32,0.2196961455373196
level2_receiver_side_info,1123,"[[0,0,0,0,0,0,0,1],[0,1,0,0],[1,1,1,0]]",0,0.007042719241674045
level2_receiver_side_info,1123,"[[0,0,0,0,0,0,0,1],[0,1,0,0],[1,1,1,0]]",1,0.04365214318621763
level2_receiver_side_info,1123,"[[0,0,0,0,0,0,0,1],[0,1,0,0],[1,1,1,0]]",2,0.07195128098324627
level2_receiver_side_info,1123,"[[0,0,0,0,0,0,0,1],[0,1,0,0],[1,1,1,0]]",4,0.11242296217865771
level2_receiver_side_info,1123,"[[0,0,0,0,0,0,0,1],[0,1,0,0],[1,1,1,0]]",8,0.1585495660446091
level2_receiver_side_info,1123,"[[0,0,0,0,0,0,0,1],[0,1,0,0],[1,1,1,0]]",16,0.1970262602525635
level2_receiver_side_info,1123,"[[0,0,0,0,0,0,0,1],[0,1,0,0],[1,1,1,0]]",32,0.2196961455373196
level2_receiver_side_info,1124,"[[0,0,0,0,0,0,0,1],[0,1,1,1],[0,0,0,1]]",0,0.0070427192416741
level2_receiver_side_info,1124,"[[0,0,0,0,0,0,0,1],[0,1,1,1],[0,0,0,1]]",1,0.04365214318621763
level2_receiver_side_info,1124,"[[0,0,0,0,0,0,0,1],[0,1,1,1],[0,0,0,1]]",2,0.07195128098324627
level2_receiver_side_info,1124,"[[0,0,0,0,0,0,0,1],[0,1,1,1],[0,0,0,1]]",4,0.11242296217865771
level2_receiver_side_info,1124,"[[0,0,0,0,0,0,0,1],[0,1,1,1],[0,0,0,1]]",8,0.1585495660446091
level2_receiver_side_info,1124,"[[0,0,0,0,0,0,0,1],[0,1,1,1],[0,0,0,1]]",16,0.1970262602525635
level2_receiver_side_info,1124,"[[0,0,0,0,0,0,0,1],[0,1,1,1],[0,0,0,1]]",32,0.2196961455373196
level2_receiver_side_info,1125,"[[0,0,0,0,0,0,0,1],[0,1,1,1],[0,0,0,1]]",0,0.0070427192416741
level2_receiver_side_info,1125,"[[0,0,0,0,0,0,0,1],[0,1,1,1],[0,0,0,1]]",1,0.04365214318621763
level2_receiver_side_info,1125,"[[0,0,0,0,0,0,0,1],[0,1,1,1],[0,0,0,1]]",2,0.07195128098324627
level2_receiver_side_info,1125,"[[0,0,0,0,0,0,0,1],[0,1,1,1],[0,0,0,1]]",4,0.11242296217865771
level2_receiver_side_info,1125,"[[0,0,0,0,0,0,0,1],[0,1,1,1],[0,0,0,1]]",8,0.1585495660446091
level2_receiver_side_info,1125,"[[0,0,0,0,0,0,0,1],[0,1,1,1],[0,0,0,1]]",16,0.1970262602525635
level2_receiver_side_info,1125,"[[0,0,0,0,0,0,0,1],[0,1,1,1],[0,0,0,1]]",32,0.2196961455373196
level2_receiver_side_info,1126,"[[0,0,0,0,0,0,0,1],[0,1,0,0],[1,1,1,0]]",0,0.007042719241674045
level2_receiver_side_info,1126,"[[0,0,0,0,0,0,0,1],[0,1,0,0],[1,1,1,0]]",1,0.04365214318621763
level2_receiver_side_info,1126,"[[0,0,0,0,0,0,0,1],[0,1,0,0],[1,1,1,0]]",2,0.07195128098324627
level2_receiver_side_info,1126,"[[0,0,0,0,0,0,0,1],[0,1,0,0],[1,1,1,0]]",4,0.11242296217865771
level2_receiver_side_info,1126,"[[0,0,0,0,0,0,0,1],[0,1,0,0],[1,1,1,0]]",8,0.1585495660446091
level2_receiver_side_info,1126,"[[0,0,0,0,0,0,0,1],[0,1,0,0],[1,1,1,0]]",16,0.1970262602525635
level2_receiver_side_info,1126,"[[0,0,0,0,0,0,0,1],[0,1,0,0],[1,1,1,0]]",32,0.2196961455373196
level2_receiver_side_info,1127,"[[0,0,0,0,0,0,0,1],[0,0,1,0],[1,1,1,0]]",0,0.007042719241674045
level2_receiver_side_info,1127,"[[0,0,0,0,0,0,0,1],[0,0,1,0],[1,1,1,0]]",1,0.04365214318621763
level2_receiver_side_info,1127,"[[0,0,0,0,0,0,0,1],[0,0,1,0],[1,1,1,0]]",2,0.07195128098324627
level2_receiver_side_info,1127,"[[0,0,0,0,0,0,0,1],[0,0,1,0],[1,1,1,0]]",4,0.11242296217865766
level2_receiver_side_info,1127,"[[0,0,0,0,0,0,0,1],[0,0,1,0],[1,1,1,0]]",8,0.1585495660446091
level2_receiver_side_info,1127,"[[0,0,0,0,0,0,0,1],[0,0,1,0],[1,1,1,0]]",16,0.1970262602525635
level2_receiver_side_info,1127,"[[0,0,0,0,0,0,0,1],[0,0,1,0],[1,1,1,0]]",32,0.2196961455373196
